filename,width,height
0093ad4a-image_119_jpeg_jpg.rf.1481953117708592ba0595395ce93dce.jpg,416,416
033a0e9e-image_180_jpeg_jpg.rf.d46d7928147d613f7e410754a90d678f.jpg,416,416
048145f3-door0000276_png_jpg.rf.6bd9027b605c4719dca9c31081dbc70a.jpg,416,416
07220f43-image_111_jpeg_jpg.rf.a075506720c328a6bf89ec316ad0bcf9.jpg,416,416
08c30a4d-image_83_jpeg_jpg.rf.48017a67b7aac18f049bc1c39bb6cc26.jpg,416,416
08c30a4d-image_83_jpeg_jpg.rf.f7b7ee4ce1835db62a7ed9bd11c46159.jpg,416,416
0b92059b-image_12_jpeg_jpg.rf.6ce5852447c0ae0a2a0003583ab5066b.jpg,416,416
0cb6c211ae6966ed_output_jpg.rf.53830bf3b148540f1a469d0692432b82.jpg,640,640
0d19f803-image_142_jpeg_jpg.rf.8c549f30e3b65f1032f29f6ddfa46599.jpg,416,416
0d19f803-image_142_jpeg_jpg.rf.a653d3dee052d7daff87dd954002ad3f.jpg,416,416
0e3f02ce-image_8_jpeg_jpg.rf.580669c1b9f0c478eb8bec080e97a2c5.jpg,416,416
0f746fa4-image_106_jpeg_jpg.rf.2467cd3530b42c88395f7de5ff4bc817.jpg,416,416
0f746fa4-image_106_jpeg_jpg.rf.d55b0de67cc2d316b53e83b15cc40c7c.jpg,416,416
10-1-_jpg.rf.7bde0b27568396769e10e066003e1d73.jpg,640,640
10-101-_jpg.rf.b95233571cd0578ad474e9daa9dd7644.jpg,640,640
10-102-_jpg.rf.2a390273d947f31c5f02b037b741d4b5.jpg,640,640
10-11-_jpg.rf.ded5d01a7895e5d65df0fb99caba747d.jpg,640,640
10-110-_jpg.rf.8eb7d4e30dc2231f9204b36638db72a3.jpg,640,640
10-113-_jpg.rf.790c7723bf794003776b5802b03ebe18.jpg,640,640
10-114-_jpg.rf.def418d1cce2e65c8a88401e1ecea8a7.jpg,640,640
10-120-_jpg.rf.df5fd03341fcb04eaab881aa8692f4cb.jpg,640,640
10-124-_jpg.rf.4f8b011e0097fe36f98633e9dd71f384.jpg,640,640
10-126-_jpg.rf.ff67323ae298ecc94bd1ae75ae68d425.jpg,640,640
10-127-_jpg.rf.fe672054933af273a24db601b67f6eda.jpg,640,640
10-129-_jpg.rf.c26f934ef1619912f294baed0fa6d762.jpg,640,640
10-136-_jpg.rf.fdd230ff3a41450dce2625dfe9f1abe9.jpg,640,640
10-140-_jpg.rf.22cce9652c2e8e376c4a020e9b53ea40.jpg,640,640
10-143-_jpg.rf.731d3a0ea6a76b9e9dec0b51944bc107.jpg,640,640
10-147-_jpg.rf.e70e555e0f650c82e4c81067beb38172.jpg,640,640
10-16-_jpg.rf.ba0fc01f693a04f0b619ad660c351842.jpg,640,640
10-165-_jpg.rf.7306f3391da74ecc7b1ff2402ee9fa50.jpg,640,640
10-169-_jpg.rf.23995ed58c8a85cc74409a40da0e1b44.jpg,640,640
10-17-_jpg.rf.1160d8d03c31aa483651d455e473c2b1.jpg,640,640
10-172-_jpg.rf.bc6f00ab2f57cb7bb9f32a8fa92d7cda.jpg,640,640
10-173-_jpg.rf.f5e2f7766c923d60adbff0526fd1672e.jpg,640,640
10-176-_jpg.rf.279fa09d329d40f49437780dd3244e6d.jpg,640,640
10-181-_jpg.rf.2f8d9f536b3d7f70af3b98f9df8ac3f4.jpg,640,640
10-19-_jpg.rf.185d0775759de9325a2015324ffad361.jpg,640,640
10-2-_jpg.rf.38068b0c138cb97b4846d62c2eaf1a99.jpg,640,640
10-202-_jpg.rf.4119a2fe726b036a96305c02dc7c9eaf.jpg,640,640
10-205-_jpg.rf.48af288881c2eba175ba9f95daec3ae2.jpg,640,640
10-206-_jpg.rf.cf9e04f1225965a714f92a7998ef85cb.jpg,640,640
10-208-_jpg.rf.75cb5bfcdf411c4657ec95387ffb760e.jpg,640,640
10-212-_jpg.rf.3f81b359e20c46521fb9e3fe11ac7256.jpg,640,640
10-217-_jpg.rf.9aa9e75323528d03d0970fe51dabbbec.jpg,640,640
10-223-_jpg.rf.97f9bb7e9a2e1ff445d64af051b3d5d7.jpg,640,640
10-229-_jpg.rf.c7a4f1b7c7fb987a1cf1a41559f991c3.jpg,640,640
10-239-_jpg.rf.20e2ed8958c2fbc273df5cf7ef51f152.jpg,640,640
10-244-_jpg.rf.ffcfec78fa1c84bb526615835d3842eb.jpg,640,640
10-245-_jpg.rf.0396e3a99a2ab88eeb2a534adc4c5dd5.jpg,640,640
10-248-_jpg.rf.774d98a401e22d57b5fefb60cae5e6f6.jpg,640,640
10-25-_jpg.rf.db07cd3a81dae069fd064a7ee47ba5f3.jpg,640,640
10-256-_jpg.rf.7608bf76045d22b03ea569c7372e61fb.jpg,640,640
10-260-_jpg.rf.2f3c9d31fe80ceb72e8868d3d1c6ca29.jpg,640,640
10-261-_jpg.rf.f0a18f8a514b839218c582cf7af79b18.jpg,640,640
10-262-_jpg.rf.04e300f54dc755976b166ec89dfdca9f.jpg,640,640
10-265-_jpg.rf.0a3470bf6ab19342976a8ec79fd4d158.jpg,640,640
10-269-_jpg.rf.7079cf95dc3d0152838565480e7d4f6b.jpg,640,640
10-273-_jpg.rf.48cc6f6d1983b1e6fd12630f8e06bde2.jpg,640,640
10-274-_jpg.rf.2c29bfe3d518abf4710d33a81aa59d1f.jpg,640,640
10-276-_jpg.rf.90b5381b33367253f35c4de56a9fa79c.jpg,640,640
10-281-_jpg.rf.0a6903851642c699788928e18cde2afe.jpg,640,640
10-288-_jpg.rf.43067019e49efa90c3138ec01fcdfe73.jpg,640,640
10-305-_jpg.rf.904ffd46be53abe07e977f60ba7ba6ca.jpg,640,640
10-313-_jpg.rf.2417320130caf30ab494a81a601bc72c.jpg,640,640
10-315-_jpg.rf.f88145b0f99facdd96195de54c33abfa.jpg,640,640
10-316-_jpg.rf.ba2f3e494d82d33211204a337c68a0e7.jpg,640,640
10-325-_jpg.rf.7047544bccb7ca051d086462f4497389.jpg,640,640
10-33-_jpg.rf.ffe43acf6bb6bdfe214ed28163a14707.jpg,640,640
10-332-_jpg.rf.1c430aa1a3adcaafed56a1e50c350744.jpg,640,640
10-334-_jpg.rf.147f34ea645c11e44c9d87dd153205eb.jpg,640,640
10-34-_jpg.rf.ab4d6e14c9673afb09214519dc12e0a7.jpg,640,640
10-35-_jpg.rf.0fac155b3b3d1bed657833a904d1310b.jpg,640,640
10-351-_jpg.rf.835c8fb1e87e03400aa0b79c88f98663.jpg,640,640
10-352-_jpg.rf.b8b597b43e339752ab382395071094f9.jpg,640,640
10-353-_jpg.rf.9d7e50a7bc630a33a5bc922cbce82e06.jpg,640,640
10-355-_jpg.rf.40966ca6591728d5f87080e623daa94d.jpg,640,640
10-356-_jpg.rf.51602f095442d1c0a677d8913d78e249.jpg,640,640
10-359-_jpg.rf.445c907719ac5681eaa7599a1e5ee72d.jpg,640,640
10-360-_jpg.rf.47aefffa6d54b4285b3418d7f0d7df39.jpg,640,640
10-361-_jpg.rf.e594ae80809dc78c0de940dcd2790237.jpg,640,640
10-369-_jpg.rf.92abe8a31311f7693eb8ea3bc566e90e.jpg,640,640
10-371-_jpg.rf.8ac2bc95fa919fd351f85bd571d292e3.jpg,640,640
10-372-_jpg.rf.ec428de70f1e8f6b54aea91d03b6ce26.jpg,640,640
10-374-_jpg.rf.e5b01afb2c454112da59f77b628ec5b0.jpg,640,640
10-392-_jpg.rf.b079e772c4570bb5fa98c4c1da91bcdf.jpg,640,640
10-393-_jpg.rf.880efd7b3239eb32bafe8aee77254d12.jpg,640,640
10-396-_jpg.rf.a07005c7d6c4c5b3a242ad209187a334.jpg,640,640
10-400-_jpg.rf.27880639a384f83e7560d78159a4ba80.jpg,640,640
10-402-_jpg.rf.facae6ab4074e92f244a12e2ffcfd41e.jpg,640,640
10-411-_jpg.rf.8b7aa5d7ff51461a8abb30bcfbf7ff04.jpg,640,640
10-417-_jpg.rf.ad6e68fc92340ece574dbedd1641fffa.jpg,640,640
10-418-_jpg.rf.966785931d81829a35756ae9c662bfde.jpg,640,640
10-419-_jpg.rf.61cb050b184d310719f7d9a292b1bddd.jpg,640,640
10-421-_jpg.rf.83f1a530973e5fb107ca964983d69ff9.jpg,640,640
10-424-_jpg.rf.21dcc0680b74d7f28674447fcb43868f.jpg,640,640
10-425-_jpg.rf.34e54a9357ed07da5b25e1fc9d24d93d.jpg,640,640
10-432-_jpg.rf.b6d10b72d40d8f6efeebd6fee9ce903b.jpg,640,640
10-436-_jpg.rf.accd1e5e10b58a9fea91545bbe13e343.jpg,640,640
10-444-_jpg.rf.f5764d037a9bd1e716662bbfa9e0c636.jpg,640,640
10-453-_jpg.rf.88f4a0f2e1d0de3ca882b8a5bed69831.jpg,640,640
10-46-_jpg.rf.78919091c1a86eb69c96575c16607578.jpg,640,640
10-460-_jpg.rf.8a633ad1a765e5c49078ceadd52473c1.jpg,640,640
10-47-_jpg.rf.f185cd2d65b74c4c92ac4786de303839.jpg,640,640
10-472-_jpg.rf.89ad39b37449bb98f6cccc3ef7f92a20.jpg,640,640
10-481-_jpg.rf.b1335efe2bdb38b50f6ceaed5487bffe.jpg,640,640
10-483-_jpg.rf.2fcd187572a98ab7676242401e0bca73.jpg,640,640
10-485-_jpg.rf.4f5b0168dfd48c20105147235c3e0f06.jpg,640,640
10-486-_jpg.rf.b03f6070153b821f38ed0a6508259415.jpg,640,640
10-487-_jpg.rf.4c1ed54e0ba5c90cb95b4f1c33dbbbde.jpg,640,640
10-488-_jpg.rf.1dbee4688d8410994becf21c89ad5ce9.jpg,640,640
10-489-_jpg.rf.77080fba114a6ae1d40b72253d6215ff.jpg,640,640
10-49-_jpg.rf.7abff82e4dbeeea152c139c1762d4683.jpg,640,640
10-490-_jpg.rf.9e3069bb057efac9b2971c757b4681b9.jpg,640,640
10-491-_jpg.rf.7ccc4f65421feaf24eaa2fa035dcccb7.jpg,640,640
10-492-_jpg.rf.d062c3891c5e7b4724015a8addf176dd.jpg,640,640
10-493-_jpg.rf.778edb0acdf8d922e55f7f0fc10cad4d.jpg,640,640
10-494-_jpg.rf.d2d2cc3c12d611a67c876e3c5ac37cbb.jpg,640,640
10-496-_jpg.rf.75d275d9ac7727f0dc67a024190a45a4.jpg,640,640
10-497-_jpg.rf.6c235a82cf3d5eb1ef1ce7e3d043f3d6.jpg,640,640
10-498-_jpg.rf.fade5aac98debcec0da3bd1f1d5164ac.jpg,640,640
10-499-_jpg.rf.93e011c38229664b8912a57ba866474c.jpg,640,640
10-50-_jpg.rf.d12268261f713116c6e4468c7c172977.jpg,640,640
10-500-_jpg.rf.13e12d74e4518ed08380b7f7911290c8.jpg,640,640
10-501-_jpg.rf.12c1274aaf1ee6c4c2c2e96971d63fcf.jpg,640,640
10-502-_jpg.rf.c6c56ed7ac97af79715aabe4b4c64ed6.jpg,640,640
10-503-_jpg.rf.1c9be1480e4e476e71337ce7bcbde83e.jpg,640,640
10-504-_jpg.rf.e9c9f28bc4793bc9c5a45e5b07010dc4.jpg,640,640
10-505-_jpg.rf.ff98757626b3daceb1b4922440f14c82.jpg,640,640
10-506-_jpg.rf.4c9c2de0f5934296c8e852ea1d2454f4.jpg,640,640
10-507-_jpg.rf.53203d87eea10e11827c3ffffdda52f7.jpg,640,640
10-508-_jpg.rf.22ba1357e32f6a811ddf9a7ef5984339.jpg,640,640
10-509-_jpg.rf.e002e87adba73a7d7ed31f771a35cbe6.jpg,640,640
10-51-_jpg.rf.c136ed61021938e02dbc2f1829c14d70.jpg,640,640
10-512-_jpg.rf.29697049e725a5ec735510f1d72fecaa.jpg,640,640
10-513-_jpg.rf.1ffab0fd6c2584e6568c0210e9511cab.jpg,640,640
10-515-_jpg.rf.6a228732beea758f28efe5dabd8e4226.jpg,640,640
10-516-_jpg.rf.470eefad2d383f258e632626dc64f708.jpg,640,640
10-517-_jpg.rf.aaadacc8be510b496b0e578138ad949c.jpg,640,640
10-518-_jpg.rf.cfac1424e82680454320acf18a673f26.jpg,640,640
10-519-_jpg.rf.0178033c6cb31dee07574d1fe98934d4.jpg,640,640
10-520-_jpg.rf.d4f146347c2054ca38c20257d146bcbd.jpg,640,640
10-521-_jpg.rf.2da51899a55fd5e1f0b4787ac7e7367a.jpg,640,640
10-522-_jpg.rf.bf7aa5749d7679bb2fdc58201185494e.jpg,640,640
10-523-_jpg.rf.2ef6c85e4398757709ccca1f6fbde8d8.jpg,640,640
10-524-_jpg.rf.fc757a314dc0c3818a812ce6fdb2e3a8.jpg,640,640
10-527-_jpg.rf.82bece8c18b8883695e820a240e84822.jpg,640,640
10-528-_jpg.rf.e836be2971497dfc7cdcf3a3bb60a133.jpg,640,640
10-529-_jpg.rf.fbe850d21dc0f5d5a9b73055dbb40ab8.jpg,640,640
10-53-_jpg.rf.e60386edc22f2543c6ca531c8e320c05.jpg,640,640
10-530-_jpg.rf.b0ba0173a5c72577387727c920507bad.jpg,640,640
10-532-_jpg.rf.c234310c1f8967c9a6584a99e8ba324e.jpg,640,640
10-533-_jpg.rf.809903a13938fe3c2fc82ad56aeafae9.jpg,640,640
10-534-_jpg.rf.975694b23170c739471e258db593a942.jpg,640,640
10-536-_jpg.rf.179df5ca628888f6e2988280eaa3c995.jpg,640,640
10-537-_jpg.rf.5c7a2eaae02507519cf2a10e404d51ee.jpg,640,640
10-538-_jpg.rf.338033513606ee2487772e67d98aca08.jpg,640,640
10-539-_jpg.rf.051f5eb34ac9614b34d88015778b4a38.jpg,640,640
10-54-_jpg.rf.bef8bd23d3303e31c429e0200b162de4.jpg,640,640
10-541-_jpg.rf.296f956545292d74d316c07a119f518c.jpg,640,640
10-543-_jpg.rf.6ccacf11c38b6bf4a97f5c0a2e3c6c58.jpg,640,640
10-546-_jpg.rf.d3877a7298d5798f50dad2afe1cb9220.jpg,640,640
10-547-_jpg.rf.0c4ad794f8f4d5d3af8aaef8964b1761.jpg,640,640
10-548-_jpg.rf.4c85daec538cb9114db4f311464b09d0.jpg,640,640
10-549-_jpg.rf.a523b57200847903881f31cbdce1ac1e.jpg,640,640
10-55-_jpg.rf.923b1dfa7f8ffbbbca6729f06d818ca9.jpg,640,640
10-550-_jpg.rf.ef76bbc1e0447db458e8f04959cb1568.jpg,640,640
10-551-_jpg.rf.24c14ddbcc687cc904179687af014c78.jpg,640,640
10-553-_jpg.rf.488de4b8f8f30437ea20819c230ac522.jpg,640,640
10-554-_jpg.rf.a68f2025ac96bae12279b593bf6301fc.jpg,640,640
10-555-_jpg.rf.14bc715558c05d690903bb7afac3df0b.jpg,640,640
10-556-_jpg.rf.e4f4759cc759389126f5e1206ca817f7.jpg,640,640
10-557-_jpg.rf.b6508b33ec8805d5be1c269b7aa86e0e.jpg,640,640
10-558-_jpg.rf.3d4995d7272eeed055f580d23522d610.jpg,640,640
10-559-_jpg.rf.9350e81a70f11a179c90e54be4a54f15.jpg,640,640
10-56-_jpg.rf.07e7cd703273b25aa6f9b2a379886343.jpg,640,640
10-57-_jpg.rf.ad23da744176f529659ea64f537666a3.jpg,640,640
10-58-_jpg.rf.1f4c065d543572961d8c9a97f388257d.jpg,640,640
10-59-_jpg.rf.6215f0d5cc738c7fa4b8950299b730e8.jpg,640,640
10-6-_jpg.rf.cff85e6aeeb1fffc7387d6310d25a428.jpg,640,640
10-60-_jpg.rf.64bdf104e4d7b2f62d56fc5dd70dc9f7.jpg,640,640
10-61-_jpg.rf.4893d990ee8f8acfd8c3989cac8f480c.jpg,640,640
10-62-_jpg.rf.39c115f870b54c7b100cb58fa1cd49d2.jpg,640,640
10-63-_jpg.rf.59a1bd63626c26ecec6e67c6b8bfadc7.jpg,640,640
10-65-_jpg.rf.6ffe6ef1f3836738977072c74b3421c2.jpg,640,640
10-66-_jpg.rf.f0c259f3e4408b2887c718511b5f6c38.jpg,640,640
10-67-_jpg.rf.5eab3dd8c90ff223a512b15651d3ec94.jpg,640,640
10-68-_jpg.rf.a462d64d49f23a985fa2df87ecb05cbd.jpg,640,640
10-70-_jpg.rf.2e5265fb3c9ae8ec85fbd7c4f1f6142b.jpg,640,640
10-71-_jpg.rf.7432d9d9ccd8dd9abf344cb87bde9e0c.jpg,640,640
10-72-_jpg.rf.a484a640c8a2166737401b4d40b230a5.jpg,640,640
10-73-_jpg.rf.c18996954a797d5a9652e0e11c18b78d.jpg,640,640
10-74-_jpg.rf.65d0a357c6c0933cc096dd0be7e604a9.jpg,640,640
10-75-_jpg.rf.42af425c8fb038c061ea94f252d9d5a3.jpg,640,640
10-76-_jpg.rf.a7a041ff84ffdc026492e49b534d1523.jpg,640,640
10-77-_jpg.rf.2a0d6acf3ef02234c3b3dbc7d040db26.jpg,640,640
10-78-_jpg.rf.3b073dd62a5f4a3e731f7a2f86b69d27.jpg,640,640
10-80-_jpg.rf.a8860165eb8c49d312b9feaf1ee44ae6.jpg,640,640
10-81-_jpg.rf.d60d029b7429ddfe64a79b864161f3a1.jpg,640,640
10-82-_jpg.rf.8aac2bda73541098aa3b605df6a7715c.jpg,640,640
10-83-_jpg.rf.5bf729d63883ef1135af86381ac5d726.jpg,640,640
10-84-_jpg.rf.367b875056e74856912d5ee2c1a54c6c.jpg,640,640
10-85-_jpg.rf.bc82b033ce9cdbc625904dc5cdfd7145.jpg,640,640
10-86-_jpg.rf.70641041e40ccadd21a9b8347075f8ab.jpg,640,640
10-88-_jpg.rf.8054309e2bad2324b0264984d2c8d39d.jpg,640,640
10-89-_jpg.rf.dd2b9443560cbbacbfe35e7c6ee11325.jpg,640,640
10-9-_jpg.rf.1ab4d573745790679413e7bfaaaa3f72.jpg,640,640
10-90-_jpg.rf.208ff9baceafb541a421460ff3b72b21.jpg,640,640
10-91-_jpg.rf.516ab6962282bee8b929fba5cead3b9d.jpg,640,640
10-92-_jpg.rf.0498e1df6abb99dd5e1311af277836b9.jpg,640,640
10-93-_jpg.rf.8fd95a640e6e9fc7759f01c55c8e5f94.jpg,640,640
10-94-_jpg.rf.6d69f40e6045185afc59277901b4d8cb.jpg,640,640
10-95-_jpg.rf.6b034e19fee4e3317b82dc231e46c7ef.jpg,640,640
10-96-_jpg.rf.55ff6532c4ca5af019eb84b8f9461135.jpg,640,640
10-98-_jpg.rf.3c7c884a8b7aa2cda0ef8e444b7fe984.jpg,640,640
10-99-_jpg.rf.a7908e330aa415e0438ecaccc2cc734c.jpg,640,640
100_jpg.rf.05e5ba9f3ee6f070ac1f733b051b9b85.jpg,640,640
100_png_jpg.rf.0120900587c17606a19910efa0daf5a0.jpg,640,640
100_png_jpg.rf.07d6bdc9b481d40594cf25cd431c9006.jpg,640,640
100_png_jpg.rf.30bc2201d6a190226315deb81f02631f.jpg,640,640
100_png_jpg.rf.82b93355c02cfe986ff6b056d21d5c68.jpg,640,640
100_png_jpg.rf.d00f6952af222b9216cd0ebc65cce920.jpg,640,640
101_jpg.rf.0ddbac3ec7ffd6f303c0c0e7ed66cd3d.jpg,640,640
101_png_jpg.rf.e18b5a2bf4c07e351fbf9d3e5d511829.jpg,640,640
102_jpg.rf.35c17c49fc6facae111da98759d27a16.jpg,640,640
102_png_jpg.rf.1d1ef001c0f6e5c6580547f34f2e62cb.jpg,640,640
102_png_jpg.rf.66ce94362521863149b1f5d897e6ff66.jpg,640,640
102_png_jpg.rf.915e2c26aed01185c7e0b0c8a60363b7.jpg,640,640
103_jpg.rf.cf14ca2186aab7def3b08fdc4bbac0d1.jpg,640,640
103_png_jpg.rf.1ea65c80280f043b8d3cd591a95b5104.jpg,640,640
103_png_jpg.rf.8d19fc5962ab794de0cde6d0f251d150.jpg,640,640
104_jpg.rf.58e3551b35216db004e707ea4045d790.jpg,640,640
104_png_jpg.rf.274d849ca0ff056780560cc06bdfa519.jpg,640,640
104_png_jpg.rf.e12cfc997b163b87e2545903a531388b.jpg,640,640
105_png_jpg.rf.0028ff5b8e244438dafa3867ca0386d9.jpg,640,640
105_png_jpg.rf.15241336d996239b2a2019dd0451a76a.jpg,640,640
105_png_jpg.rf.7834367173d900ebe6e5df087aa74f3e.jpg,640,640
105_png_jpg.rf.825ce68c1656abec44987ec2bb90e68f.jpg,640,640
105_png_jpg.rf.f78f1a847657b063bcf514791b219a36.jpg,640,640
106_png_jpg.rf.05602ebace1e12b078b561d1ccc9dabf.jpg,640,640
106_png_jpg.rf.6a80d39391b61dbf4b85caa12b1e3780.jpg,640,640
106_png_jpg.rf.abe19eca8f471a5878b1de2d80ab059d.jpg,640,640
106_png_jpg.rf.cd4a5fafdc24b27b1eb88e5505bd61dd.jpg,640,640
106_png_jpg.rf.ea0c43bceb10e03fb6adf213d527424e.jpg,640,640
107_png_jpg.rf.722c4e491a379a2dfa6cbcc532b7ddaa.jpg,640,640
107_png_jpg.rf.a4c53639473b154943595b6779478d8e.jpg,640,640
107_png_jpg.rf.dc3bdfc94f2b85e5f4acfa9b72e7071e.jpg,640,640
108_png_jpg.rf.fe95c33ad15f2291f09b8b2601fdc290.jpg,640,640
109_png_jpg.rf.048431633c13a19067cba820a7d544ed.jpg,640,640
109_png_jpg.rf.65f30c17d7f56b0c3344d960e8ca9491.jpg,640,640
109_png_jpg.rf.74b58c5de8ffa39efc67320a0a5be7e2.jpg,640,640
109_png_jpg.rf.7731644787c38c5c6726bd2e27f754c7.jpg,640,640
109_png_jpg.rf.f267a84bab2cfe015ecd4d4d12124733.jpg,640,640
10_png_jpg.rf.17cf034c041cb5c1df79ed86793fef39.jpg,640,640
10_png_jpg.rf.1f7278580d71ea133f66a0e70c6a4040.jpg,640,640
10_png_jpg.rf.b21641d59a8069ff84f53565dc5d5f0d.jpg,640,640
10_png_jpg.rf.e3c8a9340464ef03c31a9f20b6f77659.jpg,640,640
110_jpg.rf.57138057e2bf1f51062d31b805d66fce.jpg,640,640
110_png_jpg.rf.dde0d0540bbbb3e02c8e5910d29bee21.jpg,640,640
111_jpg.rf.5c2b936553dbe83f3ccd414c06abb904.jpg,640,640
111_png_jpg.rf.725e610865f66ce1000a16bc93879ad4.jpg,640,640
112_jpg.rf.95d5a50d1069ef39164ed535a7caee7a.jpg,640,640
112_png_jpg.rf.a6badac74dec342e6af29520d4a1d3cf.jpg,640,640
112_png_jpg.rf.e4aeba9c0279f4713f80c3a51ac0641d.jpg,640,640
113_png_jpg.rf.e7553477b6f291ef90c93b4a1b81e0b7.jpg,640,640
113_png_jpg.rf.fa29de2f715fbeae2c179d87b0998759.jpg,640,640
114_jpg.rf.df3efc4b73253b3478078c0f7c2626e4.jpg,640,640
115_jpg.rf.42f7cb8b6a9a742d36ecf5c1fff9afcf.jpg,640,640
115_png_jpg.rf.1243a699c66dd2cde73af9a56b2578fd.jpg,640,640
115_png_jpg.rf.159e7d68a3738f1190946bf1204c18e6.jpg,640,640
115_png_jpg.rf.717514252ce1913edada92c26baf200e.jpg,640,640
115_png_jpg.rf.9a0074dcbb9054011b96d95ada4233cb.jpg,640,640
115_png_jpg.rf.d74f49f16732b82d33a21293b7558fc8.jpg,640,640
116_jpg.rf.039783e9142a7bdd5478fdec85abf5c1.jpg,640,640
116_png_jpg.rf.4eda5a7c2a12293974296e537e2337c8.jpg,640,640
116_png_jpg.rf.d8eff8111f2fb746d14c867479fb9438.jpg,640,640
117_jpg.rf.c9e8425890cb2c720d0875ded89d71f0.jpg,640,640
117_png_jpg.rf.49d9e93346699a982e1c909ac8144e85.jpg,640,640
118_jpg.rf.42091a5bce45ebce92a450c647ffa997.jpg,416,416
118_jpg.rf.6eb58c9ebdb08aa2ddee299a4d8202a5.jpg,640,640
118_png_jpg.rf.8e5375ac1dea19286c22746f5f3d7ed3.jpg,640,640
118_png_jpg.rf.ac69f87d37c53ab5f1a37937fb420b11.jpg,640,640
118_png_jpg.rf.b00d73459ae8594c6f3f5d9519a920d6.jpg,640,640
118_png_jpg.rf.c8ffb938d0b62cd6f52a7ca5e5ac6c79.jpg,640,640
119_jpg.rf.9740c6d9fe44acf6a5151a25d7b1bbc9.jpg,416,416
119_jpg.rf.ac1370e648a780ca02ac1083658410ab.jpg,640,640
119_png_jpg.rf.4cecf44aba164fea0f2dd6e07818ca87.jpg,640,640
119_png_jpg.rf.d1bb0541c602ef8dbe648a8f968192f4.jpg,640,640
119_png_jpg.rf.f93ac3c1999cb7bf638a2333a0010301.jpg,640,640
119_png_jpg.rf.fffbc922d202167dfe55fb80b2fd9fee.jpg,640,640
11_png_jpg.rf.f03db381d979ca4569d05256099590d7.jpg,640,640
1203209688_output_jpg.rf.39004dcffa8351c324b0e42b9024a24d.jpg,640,640
120_jpg.rf.3f621c2b31f36882a6cbc053032d8b47.jpg,640,640
120_jpg.rf.9bf37336c09720c879ac8ad9d5dc8fc3.jpg,416,416
120_png_jpg.rf.8e131e9a6f99959b8b10126bfbd52feb.jpg,640,640
120_png_jpg.rf.b30d77f0c61b21e5e2c78b9fcf366247.jpg,640,640
120_png_jpg.rf.bec93f6ec6d1be6b62c534a08d9a9250.jpg,640,640
120_png_jpg.rf.fb7c379881723e20ba00710f5193c938.jpg,640,640
121_jpg.rf.926b40b5a552e5ddec93cf3783336e28.jpg,416,416
121_jpg.rf.dd513032204c89fd9d98445230e79699.jpg,640,640
121_png_jpg.rf.1d7468694ceed4ff5b4ed6e78156159c.jpg,640,640
121_png_jpg.rf.c8cb08840dd15aee279a12727cde34bc.jpg,640,640
121_png_jpg.rf.db5b0343d67c9d1a132084b456a3bb37.jpg,640,640
122_jpg.rf.3786df81da675848d858ba919b262a1c.jpg,640,640
122_png_jpg.rf.03ac6ea62d8661ace1b456ccb27d26c6.jpg,640,640
122_png_jpg.rf.5de0b30a5274804c43f1a75e3952fcbd.jpg,640,640
122_png_jpg.rf.907785ea879ba9b144525ee6e117d918.jpg,640,640
122_png_jpg.rf.c6203fda8f629f45190a5c92992d0393.jpg,640,640
122_png_jpg.rf.ef8c387b7c3f63031c325776f096dd28.jpg,640,640
123_jpg.rf.bb5828cab5a02090ec556455272d01e2.jpg,640,640
123_png_jpg.rf.126280c073e2a305f7c8a0fdb98a8459.jpg,640,640
123_png_jpg.rf.1c60bb7a4aed2220f51ff29ea3ffd3e5.jpg,640,640
123_png_jpg.rf.7d73304856ec505168016a547afe4305.jpg,640,640
123_png_jpg.rf.ed2f37ba69975b69f677acf3552d792b.jpg,640,640
124_jpg.rf.2627bd1c38021add6e50eb66001d2fea.jpg,416,416
124_jpg.rf.3d5e47cd52aa497e216cac3553ca852c.jpg,640,640
124_png_jpg.rf.4c182d53d3d0d9840307a49fe51974e2.jpg,640,640
124_png_jpg.rf.51a4ac1ea643236d9b1a322c1f65208a.jpg,640,640
124_png_jpg.rf.adadaf7c16efa2f75cfd5eb9121d840f.jpg,640,640
125_jpg.rf.1ee9fd52341d5d4a7f41a11c69d5b62c.jpg,640,640
125_jpg.rf.ef79070d36657a73118c54cfb377af4c.jpg,416,416
125_png_jpg.rf.01d42be344406921d9d1aad9c0ccd41c.jpg,640,640
126_jpg.rf.304031e653a348bbc4a08ef191c21fe1.jpg,416,416
126_png_jpg.rf.35c40d088614bce7db92753b20da218a.jpg,640,640
126_png_jpg.rf.37afedfb77bab977ad7a453b6a6cc0cb.jpg,640,640
12722216_output_jpg.rf.81d0cefa0220482cc59377cf46bd88d3.jpg,640,640
127_jpg.rf.cb175c8280ebacdefbb115fbe867ed2c.jpg,640,640
127_png_jpg.rf.0ced2d7d38cc7d506fe0ee4c9d2dceba.jpg,640,640
127_png_jpg.rf.1889cf4a57efbbb0f2df71bf5b1ee91c.jpg,640,640
127_png_jpg.rf.479f8192ad46078dc713a44cc9ea32b8.jpg,640,640
127_png_jpg.rf.b97757c33697a06c13ff5910c46e3558.jpg,640,640
127_png_jpg.rf.f8e08f93f9444990fe0d419727271878.jpg,640,640
128_jpg.rf.2a885a2c7a6e620dbd289a5f788e7ea2.jpg,640,640
128_jpg.rf.b2a87fa4f80fbbdc1f79cab86d20f24c.jpg,416,416
128_png_jpg.rf.9eac80efa1d51afa8998515b9c5efd7a.jpg,640,640
128_png_jpg.rf.b5fd9d4ca20e807d9900a5eedf240823.jpg,640,640
128_png_jpg.rf.ddd1faaf72064aecd0787533f474b9f8.jpg,640,640
129_jpg.rf.f16f93c2390e0703d030be31d18bc741.jpg,416,416
12_jpg.rf.08eaa168ca26c48c6bb99c9b659ba383.jpg,640,640
130_jpg.rf.09ad9cd96bcf5162955f7c7e590f8d5a.jpg,416,416
130_jpg.rf.baec5f8e5cad18d66d3ef4591608ac67.jpg,640,640
130_png_jpg.rf.0381b51a54dd23db8db0d9f208f61618.jpg,640,640
130_png_jpg.rf.0dfc509b9fb6c37faa228a52104c6507.jpg,640,640
130_png_jpg.rf.8651f30ea71958357149caea22b6f606.jpg,640,640
130_png_jpg.rf.ac525a2cb5adf2b64f53ebbf0432ef99.jpg,640,640
131_jpg.rf.d90d8ce0495e7d52d437dc6fc7713e85.jpg,640,640
131_png_jpg.rf.137fd045fd705c724021b313ab8e469f.jpg,640,640
131_png_jpg.rf.8a9e1e478a737ed66eace2b59dc6d8a9.jpg,640,640
131_png_jpg.rf.9dc1b808239267a4d704198504d67c46.jpg,640,640
131_png_jpg.rf.aae6a7d6f5240c33015ce0c7365ffd5d.jpg,640,640
131_png_jpg.rf.d2739d02e87294529b03f1803490e9ff.jpg,640,640
13261bad-image_50_jpeg_jpg.rf.cf031a6db9406d80837b20bd9d116050.jpg,416,416
132_jpg.rf.2f5d7a5f46a46aac0d070da36074c830.jpg,640,640
132_jpg.rf.96d9c3b7bdcca46d8c7ad142d995c2a3.jpg,416,416
132_png_jpg.rf.3fd5d166a69a4ff6b32bdbb33cd9a825.jpg,640,640
133_jpg.rf.9361f91eedd4891f87597d7c03e0598f.jpg,416,416
133_png_jpg.rf.744c45292ec7ba2c6b0a9a27d6ccbe82.jpg,640,640
133_png_jpg.rf.7cc85b4141aa2f6fb4c4083372cc68ee.jpg,640,640
133_png_jpg.rf.daaf3c97cd2475f2c902c92f25f19926.jpg,640,640
133_png_jpg.rf.e99bfbe82a08daef535c392136246d3a.jpg,640,640
133_png_jpg.rf.ee3bce58cffa0be1c1bb19bdc32ec34f.jpg,640,640
134_jpg.rf.60b735a8710cecbf2f81d8caff23f625.jpg,640,640
134_png_jpg.rf.16bf3bc77fbc238a2b2f993022ebc883.jpg,640,640
134_png_jpg.rf.3fcc49014476e79e418b865c02ac26c3.jpg,640,640
134_png_jpg.rf.a4dd52c58f53957436271fbe6c1fa54d.jpg,640,640
134_png_jpg.rf.ff4669f169711ed6c38cb8b0d058a094.jpg,640,640
135_png_jpg.rf.57d3fa34909e61e9ceb747317537537c.jpg,640,640
136_jpg.rf.2df7dfecda0fd3d00e1dd5a5fbd5ba28.jpg,640,640
137_jpg.rf.45b72578a0d66b61cff1b017de2dac90.jpg,416,416
137_jpg.rf.9af6ffc73753a88f0f7630abae8e7074.jpg,640,640
137_png_jpg.rf.41bdad897f826bea52aec1e709dd607c.jpg,640,640
138_jpg.rf.41692e7ba4e8220a547fe991f2c1e27b.jpg,416,416
138_jpg.rf.a02a2b6af26a50c3cb64015832c10f8a.jpg,640,640
138_png_jpg.rf.aba63ae307bee8694677dd8cd8eb58bd.jpg,640,640
138_png_jpg.rf.b01614e7fa463e4f38223e7873bde194.jpg,640,640
138_png_jpg.rf.e28b89429322c2f423f0f4b5d265ec16.jpg,640,640
139_jpg.rf.67e5d15832ec267715db236f80c9cad9.jpg,640,640
139_jpg.rf.d84a3eca754c9d6004530fced12b3ea1.jpg,416,416
139_png_jpg.rf.0212295aa3af86c92d4140885b302538.jpg,640,640
13a70296-image_193_jpeg_jpg.rf.4f79ade6d61cc80553e892d575aabafe.jpg,416,416
13_jpg.rf.2cdd317c1a228b177ebd6c3325c827f0.jpg,640,640
13_output_jpg.rf.0f2b6e06aa44905ab1ff62a412d3f012.jpg,640,640
13_output_jpg.rf.858ce82c2b9374e34d883384daa0a668.jpg,640,640
13_png_jpg.rf.d986ad44b9565fb69702affe75e7366c.jpg,640,640
140_jpg.rf.8fc9479a908301a74206a50d54381a4f.jpg,640,640
140_png_jpg.rf.701c6eeb18fc56fa93e08e7e3e12caca.jpg,640,640
141_png_jpg.rf.12b33f7bf74b57574e009fbbcbf4da74.jpg,640,640
141_png_jpg.rf.462f2216851d81f8fc36f7cc9cee103e.jpg,640,640
142_jpg.rf.7cf9a75d22111c7d3f2485631dd83fb7.jpg,416,416
142_png_jpg.rf.21a137238886eb57e500fd0a9457d208.jpg,640,640
143_png_jpg.rf.c0df1c816f6ab0b28a50d5775a4933a9.jpg,640,640
144_jpg.rf.2305ee28b3d90cc507bcf6da06249122.jpg,416,416
144_jpg.rf.fe321ed66742f3a26fc216541ef905b8.jpg,640,640
144_png_jpg.rf.501412e5db7d0f884d51605e8bf25059.jpg,640,640
144_png_jpg.rf.740b2f90a19f27e17fdc14b3de315682.jpg,640,640
144_png_jpg.rf.b9ae7401aa9acabb3038467c1d989eb9.jpg,640,640
144_png_jpg.rf.f014692287a3daf1d53967cb39484aec.jpg,640,640
144_png_jpg.rf.f53bf696f07ec24239a5cb4080fb1697.jpg,640,640
145_jpg.rf.48c8566f17dbf603a8fd8c2c929c2e88.jpg,416,416
145_png_jpg.rf.f64a797a200bd8d377cdce857862957f.jpg,640,640
146_png_jpg.rf.64d4d8f9b1b914d9fcbf8b31822327c1.jpg,640,640
146_png_jpg.rf.bb8eee96b37cfdbb9a962a55d692b017.jpg,640,640
147_jpg.rf.e171c840112f822a7bd15a6a15e9b42d.jpg,416,416
147_png_jpg.rf.1568779b009250a48bf20fb00c5941e2.jpg,640,640
147_png_jpg.rf.16fe9216b1b1278e5c0722313787a558.jpg,640,640
147_png_jpg.rf.2bc8ead552cfa01fe248225d5ebb78ac.jpg,640,640
147_png_jpg.rf.a236c6be11e1685430af3ba2095e0edf.jpg,640,640
147_png_jpg.rf.ac7286193bfb7743f1079304e2821d36.jpg,640,640
147_png_jpg.rf.c35f610afe1899c55af18d9adcd23a50.jpg,640,640
148_png_jpg.rf.36c13103113ea9d24e1afb2f5bdee8ca.jpg,640,640
148_png_jpg.rf.9ac5ca5908a2cd91ca3c9876db655714.jpg,640,640
148_png_jpg.rf.b290dbabc5beeb3609f47ff8b54f8f4e.jpg,640,640
148_png_jpg.rf.cbc16ba4c3681e71185f642dd8f8522d.jpg,640,640
149_png_jpg.rf.41bdc629da383a2d5f628fac9e91883a.jpg,640,640
149_png_jpg.rf.f8ae3030ae1e161ef59ae57b3e1d1a26.jpg,640,640
14_jpg.rf.178bd04d7e9c64e6c2739d7d1f1dbfef.jpg,416,416
14_png_jpg.rf.3bc1506aafb2681982280b6c07f0691e.jpg,640,640
14_png_jpg.rf.4b615d5a6022284282657954445949ec.jpg,640,640
14_png_jpg.rf.9eba3b928ec39204e00c7cd6438ae69a.jpg,640,640
14_png_jpg.rf.d10d61bb71cb6f8d9513576d0f2c5231.jpg,640,640
150_jpg.rf.15042e828f9e017bb139a8bbd28bbaa2.jpg,416,416
150_png_jpg.rf.46ed6b986df255ede1723bff3c526b75.jpg,640,640
151_jpg.rf.6c6a8396bc2013d5d2e97fdd4ebec89a.jpg,416,416
151_png_jpg.rf.4f9e583fff679706843f30e365e57e3c.jpg,640,640
151_png_jpg.rf.71c50eaf248ded18446348374dc446c3.jpg,640,640
151_png_jpg.rf.b129db91d7f28f6df1089aa36e4b3630.jpg,640,640
151_png_jpg.rf.e398e8fb5e64b74028a9c10f8a3b56ba.jpg,640,640
152_jpg.rf.21611ff13e58ad4eb9245322839d6f85.jpg,416,416
152_png_jpg.rf.3ad2f85ec8429878770de8194ecc6bb9.jpg,640,640
153_png_jpg.rf.0a510a54bcc79fa27ba2a0448fb54b5f.jpg,640,640
153_png_jpg.rf.3d891fbea70035799f0e72160af3ea42.jpg,640,640
154_png_jpg.rf.5f456f10232fcc0bfd2f447df4df0a8f.jpg,640,640
154_png_jpg.rf.88422c3cd02346342bcf459c071ea66a.jpg,640,640
154_png_jpg.rf.ba09a3f22c8691e834c1ba19ed0ecc6a.jpg,640,640
155_png_jpg.rf.14ead381e676104e293e4e284f1899dc.jpg,640,640
155_png_jpg.rf.1a7779bd6f159acbeb75bdf60a2151e3.jpg,640,640
155_png_jpg.rf.7558199a4558369fe02d4c0eb0592de4.jpg,640,640
155_png_jpg.rf.8ace04d24664e6885df931c9b8095cf8.jpg,640,640
156_png_jpg.rf.543e901970ef938f5423ecaf6a9f24c7.jpg,640,640
156_png_jpg.rf.615d46010190b9e601d5ba0bed69b40f.jpg,640,640
156_png_jpg.rf.b51b3b323a0ee06ab07e6d246ab28b60.jpg,640,640
156_png_jpg.rf.eb5586ebec7f7e70ac28f86f4e6ffbf7.jpg,640,640
157_jpg.rf.9acdd185197ee1fcbd6263352efc76a5.jpg,416,416
157_png_jpg.rf.55db3142216d6df0517e641768fc3423.jpg,640,640
157_png_jpg.rf.b5a89e00773b9ee9a6127e44c18c9386.jpg,640,640
158_jpg.rf.99d4cc397e2182a0538bb8789c038931.jpg,416,416
158_png_jpg.rf.a03781079737f0c9605ddac70658d9ce.jpg,640,640
159_jpg.rf.71daf92c17e9aac581d61a8e30583352.jpg,416,416
159_png_jpg.rf.473598d25676c384282fd7c06e4a158a.jpg,640,640
15_jpg.rf.4a748fb73e67b8b26dea8d8b2d607315.jpg,416,416
15_png_jpg.rf.b5100866fe0b16f2acdab2b01f82ed69.jpg,640,640
160_jpg.rf.8ee1d73421b7fd7e6a5a956d1b23e453.jpg,416,416
160_png_jpg.rf.0ead4208695a2e5077bd0a08fe4493eb.jpg,640,640
160_png_jpg.rf.2e0171efba65e4952b2a3f7eb8eaa8ca.jpg,640,640
160_png_jpg.rf.9b71f889ebf1bb86dcf408dccd3076fe.jpg,640,640
160_png_jpg.rf.a46c3f0cf1219b5b42d2445e18d40ec4.jpg,640,640
161_jpg.rf.a6a7a8d2c185c2f80bad463398d06d8f.jpg,416,416
161_jpg.rf.ecee5b96f0b0ffe68df629538fe376fd.jpg,640,640
161_png_jpg.rf.6839bc70cf52155b19dfddb0cfa1f2f0.jpg,640,640
161_png_jpg.rf.f4c7e778304480ecc77ea6f3f6180f37.jpg,640,640
161_png_jpg.rf.fa690914d305e59ebbda0ba6098be802.jpg,640,640
162_jpg.rf.d0f70600b3207a02a52b6df17d85c04f.jpg,416,416
162_png_jpg.rf.0b2f8109c110c6817fb11848876e138e.jpg,640,640
162_png_jpg.rf.20272de856eb42f9befff96b3b2e2e6b.jpg,640,640
162_png_jpg.rf.77e9971f8c729242567e1d2d2b6d5dd6.jpg,640,640
162_png_jpg.rf.7f10d547c4a7d574c2d83b55049404c7.jpg,640,640
163_png_jpg.rf.0fe24dabf84dd9893e33d27199f828df.jpg,640,640
163_png_jpg.rf.62de5e8db87f3494785b96af05b4b080.jpg,640,640
163_png_jpg.rf.73038b6a08d113885e773f5f26b37c7f.jpg,640,640
163_png_jpg.rf.8854e9afdb5c4bdc808c2a528537c4f4.jpg,640,640
163_png_jpg.rf.ff23c9805442dcd307f2916f9674c210.jpg,640,640
16462b18-door0000251_png_jpg.rf.0a98e8d96a5d6faf9482d95e87742a25.jpg,416,416
16462b18-door0000251_png_jpg.rf.282bb411877ce224f86d6792c8de2e74.jpg,416,416
16462b18-door0000251_png_jpg.rf.642662ea39ce9b9a2031482ac68e3101.jpg,416,416
164_png_jpg.rf.1d8712de4d312881812054f204751cbe.jpg,640,640
164_png_jpg.rf.54e71628c83e00e9013b71c8e913a2ad.jpg,640,640
164_png_jpg.rf.db6c17b3d114b98741ece1091a4f28cc.jpg,640,640
164_png_jpg.rf.e96e143fa916e2a2a44d108e4e7dbaab.jpg,640,640
164_png_jpg.rf.ff46f63fd5f59b82d0bd3568c58241ee.jpg,640,640
165_jpg.rf.4155dff42caa2591c223080bacd13c75.jpg,416,416
165_png_jpg.rf.0c042dba202fcaefb59275a2636d7831.jpg,640,640
165_png_jpg.rf.25064af667667d3fbea3c9dc11e165df.jpg,640,640
165_png_jpg.rf.33404325714dfed784f0c20a847bbc11.jpg,640,640
165_png_jpg.rf.fae99546fb3c65faddcb6c9560001ec8.jpg,640,640
166_png_jpg.rf.2103c848dff99caf73ff90c3df7dd325.jpg,640,640
166_png_jpg.rf.626b1955fdea8530b29e84e40c780174.jpg,640,640
166_png_jpg.rf.8e22fd161c3b7229876e7791d92939ef.jpg,640,640
166_png_jpg.rf.b435ca59e93ca3979a13a38cc87790a1.jpg,640,640
166_png_jpg.rf.c146fb0cec3d303af155c937d9b419ef.jpg,640,640
1675077249_output_jpg.rf.9a120f344ea1eecf1e96f83881aeb536.jpg,640,640
1675077249_output_jpg.rf.d2e6ed6eea2e3eedcc21263a443e746f.jpg,640,640
167_jpg.rf.4463708b39a8b447a8944523eb0323a5.jpg,640,640
167_png_jpg.rf.12d2dd3876a111b818535ce8f34964f2.jpg,640,640
167_png_jpg.rf.2b2cf444989f09c0f17acea24896a28c.jpg,640,640
167_png_jpg.rf.748286504f87a0ab884d6ea6ce699a8b.jpg,640,640
167_png_jpg.rf.9287659771b4e8d829a556e10cee5273.jpg,640,640
167_png_jpg.rf.93670dbc2613efb69b8bc0b2bcb0e70c.jpg,640,640
168_jpg.rf.66f8c508877f975569c298d906e2eb6a.jpg,416,416
168_jpg.rf.fbdc13bbd500867a233050c00a802709.jpg,640,640
168_png_jpg.rf.19879abfbd1ca51a752c0a7bace7d9dc.jpg,640,640
168_png_jpg.rf.386d154e9a48d7a2939f5788c0ffee7e.jpg,640,640
168_png_jpg.rf.3abc88165d24ed33f7a2c178e6020984.jpg,640,640
168_png_jpg.rf.a2042541c507410deca03e4e37b93d08.jpg,640,640
169_png_jpg.rf.22e9dd3a20323401a0123dae18fc285a.jpg,640,640
169_png_jpg.rf.898142e69712bffdc621b97a05faa5b7.jpg,640,640
16_jpg.rf.85998788d6cfc8d0ad6613a232fafb21.jpg,416,416
16_png_jpg.rf.286acc75894ea4d000911cc7806c48bf.jpg,640,640
170_jpg.rf.04bb23c06430c1713c5af2ef37b22146.jpg,640,640
170_jpg.rf.8ff521c0c9896ce81a79b602573028af.jpg,416,416
170_png_jpg.rf.3d5d694fd43f277aee7c3e76c58faa46.jpg,640,640
170_png_jpg.rf.4156651a4cbdc5155021ef986ea9e781.jpg,640,640
170_png_jpg.rf.8b55284f2d306c72b9b2afd988d1fb5f.jpg,640,640
170_png_jpg.rf.f55bbddd78878494ea120bf99c052846.jpg,640,640
17186071519391093_jpg.rf.d9463e1d09dfd2be1ac417ac332b1fae.jpg,800,800
17186071522362254_jpg.rf.21f77fded06fc0b3f085ba65abfb04a8.jpg,225,225
17186071525937545_jpg.rf.8df0520aff84616957404577e943640d.jpg,1200,900
17186071546463783_jpg.rf.430e7b8ffb1d3c906ff9307d85c74796.jpg,246,205
17186071549649394_jpg.rf.89570e6652987c385e0d2ecfa59d26c3.jpg,207,243
1718607155220748_jpg.rf.eebf954558456654c67e3ecad1daf8ee.jpg,225,225
17186071554742124_jpg.rf.12bed97ecc59aa3e855e0d5bd31ff055.jpg,225,225
1718607155730937_jpg.rf.cbeadba4a4029192a6cea3514e092c15.jpg,600,600
17186071559961793_jpg.rf.ff4c482320fb8e1c86e3bc49b9cc8d81.jpg,224,225
17186071565937853_jpg.rf.d76e60cdbe14e00f27cc28760597c6b8.jpg,225,225
17186071568473315_jpg.rf.c348f31f6681fb42d222ba9a4d9516b0.jpg,182,182
17186071571836252_jpg.rf.50496f07d5441bd4d0d467eda7305d2f.jpg,191,264
17186071575682917_jpg.rf.b209d8e247778e997cfd0881ff4256af.jpg,173,291
17186071578315635_jpg.rf.34db863fba3f0686a6315101599ef264.jpg,231,219
1718607158593708_jpg.rf.dea0e047bfe227e5e51d0d525d7f70a0.jpg,400,400
17186071589274461_jpg.rf.67104cdb1cc7672944769d92ab2fe9f8.jpg,1600,1280
1718607159588179_jpg.rf.1b79d3543b2ee25dcd5450b7e157fca6.jpg,2560,2560
17186071602454102_jpg.rf.abee96f97c0288991656212df7b89600.jpg,1000,1000
17186071608870966_jpg.rf.27b4e975e617f905f36be05eef84d68d.jpg,236,214
17186071618045573_jpg.rf.bee2f9e44fa91fb01dfbcfacbdd1a245.jpg,250,500
17186071620968723_jpg.rf.e68311cd93b3808a06f421a2366cf856.jpg,487,550
1718607162484263_jpg.rf.38b27ee4592341dd2871cc22fa567991.jpg,173,291
1718607162849975_jpg.rf.42bc191e31ceb296e61e1da9e6f183b8.jpg,180,279
17186071631821232_jpg.rf.2b55ff2f48a1ecfc784795d5499cb3a0.jpg,194,260
17186071638078835_jpg.rf.198e43816e3fedfd8fb6eb613b475668.jpg,225,225
17186071643870444_jpg.rf.3e18518ebfde182fec625924b31f3649.jpg,223,226
17186071647316992_jpg.rf.6bc38784a2eeb4feafb0579729e6b0c8.jpg,187,269
17186071650097709_jpg.rf.af43f94f9d8e398758990c4fb571a19e.jpg,232,218
17186071652949219_jpg.rf.9e0c34f2f215e0da6b1d705fa0045248.jpg,225,225
17186071656373806_jpg.rf.c71f89d6299af6c8d555f9731586bf0b.jpg,259,194
1718607167022093_jpg.rf.57c710e9b3f1976f13322f6d74f50510.jpg,244,207
17186071683839316_jpg.rf.c1de532abd9e7750879b5171bc42146d.jpg,400,400
17186071687720177_jpg.rf.6f8e6ac7744d4fd63f4a846d27c6fe67.jpg,276,183
17186071693857195_jpg.rf.825e81d2a970065f8329a6a05fa2ce64.jpg,222,228
17186071697011745_jpg.rf.3c4ca4d394c208ac3a47738cf2252f15.jpg,197,255
1718607170720018_jpg.rf.41e61c68cf104eb2e9f47c33df00d585.jpg,250,202
17186071710561385_jpg.rf.636de2f07bf74ca128eb7f8d6b44ba76.jpg,190,266
17186071713142288_jpg.rf.ffb57835d5da55082f030baf0532787a.jpg,600,600
1718607172162325_jpg.rf.fa73441f643ef0075b4686e3518c4289.jpg,225,225
17186071731435711_jpg.rf.3cfc57c8b2552398b5ed7a78e62e9cc5.jpg,602,512
17186071740566442_jpg.rf.28e4a0ea1d8c671dd22e3288c402889b.jpg,800,800
17186071748283062_jpg.rf.361a2e8a658347f0bebc484df6980242.jpg,300,168
1718607175203458_jpg.rf.01a27a9ddd0623b5ba09a6bcfa19b732.jpg,296,170
1718607177946746_jpg.rf.5a19757cbabfaa5eee64cfcc33d06042.jpg,173,291
17186071785328653_jpg.rf.8f834e3bd8b81c2334b8b365a12a6241.jpg,225,225
1718607179503763_jpg.rf.3ee566ccc632ad1fb37f3fabba646d80.jpg,225,225
1718607179796416_jpg.rf.caedd57e335593a11be20c07a6f92e15.jpg,225,225
17186071800745983_jpg.rf.a280f8abc5f6ff044671cbf24052ae97.jpg,225,225
17186071811125898_jpg.rf.7f4b3327e1fbcc4b0e31ad7c82f36d90.jpg,1200,1059
17186071822241967_jpg.rf.6ed4b9b5ba5bb73a9ca29dc69dafd35e.jpg,194,259
17186071835547254_jpg.rf.b34abf98affa73292af5656f4bda6f2f.jpg,225,225
17186071842841308_jpg.rf.8f1e6c90253cf343f022f66ce4fd7f91.jpg,274,184
17186071845504239_jpg.rf.6918dcc6abd3c481083921d1768e9eae.jpg,225,225
1718607185178749_jpg.rf.1eb2cfd041bf5bb1b9de20f6337cf593.jpg,299,168
17186071854913237_jpg.rf.55ea503f7b9b31b2abb3da8aef547d93.jpg,2560,2560
1718607185985128_jpg.rf.fa08d32fcfeca5d30c2e3efb3062e582.jpg,300,168
17186071863444526_jpg.rf.82c674f1db0a7aa5f79ec6a1de9bf207.jpg,276,183
17186071869822927_jpg.rf.f93b9e2cde17c3a809677570dd5dd8ec.jpg,284,178
17186071873071678_jpg.rf.ce917b9b0ff51d6a96ab0d7a065af3af.jpg,194,259
17186071879361289_jpg.rf.e61a88ff14ce5597692aebaad6cedcb7.jpg,325,155
17186071887763734_jpg.rf.7e70b59f83a4fd41d004c35eb38ee00f.jpg,225,225
17186071891358714_jpg.rf.1fdeaa00bcfadaadc975099afcf101d8.jpg,276,183
17186071893938487_jpg.rf.1dd1f686067ea17791424cd1b795ff29.jpg,225,225
17186071897217143_jpg.rf.e05a74dc233df4720de6917217db8a07.jpg,259,194
1718607190052142_jpg.rf.713bf859a2e0898847d363d1ca788a59.jpg,720,960
17186071904264586_jpg.rf.bb9ece3bd4d492b82ffa1a0a1c55a0d1.jpg,144,267
17186071910228589_jpg.rf.3fa6d42c17e049bb5f5bb068f010a975.jpg,260,194
1718607191617543_jpg.rf.9c8b8178946a9f4507ce94205f8c9d46.jpg,225,225
17186071919075794_jpg.rf.3fd388a2fe5e19665c05fff3e9c78f00.jpg,144,350
17186071922381651_jpg.rf.d85e64491153367653a4b94269358176.jpg,251,201
17186071928001597_jpg.rf.154d84a9654bc3f781309e3b4a4e6abe.jpg,225,225
17186071930828903_jpg.rf.8ec99503b709c35eecf3eae88ef06e19.jpg,225,225
17186071940740864_jpg.rf.17dd3c32e459947dfa9abc883af368ee.jpg,190,266
17186071943698099_jpg.rf.8f84fe2ce7cd0048c693bd91f11245e8.jpg,225,225
17186071949531143_jpg.rf.0da1d41a8a9226175095ea34ad9fc72d.jpg,225,225
17186071956462023_jpg.rf.b144d9100d0483a1e0b4c871da2b9f6d.jpg,1000,1027
1718607195923468_jpg.rf.3c56f3f6a03a7d778d37ef337c737d10.jpg,225,225
17186071962660787_jpg.rf.380af0e12327d1775d0ac4234dd46945.jpg,190,265
17186071974350746_jpg.rf.792c86208ca6612a37236bc29176263e.jpg,213,237
17186071977612078_jpg.rf.0a4489261049228f2b260296e0acff8f.jpg,259,194
1718607198426976_jpg.rf.fa78ac54cd095c1f9eb41eb87a86dae6.jpg,190,265
1718607198694824_jpg.rf.1bf2da8ca8ff8efc0d32f1d20155b761.jpg,225,225
1718607200759222_jpg.rf.34f048726f009aedac3c72d2ab497c7a.jpg,312,161
1718607201133421_jpg.rf.7692688292ebba2c5677da5732daa35f.jpg,167,302
1718607203572558_jpg.rf.090525a25567fd9287e1e1018816056b.jpg,225,225
17186072046802487_jpg.rf.4f37a1b4abfd4d010bfbe8f24adb158a.jpg,187,270
17186072050062284_jpg.rf.f617d22f7f1e5c7042063278c825db00.jpg,259,194
17186072052785974_jpg.rf.2a60e4b7670f34ec243a8b274e845fbe.jpg,225,225
17186072055777373_jpg.rf.f65ca7ff0461a1efabef8853fedb662a.jpg,225,225
17186072059560003_jpg.rf.7503c3f5d750ac8b190f742296014dd9.jpg,186,271
17186072063787646_jpg.rf.68af08e06c2f1c44f5c669745a4e41f4.jpg,497,835
1718607207051771_jpg.rf.661a69cde8ae1791f978470094a787af.jpg,225,225
17186072076998475_jpg.rf.3a37b961f17c458eb4b2296ebc855ba8.jpg,259,194
171860720810155_jpg.rf.b8d205548d1cf54ad76c3b8552305489.jpg,180,279
17186072083850565_jpg.rf.3fc0e2997c95bd2d17c479ee2c3043c4.jpg,225,225
17186072086462028_jpg.rf.dd9ec851662d3602805f3c60c6b58252.jpg,225,225
17186072089246821_jpg.rf.06cf1454421017921235ba595119bf7d.jpg,225,225
17186072093190866_jpg.rf.d1d82c5ef82e35de94d6ee86f2eaf7ab.jpg,1707,2560
17186072096470358_jpg.rf.3a8a69918cbf9481e849941284d256d3.jpg,225,225
17186072099759965_jpg.rf.dad71ab83bcc50d5d91b82203cb5b896.jpg,195,259
17186072102423587_jpg.rf.a6711a360427433e1d8e683800609e5d.jpg,225,225
1718607210558646_jpg.rf.5be0828b17b848db7628b07f1700860d.jpg,203,248
17186072108291652_jpg.rf.cbcfa0ae7760b399900b576b667b3e18.jpg,894,894
1718607211795144_jpg.rf.4f392be6688ff0d97d9c2a159ffafce7.jpg,194,259
17186072123829975_jpg.rf.96fb7e230229247dd32089212400524a.jpg,251,201
17186072126506102_jpg.rf.3115ada90d8fd4ef7142b531b1fcd4c7.jpg,225,225
1718607212936064_jpg.rf.728ac57dab44b8de5e0ec10dafecc876.jpg,236,213
17186072138198915_jpg.rf.9ceff7a3f2355ad547c4c715637ad863.jpg,222,228
17186072145368834_jpg.rf.4400eae0a07ad9929987a5ae05ad10b5.jpg,251,201
17186072148727734_jpg.rf.64ef68377e108aa9db483dcba8335dc6.jpg,194,259
17186072155250533_jpg.rf.ab9cabffe00525590cf831e370a25643.jpg,180,279
17186072158701086_jpg.rf.3d2f474d0006c9349d315821015f257f.jpg,190,266
17186072161370058_jpg.rf.90ccc25c6e2fddf6db1349eb4be617e0.jpg,225,225
17186072167392437_jpg.rf.9ff19a52a495356d3df33f1822de0b00.jpg,259,194
17186072175372558_jpg.rf.cf05c4bdccac2ca36a11ef120039b660.jpg,225,225
17186072178034453_jpg.rf.441e3f771a015a31a6fbd8e332fd0f1c.jpg,225,225
1718607220954225_jpg.rf.2f76c213830b20f572446502246a379c.jpg,251,201
17186072217204323_jpg.rf.e68a35f6b740b2303e00bb5e512c583a.jpg,169,299
1718607223040168_jpg.rf.369afd8c9a5d6409761e652413f4aee1.jpg,205,246
1718607223422008_jpg.rf.efd34d5a447dfa760e9f411f0f7bace8.jpg,300,168
17186072244694347_jpg.rf.e488b83b4059c2f1d0e70f352f4f97ff.jpg,215,235
17186072248030586_jpg.rf.25bc85f9843fe9ef03862b33d6354528.jpg,194,259
1718607225132517_jpg.rf.155003228475d1ff61e9c9a524117ab3.jpg,155,325
1718607225433414_jpg.rf.c2bcfbcf72449e04a2a423c91e481219.jpg,238,212
17186072267635088_jpg.rf.7564db8054924c2c657cb714ceaa574c.jpg,143,353
1718607227351298_jpg.rf.456e6816f742e8df0dda1c4e5ca83022.jpg,225,225
17186072290086045_jpg.rf.0b2259ec3a7a04971ae046530b35d250.jpg,310,162
17186072293448763_jpg.rf.4d2f5228c29d9e9842241e6b37174f74.jpg,1600,1280
171860723127347_jpg.rf.ce6e4f7e390c6855d33bb1aec8ae62c0.jpg,207,244
17186072315873914_jpg.rf.74c6096e27344731cdd9911474c00ef9.jpg,246,205
1718607231958253_jpg.rf.51c7194f19f4f8c86f527590a3a6878f.jpg,259,194
17186072322486453_jpg.rf.9047308de7fe00c6378107fcab166686.jpg,225,225
17186072326383166_jpg.rf.981e6c09fef7142659bc7f8bde5072ef.jpg,274,184
1718607233316399_jpg.rf.80cacb9bcf209152ed300290e0fe112a.jpg,225,225
17186072344732652_jpg.rf.0cc94fd6cda74590695ed7298e0e1ca6.jpg,194,259
17186072385100186_jpg.rf.71d80368feff40116b815fc251858432.jpg,225,225
17186072387748358_jpg.rf.a5ffa92a89408b1c6f781bb4e5a04d1d.jpg,600,600
17186072396844099_jpg.rf.eb1b66a11a9dadfac8f98897666db3f7.jpg,224,224
17186072409921863_jpg.rf.710f1011046dbf4f09e382650a9f49a6.jpg,510,600
17186072437717872_jpg.rf.d71c258ac34372c12e9ecc7c774832c4.jpg,237,213
17186072442976222_jpg.rf.cd1b5d59fd9a4ce8a3a055b8f0b9aba3.jpg,225,225
17186072476934566_jpg.rf.bafecc0a408fab00e5a2b5532162dd1d.jpg,225,225
17186072496460752_jpg.rf.4697021032513031d3bcbabb9b44caee.jpg,259,194
17186072519207582_jpg.rf.46f93a1a2b91ef0475972fbda03aa3e1.jpg,173,291
1718607252183947_jpg.rf.97961abdee96678787f106f7303c5628.jpg,225,225
17186072532232034_jpg.rf.e51749f6fb531e23ddd368ac33fceb9c.jpg,300,168
17186072537563927_jpg.rf.7dfd05e63d19c61a8cba48e743be9a20.jpg,224,225
1718607255582601_jpg.rf.42b48062739ea8c2420d05ad0d581102.jpg,260,194
17186072561154618_jpg.rf.c908f79b9bd3aee92c9e30095222d3d2.jpg,224,225
17186072573130422_jpg.rf.8a261a6e992913f5d63d6d5f006e7df9.jpg,225,225
17186072585623024_jpg.rf.63aa381e5e617b2f2310a8e9c3f70e85.jpg,225,225
1718607259534158_jpg.rf.8673ae262db9f001b6614f4b43f3ea72.jpg,225,225
17186072598281913_jpg.rf.f63be9ef1e85351733521ba2a9b69f1d.jpg,225,225
17186072602200289_jpg.rf.3ecb54b73de0c086cb75af5b642ea27e.jpg,162,312
17186072609026897_jpg.rf.aef0f834448b57cfdc964ca79433434a.jpg,2560,2560
17186072614342844_jpg.rf.73c544aae5094f54418c791419548337.jpg,157,321
17186072616996312_jpg.rf.f328db2138bd9d40495c5dddebe2b620.jpg,222,228
171860726207576_jpg.rf.5905a4fd180619f566955ac12d0faac6.jpg,300,168
17186072623362968_jpg.rf.5c4d41d789f9b03c5f0fa2a11f920bec.jpg,225,225
17186072627162728_jpg.rf.d75e80629e3a8bad6697590774d0cb3a.jpg,1024,575
17186072639518433_jpg.rf.ddf0517f6913405ef7f20b537bf9580f.jpg,268,188
17186072650582607_jpg.rf.386a06dfcb764567783d87cd0a5599fb.jpg,981,1742
17186072659472425_jpg.rf.ae52a40c50cfad773f26ff62b7dbcca0.jpg,225,225
17186072662703702_jpg.rf.f77286785961df907dfd53b30d59ac89.jpg,199,253
17186072669141788_jpg.rf.9b2389f1fb57bcc48252d3a09dd5d994.jpg,280,180
17186072671717384_jpg.rf.564b091bebad1b32c1ff59d6eb961c1d.jpg,224,224
17186072687793133_jpg.rf.1ef60b8b7e4c1da579069ebb0779814a.jpg,225,225
17186072690412006_jpg.rf.5dfcca5d5fd7fd2fa95a3901362e97f2.jpg,225,225
171860726988227_jpg.rf.9a8e3bbcad8d1ae0d313929f70484f75.jpg,225,225
17186072710762472_jpg.rf.2c4b3702638cedb286cb777195307a46.jpg,222,228
17186072717320511_jpg.rf.838391eeb66df7de0cf1ca068c3fd0f5.jpg,223,226
17186072731856894_jpg.rf.53c119c7e75bdb645c4354d4a7f8c53a.jpg,225,225
17186072738246884_jpg.rf.ddd5769f8737ee625b07199dbf9d3ce6.jpg,259,194
17186072753349397_jpg.rf.56b738543f28c0090e2def319b42cf42.jpg,212,237
1718607275674559_jpg.rf.fb63eb578e40936721d96abf95b359e0.jpg,159,318
171860727601412_jpg.rf.134d78261de6056f853592415424a81f.jpg,1440,1080
17186072770282617_jpg.rf.9b2edc48baaf94e2558b26abdee1c45d.jpg,177,284
17186072777810247_jpg.rf.806c0a535acbd63d0414888ac5799b41.jpg,300,168
17186072784865203_jpg.rf.6281cdad64c92df9c6e0483a9e1ab897.jpg,160,315
17186072795842888_jpg.rf.9beb77dda32d6c907bae19e882e8ba1a.jpg,225,225
17186072798432686_jpg.rf.78f7ea23fa8a888bb6e8086d1884b409.jpg,225,225
17186072811589353_jpg.rf.ae4ef3e498a553138cd81667440f7ce8.jpg,184,274
1718607281422944_jpg.rf.e5f34b2db7c23d4a5747de046afb2a96.jpg,225,225
1718607281724301_jpg.rf.aed1bceb4974ee7c0f86f21b43dd3ebb.jpg,205,246
17186072823969817_jpg.rf.182541b9dfe25f1000cb1350cb02f111.jpg,159,318
17186072827557182_jpg.rf.ab5f234bf018f17045e1d6b7b76fec9a.jpg,273,184
17186072833955598_jpg.rf.87bfb0a63a09adf07237e9a61f5c37a9.jpg,300,168
17186072850153239_jpg.rf.b39dedd31da6b01efaa5e4f43f3cc258.jpg,244,206
17186072866569407_jpg.rf.4439f66da4b66ab424914c34fd0ea37d.jpg,225,225
1718607287120207_jpg.rf.4d054529d2ec625c014b602b919ddbe0.jpg,2500,1406
17186072891419106_jpg.rf.c07a787f3b27f8fba0f2a52259ab051e.jpg,173,291
17186072895417306_jpg.rf.e6cd0885d71901bbd916079d8319b75c.jpg,510,850
1718607290789481_jpg.rf.806cd3844d2f8d3f1fb1b1791c6446c6.jpg,1000,1027
1718607294047044_jpg.rf.21f0ef303ef55aee09ac04c515d93cc9.jpg,225,225
17186072943734303_jpg.rf.d4441ba06d2cba1bb148f635834c41f9.jpg,194,259
17186072946351178_jpg.rf.9467c1c52e4ca15d81c00ea13159b52f.jpg,225,225
1718607295205191_jpg.rf.af4d289ba377e362fd44930ae090a664.jpg,243,207
1718607295474912_jpg.rf.52c67206597e5acf02ef9f9d574f5b72.jpg,225,225
17186072966664512_jpg.rf.212eae9ade8381d28d2edf5d97a9be35.jpg,225,225
1718607299285923_jpg.rf.1c81a355fc0bf365bb6c1d978d254f15.jpg,207,244
17186073036406198_jpg.rf.daf6b6de77cc98708248aba4315aab21.jpg,768,1536
17186073057621334_jpg.rf.3bb1cabc5afe1fc837c1315c400a6962.jpg,416,416
17186073065048866_jpg.rf.7d22a1781faedb85a94a57aa063e1815.jpg,236,444
17186073067689152_jpg.rf.e858c183d414c083643265104fb58975.jpg,225,225
17186073070693288_jpg.rf.5b1d4850fd0e0b83a3c6fc0ecdf97365.jpg,207,244
1718607308957138_jpg.rf.73e70f313b47f725bbaa0fedc2e8eabe.jpg,259,194
17186073105784457_jpg.rf.20482d8c6cae3dcaa851574007f349bb.jpg,225,225
1718607314287299_jpg.rf.bf019361caa528b929db313770759eba.jpg,224,224
1718607315228029_jpg.rf.f36c1ae460c48b8c2b7f35712dc5da11.jpg,225,225
17186073160641174_jpg.rf.2840c490f70877d188c40ef93bbf70c7.jpg,225,225
17186073182260053_jpg.rf.d49f9f71279cf3d7cc77457dea0880cc.jpg,191,264
17186073209864407_jpg.rf.cca6c9b5566aec8fe2d8dd2e8d82ee3a.jpg,225,225
17186073212520058_jpg.rf.08bd9fadbe456c3e158298ea8943bc16.jpg,225,225
17186073232774167_jpg.rf.0eccf2e2f292beae926e60e8e950d31c.jpg,275,183
17186073259104578_jpg.rf.bf52eef08a97829aa19b8b5813cec328.jpg,303,167
17186073285288823_jpg.rf.e78deb65364b88dcf77f3800944f13c5.jpg,225,225
17186073295516846_jpg.rf.055c46e7fc0d91aec3562618fbc76d78.jpg,194,259
17186073305307755_jpg.rf.6fce3a7e6cb93a05a5750669b8afc40b.jpg,276,183
17186073329187825_jpg.rf.e962777691ccd40ea43c6026731f73fd.jpg,225,225
17186073342120845_jpg.rf.57ca80fc918b3bd62ca98d6b7a4b530c.jpg,225,225
17186073372538548_jpg.rf.517d89138682801507df22462ccd6a10.jpg,201,251
1718607338286175_jpg.rf.9144eb841199fe57f3759900ab2348b9.jpg,768,1024
17186073395472946_jpg.rf.96d12ce1750210de1ea6c8ae86b08041.jpg,225,225
17186073399252338_jpg.rf.63741c4d7686200576bf02d5cce7e794.jpg,160,315
17186073408717082_jpg.rf.ebe6ffbd1c117747b639535c9c91b820.jpg,225,225
17186073424425151_jpg.rf.372fb8dbf4e54294709a1af7433440ae.jpg,202,250
17186073427990165_jpg.rf.62e38a736e21d5d7a333be0e94096044.jpg,312,161
1718607343085183_jpg.rf.972f2b8d03b52541cfa0be173ebfcdb4.jpg,214,236
17186073439709013_jpg.rf.3420bd6bd1b963c0fe866e6ab8f6ef21.jpg,225,225
17186073455475678_jpg.rf.f2c48794c17731ad518d1207d2c65c4c.jpg,225,225
1718607345820459_jpg.rf.f85ce134200d9331bc3a4dc862fc1362.jpg,225,225
17186073461026034_jpg.rf.99c12f77e8c902712600906b92aebe97.jpg,357,141
17186073471235535_jpg.rf.99bda07dfd6430626a1baa3049cd8bfe.jpg,225,225
17186073473865812_jpg.rf.daca97abd97191ca0b7a2e669e524245.jpg,225,225
17186073484732208_jpg.rf.cb107ce64a7592e91efe6be7886e1e57.jpg,258,195
17186073498115678_jpg.rf.e72c9089c01694b381870c30d0e785f0.jpg,194,259
17186073504026723_jpg.rf.76f5b0c610e1e5232c72a816d5569b89.jpg,194,259
17186073539190385_jpg.rf.197493045e4224acc38d5638cc6e59a3.jpg,225,225
17186073541809459_jpg.rf.10dfb6bd17eb25dfb0bbfe0a4cdf6e2b.jpg,225,225
17186073554633913_jpg.rf.6988c29b72540922a0e65d28fc70b1e8.jpg,251,201
1718607356072272_jpg.rf.ea05a0a8fb737382f84226e0876d0e59.jpg,225,225
17186073564007304_jpg.rf.36b46282a1dc0f4d02797c5420ea2a2c.jpg,155,324
17186073569721236_jpg.rf.d7799782892607dea313b30ccd33a0ef.jpg,510,600
1718607357896425_jpg.rf.580642d7f36a23ffc5406aeba219c07a.jpg,225,225
171_jpg.rf.3e3d20e11e4172c1bd0d6be98a189b3a.jpg,640,640
171_png_jpg.rf.768f9ba1f401c5e743be57ce156b0aad.jpg,640,640
171_png_jpg.rf.8c0dde8d3839640dd5c386b45bc2c1d5.jpg,640,640
171_png_jpg.rf.8ecf6e5c8a4aebcafd75f46e00fc84b4.jpg,640,640
172_jpg.rf.7837e337b23e24f414a6251ab7348ea3.jpg,416,416
172_png_jpg.rf.db97badcd25f3d75de4fa8a8db3cdc4d.jpg,640,640
172_png_jpg.rf.e90cadb0f4fe3fab3f63a02ca4e2c939.jpg,640,640
173_png_jpg.rf.10ff1b59b5b246168324b85c00340ec4.jpg,640,640
173_png_jpg.rf.cd5ab11cdeb191c7b5dd3cbcf28ad56f.jpg,640,640
174_jpg.rf.0d12c1a7bd0e60ccb7eba0fdc21bd99e.jpg,416,416
174_png_jpg.rf.0c9b829979ef487f1af508eeb7e89e2c.jpg,640,640
174_png_jpg.rf.196d0036a16b8a6597168143c7442988.jpg,640,640
174_png_jpg.rf.376009e915eb5f602f615ee868e2ee3e.jpg,640,640
174_png_jpg.rf.d81af9c9a8e092e647f67adb734593b1.jpg,640,640
175_jpg.rf.8de63ce4d03d9123eabebbe49eea14ba.jpg,416,416
175_png_jpg.rf.19a2df5e80a47bd077a15a31fa14eff3.jpg,640,640
175_png_jpg.rf.fd11aefa3d36766edf992e824f642401.jpg,640,640
176_png_jpg.rf.bd1b69595c84e132f5ca6fb8fb96df52.jpg,640,640
177_png_jpg.rf.96cdb1af91a39e6ea61688e5f0a9f75a.jpg,640,640
178_png_jpg.rf.43b091ebeee03494540ca94a82f22237.jpg,640,640
179_jpg.rf.606c8660f92eae2fdd254b5908a8b6c4.jpg,640,640
179_png_jpg.rf.9d9b2b6be230e4c5ca3ee7a173d7fa25.jpg,640,640
179_png_jpg.rf.f5259d13673b1fe2d49cfb93e65c2c06.jpg,640,640
17_png_jpg.rf.0a79c7e55dbc6285a0add2b2af49d9a0.jpg,640,640
17_png_jpg.rf.3a0394d84fd362739b76385909227cbb.jpg,640,640
180_png_jpg.rf.b1f7e22d4a88463d045be88964fa7d90.jpg,640,640
181_png_jpg.rf.5f25cfd8380cb8838a1f40befd616b9f.jpg,640,640
182_jpg.rf.78ab423a4b45671eaf30fb281bc5bfc8.jpg,416,416
182_jpg.rf.bbece0677397ecc0beeadb833597f42f.jpg,640,640
182_png_jpg.rf.4efea92303359bacbf2afaa55e729fb6.jpg,640,640
182_png_jpg.rf.92cb1d5530d2d6f7ce47e9d9efa8e550.jpg,640,640
182_png_jpg.rf.de78160d516644c3babba19a9a59760d.jpg,640,640
183_jpg.rf.5b96481e29840433761331b50b8fb0b7.jpg,416,416
183_png_jpg.rf.4654eccce58e7a4ec9d8c97ac56eecd7.jpg,640,640
183_png_jpg.rf.e70dd9bb03b755e7413cf91590cdb57a.jpg,640,640
184_jpg.rf.1a572d641eb1c77425114723d22b4956.jpg,416,416
184_png_jpg.rf.77891003bcced6fd0ce3c6feac94da17.jpg,640,640
1851889c-door0000754_png_jpg.rf.1a9ba123a42cf2401d331dc4488a4210.jpg,416,416
1851889c-door0000754_png_jpg.rf.37bff41f53224cd04fc1512e75b6acec.jpg,416,416
1851889c-door0000754_png_jpg.rf.e8172163d2c095a47562ed3fada386ec.jpg,416,416
185_png_jpg.rf.b3062784586e5d46ef8a668e8ffce0ff.jpg,640,640
186_png_jpg.rf.2b6b4572d4ac4a95f6d08d82b650eb7f.jpg,640,640
186_png_jpg.rf.6b6e3accaa8a96a20c4b2cdbcc1bb56b.jpg,640,640
186_png_jpg.rf.8e6a080d3f43af86ac9ad1de87cad4a1.jpg,640,640
187_png_jpg.rf.14d4ea28ceff54aec78bf276bde2e812.jpg,640,640
187_png_jpg.rf.fad73a0e7c11175bd2ef35dba843d1cc.jpg,640,640
1881744f-door0000316_png_jpg.rf.371130858c026f5d503ea7796cccd6f7.jpg,416,416
1881744f-door0000316_png_jpg.rf.37522f7cae3a055621bdf7ca9f552635.jpg,416,416
1881744f-door0000316_png_jpg.rf.6ce460faed94d348808e46d04f3bf7a0.jpg,416,416
188_jpg.rf.dfa6b04c813e76b4d4dde62835df88d7.jpg,416,416
188_png_jpg.rf.cab40f6243c91e640b617ac26c678d17.jpg,640,640
1890329640_output_output_jpg.rf.1226f82c2b1a108072ad619a726d919b.jpg,640,640
189_jpg.rf.1185bb331bdbf78f20c50c818140f0c3.jpg,416,416
189_png_jpg.rf.cbb5af74e06d8d4fc3f3ec721eaf57a9.jpg,640,640
18_jpg.rf.94b996a6a3c52cea6d691f849add39e3.jpg,416,416
18_png_jpg.rf.802b47376e39ba83677223f279b52379.jpg,640,640
190_png_jpg.rf.2ebb2327c7d4b9aefdaf9633815c1413.jpg,640,640
190_png_jpg.rf.4f29c7a2438e3167146c124871fe986f.jpg,640,640
190_png_jpg.rf.5fbaffa5a0ab4716d07416628b09bc17.jpg,640,640
190_png_jpg.rf.f405578fa73d01d24862a3a041611dd9.jpg,640,640
191_jpg.rf.db002b7fe397d88d58f3500db9bb637f.jpg,416,416
191_png_jpg.rf.6b0c14c3e04c5440d1397fd5894773d6.jpg,640,640
191_png_jpg.rf.8d190b711d6acab8862438c7760cb833.jpg,640,640
192_jpg.rf.7f79d33323a07503bfa691ae4f35bfed.jpg,416,416
192_png_jpg.rf.a76520a7ba0c4fce70fdd5a375b469a3.jpg,640,640
193_jpg.rf.3239cb299278761952198de959b84ee1.jpg,640,640
193_png_jpg.rf.fee1f23e0db8b39796531ba9c9e80e31.jpg,640,640
194_jpg.rf.b5ad9aac091edbcd545e1e504294e07a.jpg,640,640
194_png_jpg.rf.c65c6cb3c932c1917457da3a75fc3c52.jpg,640,640
195_jpg.rf.b8d9dab3d17fedd81cc47dce0e42119b.jpg,640,640
195_png_jpg.rf.098c49eb1a947870ca6955b3b10f728c.jpg,640,640
196_jpg.rf.fd885f5138fca12df2a52607a0dc5117.jpg,416,416
196_png_jpg.rf.b6ac91dcb7a25be723f2d6a190d8b259.jpg,640,640
197_jpg.rf.13b910d79cc259cf4af617db248f7f2a.jpg,416,416
197_png_jpg.rf.0214cb691b4a4329b5e2de93fec21fcc.jpg,640,640
197_png_jpg.rf.054851fe9332cc7cee7a93a2e813e774.jpg,640,640
198_jpg.rf.18b15e0ef2fdea06ee1ac51988bac677.jpg,416,416
198_png_jpg.rf.46e127b020d2faea1c6210087c730cfe.jpg,640,640
198_png_jpg.rf.a5cd7ffc0306805f51c3a83ad5d56c3b.jpg,640,640
198_png_jpg.rf.e9b606312cb56a9f1bc2a561444e083d.jpg,640,640
199_jpg.rf.ebf127b4f95d81fdf5c79a417f98ccf8.jpg,416,416
199_png_jpg.rf.ae15030e9aed31e9bb95b7fdf6c64c30.jpg,640,640
19_jpg.rf.41b4cd3142b5db68955ddc9a58745e04.jpg,416,416
19_png_jpg.rf.6be2a69b5992713dff7ec94b27db9741.jpg,640,640
19_png_jpg.rf.7e6e4410aa654f5e80dfbc6767c581d3.jpg,640,640
19_png_jpg.rf.f1038ef689e674a8ef14bba8cc698a7e.jpg,640,640
19_png_jpg.rf.f4b9c64c6845bb632e374034c6e7c59e.jpg,640,640
1a76fd40-image_6_jpeg_jpg.rf.013da19666d3b0716885a1dbfd152504.jpg,416,416
1a76fd40-image_6_jpeg_jpg.rf.662e4adf23f1aa4c4c90d49c8d7b8d78.jpg,416,416
1a76fd40-image_6_jpeg_jpg.rf.94e9bf14b86df16d28be568c59fd0d58.jpg,416,416
1c2231a7-door0000462_png_jpg.rf.15e94392726b8915a9b375768e08fea6.jpg,416,416
1c2231a7-door0000462_png_jpg.rf.9f5e39074f7be87bd69aa3c09a1d410f.jpg,416,416
1d2052854bb6edf8_output_jpg.rf.fa62a03a621622a984353e0e7ef2ae85.jpg,640,640
1e2e55f1-door0000113_png_jpg.rf.25b9152c7f2169939e129c89210cd427.jpg,416,416
1e2e55f1-door0000113_png_jpg.rf.4ffe8142cc5725e0a29c2caa8e5b5975.jpg,416,416
1e55ae80-image_44_jpeg_jpg.rf.067f862bc841cb208530e40f601744a3.jpg,416,416
1f795447-door0000702_png_jpg.rf.009f946a1a87e6611eb59b046981f5fc.jpg,416,416
1f795447-door0000702_png_jpg.rf.ffdd08e07279a6eabb8d45f76845f043.jpg,416,416
1_jpg.rf.d44b22e36b433b3d704cbb12e0b96269.jpg,640,640
1_png_jpg.rf.4b82b15b995d39fcd28981e66d7e5a59.jpg,640,640
1_png_jpg.rf.70ae997de561f8224cb89ffe8e0ae886.jpg,640,640
200_jpg.rf.1a702d7aa663244551b2286831e7d96d.jpg,640,640
200_png_jpg.rf.33252c5a025c48470b6eb8a87ee60bac.jpg,640,640
200_png_jpg.rf.39890d903c96f888feeae63979313459.jpg,640,640
200_png_jpg.rf.5cfb2c1af04cd6e8350cdb05e4397a1d.jpg,640,640
200_png_jpg.rf.6e41a1723b1b73f1d5ef0a5a7c3c5cc9.jpg,640,640
2011b778-image_138_jpeg_jpg.rf.429d48d7431ed3259e869774548552fd.jpg,416,416
2011b778-image_138_jpeg_jpg.rf.6841d1f5317733efd54eb268d466be91.jpg,416,416
201_jpg.rf.431815bf1712f8e6221f8dd0e3af7ca9.jpg,640,640
201_jpg.rf.a642ab58a03fca651c14e98f5fe687dc.jpg,416,416
20210302_17_20_57_000_2VNitjTt6QOyrXtcgeqpgIB5MWq1_F_3264_2448-jpg_jpg.rf.01b8637f4f74a0bca2142d1809ca4e3e.jpg,640,640
20210308_20_30_29_000_0GXcppxnkGSRMz0d9qItstFBl9I3_F_4032_3024-jpg_jpg.rf.b64cabcce1cfffc5db0f92be35e63955.jpg,640,640
20210405_11_19_27_000_2m0kFyKcK3gaAOvewJWMJOw9ZGD2_F_4160_3120_jpg.rf.b092e244984acb1ae3426277ed85f536.jpg,640,640
20210405_16_16_18_000_0wQ7ocSZ4vSoMOZU1EFZL9DfZOt2_F_3264_2448_jpg.rf.65d9a85abbad1ea4fc1a6703bebe8d76.jpg,640,640
202_jpg.rf.1ab5db5d4a45907f4b67ebf5aa195fcf.jpg,416,416
202_jpg.rf.95c1f7eb8b70c38b008c35f71d45541a.jpg,640,640
203_jpg.rf.1435ea72776072326b5531700f459cbf.jpg,640,640
203_jpg.rf.909be77efbad0ae76e2734f7f18d5ff6.jpg,416,416
205_jpg.rf.ae3338e3eff25518a58507535b83bb22.jpg,640,640
206_jpg.rf.24f8a09431e6e69fddf0370a4feb2301.jpg,416,416
2071727298_output_jpg.rf.0859e24538cb91fdc6144d1eacedd4c0.jpg,640,640
2071727298_output_jpg.rf.617f791cc06aa14df5f0dcd1a7a8fd12.jpg,640,640
2099314481_output_jpg.rf.ef6400a4d8d662ba37eb16638a426958.jpg,640,640
209_jpg.rf.1d8abc7fbf7312cd50893598e0fb6025.jpg,416,416
20b1201f2935e323_output_jpg.rf.b7d37e4710f306d809e8e6426799eaf7.jpg,640,640
20_jpg.rf.ecb9cb6d3859b41557bee7664b35905d.jpg,416,416
20_png_jpg.rf.8befbe873d26a04c796c8d05b5acd90b.jpg,640,640
20_png_jpg.rf.fbf672587f5822dff7115fff93b64248.jpg,640,640
21053c78-image_179_jpeg_jpg.rf.9233ec1976e352be29e56e049a2c5011.jpg,416,416
210_jpg.rf.cde4f2cb69c00aabb6f8381421e57fd1.jpg,416,416
211_jpg.rf.670336c5cbf2b64d27b8f5168c8dea77.jpg,416,416
214_jpg.rf.47127ac28234d93577d5b80c04cb427d.jpg,640,640
2153937246_output_output_jpg.rf.78ce974cff76e65684e510b4f78eade1.jpg,640,640
216_jpg.rf.41402193abb9a49fc225bcbf5021e4af.jpg,416,416
218_jpg.rf.a4b4ec4fe22e8b0209634b0080487ef4.jpg,416,416
219_jpg.rf.a8e1ad3bb07375e58752b4ec8a7591c1.jpg,416,416
21_png_jpg.rf.4776c5a6c431e198a98e67a4c2c304ed.jpg,640,640
21_png_jpg.rf.7cb60200b9ba9b12da2fe2fa9e8854a7.jpg,640,640
220_jpg.rf.1b1d809b9424b12a77112abdde5c953a.jpg,416,416
224_jpg.rf.88779e44417a41e34306af87bdd192c9.jpg,640,640
226_jpg.rf.ab2308f64b1ed3d9d58aaafc2072597c.jpg,640,640
227c3f38-door0000657_png_jpg.rf.1b16856bb18621fbfd5b59001042298c.jpg,416,416
227c3f38-door0000657_png_jpg.rf.9b0565d296208fec622636b9f4a023c1.jpg,416,416
227_jpg.rf.e623827250f97013ccd87ecaa46c80d5.jpg,416,416
2297542211_output_jpg.rf.973c6b2be2837d45b8075f04f75b0b32.jpg,640,640
229_jpg.rf.60d25d02210c8ae1d6868ee264be3b44.jpg,640,640
22_jpg.rf.4ee51bc5322ccde591fe421141add7ed.jpg,416,416
22_output_jpg.rf.fa2dbd2dbfa3bd1ebe7d1c66b1122b07.jpg,640,640
22_png_jpg.rf.2299beac287bda4b8d03439ba57d56e6.jpg,640,640
22_png_jpg.rf.6c2ece3a34b391f7ca94f641e5aa045d.jpg,640,640
22_png_jpg.rf.d521af6233d571f1d769edf29c8cd3b8.jpg,640,640
22_png_jpg.rf.d88239462ad2225cc4c218a2f31e0bdc.jpg,640,640
22_png_jpg.rf.ff1b3439b164141bce5fb598a7c094fa.jpg,640,640
230_jpg.rf.f72c748b549ed857526a3a4c1ed89728.jpg,416,416
232_jpg.rf.cd671d77984854fbb98dfbf69bc2abbe.jpg,416,416
237_jpg.rf.e85e7d105fbf89478ad6ba2949582dae.jpg,416,416
2384893951_output_jpg.rf.7a9bc269bcf788dd51f7698c460227ab.jpg,640,640
238_jpg.rf.5c0e25d4deeefe25f701067245b8bec3.jpg,416,416
23c9b389-door0000514_png_jpg.rf.d13deebb30634f9d6fcb0776e3428032.jpg,416,416
23c9b389-door0000514_png_jpg.rf.f2fc42a7723d5762f5c13381f3c49a9c.jpg,416,416
23_jpg.rf.c3c436cd28e3a2ddbde72f01be64d911.jpg,416,416
23_png_jpg.rf.2aa19af3b2db563b424ff93f07d1c5d3.jpg,640,640
23_png_jpg.rf.a8648dcac125afa2e62ae98c9db1622d.jpg,640,640
23_png_jpg.rf.f1df09ef1e16e0e844fb7995a600f261.jpg,640,640
2400928023_output_jpg.rf.fbc698d630484d2e1243dc3dbc027eb3.jpg,640,640
240_jpg.rf.ceaa2ed2b1338f2f432248d159b68906.jpg,416,416
240_jpg.rf.d461f7fe6c1434bd054c9e5a965e39f0.jpg,640,640
2417352234_output_jpg.rf.637421445f9b1471290e648b86cc6495.jpg,640,640
241cbf82-image_188_jpeg_jpg.rf.618c3c36ed9fc6213539864fd14e5a54.jpg,416,416
241cbf82-image_188_jpeg_jpg.rf.ec0d15403a222a24e057f07389d55466.jpg,416,416
241_jpg.rf.d93a6932e2bc33d826693f37edc58f10.jpg,416,416
243_jpg.rf.6b9d885aa2cf99195c1114ecfc5159ba.jpg,416,416
244_jpg.rf.22a4f50123a3f07add07c89930d0fe18.jpg,416,416
2452326566_output_jpg.rf.27f48b140709b7099a233359f0d37128.jpg,640,640
247_jpg.rf.5faf9edd5494917ef1a026d497acea8a.jpg,416,416
24flip_output_jpg.rf.aa490aac9eae7f23fcd06b5a6c2e89f8.jpg,640,640
24_jpg.rf.cfa08148939ca47a8d34a3421277e192.jpg,416,416
24_png_jpg.rf.1b797fc69742d16b0c86245b33a0dd31.jpg,640,640
24_png_jpg.rf.c2fb35eee6bc67d0d1175f7fc51b9d4b.jpg,640,640
250_jpg.rf.499b2791947d0870721e5af68a7d03bf.jpg,416,416
2512538741_output_jpg.rf.5fc0a57b5e7932fc561d6e5c51017690.jpg,640,640
252_jpg.rf.fffdcaf2c9f41916ddf6e80bf7c4cce0.jpg,416,416
253_jpg.rf.6d2903b84a44453dff7fc2735c2ba5e0.jpg,416,416
2574105964_output_output_jpg.rf.7ee0772285e33f9d4714c7226a9b8912.jpg,640,640
257_jpg.rf.9506b3d68aa4922470756c483c08895b.jpg,416,416
25e8235d-image_43_jpeg_jpg.rf.178de897be43fabe38ce9d9b0e4ed7c5.jpg,416,416
25e8235d-image_43_jpeg_jpg.rf.2bf810e740cdf3fb892eba635ac8cb22.jpg,416,416
25e8235d-image_43_jpeg_jpg.rf.82154bb154d8c7c1f6c7900bae4e3fa9.jpg,416,416
25fe2115b39a38ec_output_jpg.rf.20d8283d9268357da10f46e452898062.jpg,640,640
25_jpg.rf.875d55cef22720d0f82ec5b2b97bafde.jpg,416,416
25_png_jpg.rf.24b330e30d01ca93037014201c0e2d44.jpg,640,640
25_png_jpg.rf.4d4112260bf25110596cb1dcce361bfc.jpg,640,640
2602759967_output_jpg.rf.f5941f899e8f47efbf8ad9ea34f02f4a.jpg,640,640
262_jpg.rf.cb8499e19a79fcdcb014bee3ee887123.jpg,416,416
263_jpg.rf.7d8b0702044788145578d3aafb65bf35.jpg,416,416
264bbe16-image_22_jpeg_jpg.rf.2813e7713d15fa0b59359319d6b487ec.jpg,416,416
264bbe16-image_22_jpeg_jpg.rf.816407baeb2773995cdf27673d7bd2aa.jpg,416,416
264bbe16-image_22_jpeg_jpg.rf.a6b59a8264dc4b3b9db98e982b79a2e6.jpg,416,416
264_jpg.rf.aaa4275374593fdca1dc775edd7931c0.jpg,416,416
267_jpg.rf.6f6b2d84ce6fd2cc6cd80f9cde429f7b.jpg,416,416
26_jpg.rf.7b4450a0d766105a5a2119f0c0aff5fc.jpg,416,416
26_output_jpg.rf.81c12a0076e28ab740188f594b7f2a3b.jpg,640,640
26_png_jpg.rf.f5e2d9694a06de6db358c889988e6915.jpg,640,640
271_jpg.rf.1fd4e56bc70454f9b82c4741b4b7cb0a.jpg,416,416
2732866320_output_jpg.rf.facfd40e2bbff382c8bb38c7649fe562.jpg,640,640
275_jpg.rf.7f913d0268ff0e8998c071ec898e4225.jpg,416,416
2765000570_output_jpg.rf.62b84e9d04329edc5f09af3ac049c974.jpg,640,640
276_jpg.rf.3cabbf3313a6da92a7df86367639b4b3.jpg,416,416
277_jpg.rf.5dec5d80d763d828fedd7b9f4ef3f76f.jpg,416,416
278_jpg.rf.f07d47ed89a8efb8deab3bf2ffa870e8.jpg,416,416
279_jpg.rf.633578512223e3a33bcbb988794c37ce.jpg,416,416
27d3213f-image_1_jpeg_jpg.rf.b0db445ce9ecc365e43c1cce34e48a24.jpg,416,416
27d3213f-image_1_jpeg_jpg.rf.da86479395aa91253dd6e8ddb62e840d.jpg,416,416
27d3213f-image_1_jpeg_jpg.rf.f24eb3cdcd207f0967b643c264dc110b.jpg,416,416
27_png_jpg.rf.23c98b5646689f06c3b8d64beb80781b.jpg,640,640
27_png_jpg.rf.cd9914460a93a16b9aaab5d68ca82e0a.jpg,640,640
2808548663_output_jpg.rf.169b8dbb6decb5b73099f3d48b061478.jpg,640,640
280_jpg.rf.71f3dbb04d224f57c1d6893c86d4d520.jpg,416,416
2839474771_output_jpg.rf.d35c04de5f751b3f2eef685fdc216cba.jpg,640,640
286_jpg.rf.076e5d8a9c7b9b333eacbedae80883c7.jpg,416,416
287_jpg.rf.b15362700ac80970b2dc56db6a7c47e9.jpg,416,416
28_jpg.rf.15e87cd64dac3a39729985b3c5fb3ed7.jpg,416,416
28_png_jpg.rf.ec8bb3b9af8c72c9d802b886d8bc3208.jpg,640,640
2926859026_output_jpg.rf.d07c9a9a2df19c3d43a1fe72e376b7ae.jpg,640,640
2926859026_output_jpg.rf.f9c6f5d06a6a920e7d07ef483870d9b4.jpg,640,640
2927701786_output_jpg.rf.e9f869cde18c197915806658c86e8aba.jpg,640,640
2936031522_output_jpg.rf.36b009c25b40e2ca5626d893ce6f5a1d.jpg,640,640
2962743349_output_jpg.rf.84ae4ca384fb04e9d9b61e726c68f6d3.jpg,640,640
297_jpg.rf.17f51f5624837c2ba7da3058273b41b3.jpg,416,416
2988039438_output_jpg.rf.67caa2cc77229172aba872bdc485294a.jpg,640,640
2997959696_output_output_jpg.rf.01b5c0d8d162fd620e84bcb3f0a5c521.jpg,640,640
2997959696_output_output_jpg.rf.4e34a7c123bbb3f7c2b7f04f28be8423.jpg,640,640
29_jpg.rf.016b46cddd35a5447747c4f7e020cb30.jpg,416,416
29_png_jpg.rf.5c7f7516a64ef22976931c1d51e7831b.jpg,640,640
29_png_jpg.rf.6536aeb5e217bff53c6b85bab4a7f65f.jpg,640,640
2a82f20b-image_176_jpeg_jpg.rf.655bc7cfa06c8acbbb7595360d6a98e5.jpg,416,416
2a82f20b-image_176_jpeg_jpg.rf.ad8aa98f5caa734907dbf065f03301e0.jpg,416,416
2c019971-image_26_jpeg_jpg.rf.3bfc54a4dbe461b7b4b87670ba34e383.jpg,416,416
2c019971-image_26_jpeg_jpg.rf.ba03b1944f38afdfa6e08ae29ee66a15.jpg,416,416
2c019971-image_26_jpeg_jpg.rf.caf306b60009ef179bb85f19338cc1fb.jpg,416,416
2caf494f-image_99_jpeg_jpg.rf.791d9aa90282ad399cef8903a29f7aac.jpg,416,416
2caf494f-image_99_jpeg_jpg.rf.ea6d9ccd38da6326d34e7447885c660e.jpg,416,416
2d8125c6-image_71_jpeg_jpg.rf.345a4fc38954d749e2ff422b71542c9f.jpg,416,416
2d8125c6-image_71_jpeg_jpg.rf.8938de33d4eae4b967b7a388a84993e7.jpg,416,416
2d8125c6-image_71_jpeg_jpg.rf.e9633373953695d177e96554581a0599.jpg,416,416
2e1cc0ef-image_189_jpeg_jpg.rf.4327c2d375de8b6337f68122646bb3b3.jpg,416,416
2e1cc0ef-image_189_jpeg_jpg.rf.56cf7b6420a48005eeba4556bdfc8b37.jpg,416,416
2e1cc0ef-image_189_jpeg_jpg.rf.95e3fe8675efb9e3185110b3f0a684f9.jpg,416,416
2f39126f-door0000306_png_jpg.rf.642e1e6bb7806ef9dd1907ca8c99854d.jpg,416,416
2f39126f-door0000306_png_jpg.rf.f27cfd486b427e655b43661586f667fa.jpg,416,416
2f39126f-door0000306_png_jpg.rf.f33147b2ebb641e9becf6155cfb4412c.jpg,416,416
2fd8e16a-image_16_jpeg_jpg.rf.9e7d67e4cb8f03097c21aaeebe93735a.jpg,416,416
2fd8e16a-image_16_jpeg_jpg.rf.e64a24c570fc58c83b1668ad4cd6d5fc.jpg,416,416
2_jpg.rf.a76e98fcf091fe84d3f4212da1d1b8cb.jpg,416,416
2_png_jpg.rf.151e0345f36db5975e8a4bc0f86df3fe.jpg,640,640
2_png_jpg.rf.2e35f9516765f77243b11e370a9b8a9f.jpg,640,640
3049779597_output_jpg.rf.a963ca9974f057caa2ded1cf60bf6fde.jpg,640,640
3053267399_output_jpg.rf.7a7e440b7d884685d12a8db26bd8ad62.jpg,640,640
305_jpg.rf.23846100fcf0c3a016c6437002f72664.jpg,416,416
306_jpg.rf.aaaee56d74bb9b68fa7f86b568d170d3.jpg,416,416
306_jpg.rf.f49b871f40822f25a63a112911be9cad.jpg,640,640
30922d5c-image_23_jpeg_jpg.rf.0c1447b95cad8c827431ee7bf17fd0f3.jpg,416,416
30_jpg.rf.406221992140a5d9ca566242ccaa6d38.jpg,416,416
30_png_jpg.rf.e5e831b1e98ad758f1b02ee44637f5c2.jpg,640,640
310_jpg.rf.183f19661c573d8f36528a54fa181733.jpg,416,416
31106a01-door0000260_png_jpg.rf.ecf898fb0d0307a37c7a92b8f478831c.jpg,416,416
31106a01-door0000260_png_jpg.rf.f4d568476872dae827628baaf6c0c920.jpg,416,416
311_jpg.rf.e684efaeaf0c86c298a0deb9a8cdf688.jpg,416,416
3126897520_output_jpg.rf.d6d97afca8c5d766856b950130fc67ba.jpg,640,640
312_jpg.rf.06cc43d7ed5d1aafa6b932472a6ab8de.jpg,416,416
313746e7e47c5fbb_output_jpg.rf.e3ceb76e36d6e74d77fd7512414bcaf7.jpg,640,640
313_jpg.rf.d516269cc0f6db566ce427a420ae4e36.jpg,416,416
3144256350_output_jpg.rf.2411e5b73975507c82923430f4ab80bc.jpg,640,640
314_jpg.rf.298eb50abe8fc172bcca1ac0313c1262.jpg,416,416
315_jpg.rf.88b185e2cef76245eb5592925ccd0845.jpg,416,416
316_jpg.rf.9f9b6cfedeb57b86c9d21e78f1332df0.jpg,416,416
318_jpg.rf.0dc701d4e6c49e824f70292ee4934732.jpg,640,640
31_jpg.rf.d7a1a8d56c3ab2cc5f2c81635008d260.jpg,416,416
31_png_jpg.rf.7211be3d26f8df8ee63d7ca120e1250b.jpg,640,640
31_png_jpg.rf.ce814d93eb963555c2afdf07f649c950.jpg,640,640
320_jpg.rf.748541b729f70ad6af78226dbfb5606f.jpg,416,416
322_jpg.rf.e165252c88513b5b9387c4f2a3a2cd63.jpg,416,416
32325b44-image_108_jpeg_jpg.rf.1e6a0c9cab131c2b9e2343f9880fc4bd.jpg,416,416
32325b44-image_108_jpeg_jpg.rf.262ab1c3d60a1e774780564a5cd330e8.jpg,416,416
323_jpg.rf.f64173cc630e7cad08a6c4f95f05113c.jpg,416,416
324_jpg.rf.1efd502d857fe0c379cbb6d777335481.jpg,640,640
324_jpg.rf.434d818d8b31fde0ce25bc829e1b6b82.jpg,416,416
3255523668_output_jpg.rf.22f1f49c1dc941385aa046a89ac2946e.jpg,640,640
325_jpg.rf.107052a0311936e953840165caf6bb55.jpg,416,416
325_jpg.rf.63ff44525191ec0ddeacd2d044a7d6aa.jpg,640,640
326_jpg.rf.ea6914d201324803b540c7efa18e6eab.jpg,416,416
327_jpg.rf.63fba96c66d456f65c14f82478ed560e.jpg,416,416
329_jpg.rf.07cd69bd768c167bfa618cba4e41fdb7.jpg,416,416
32_jpg.rf.1c0ce7953cbb579f19bcef183a234793.jpg,416,416
32_output_jpg.rf.b10127bb7beb9d93fc1a49704dcaea41.jpg,640,640
32_png_jpg.rf.cdbef4d4419e1c5e2cc8b1df7b94de5e.jpg,640,640
330_jpg.rf.21d0087e7fcf06d821213a648e22ce15.jpg,416,416
331_jpg.rf.f1d03afb5c62aab3c3dfe643af1697ff.jpg,416,416
332_jpg.rf.5bb12ea60abc95631a402bd9264b301d.jpg,416,416
3333ef5a-image_45_jpeg_jpg.rf.0841d7dc43f95c94b2366a20d7b3f7a8.jpg,416,416
3333ef5a-image_45_jpeg_jpg.rf.38b4e060c00c5320186647064d726ea3.jpg,416,416
3333ef5a-image_45_jpeg_jpg.rf.afa65016906eae091703ffe076f4dc8a.jpg,416,416
333_jpg.rf.74dd542cdd83cf6ef9275804fdb4972c.jpg,416,416
3346615188_output_output_jpg.rf.13241320da579dab62087e7a64f38618.jpg,640,640
335_jpg.rf.cacd9ca0116a047e4526e60636250a3c.jpg,416,416
337_jpg.rf.7c4d5c182e49fbf867f8ad44831d47f0.jpg,416,416
33_jpg.rf.21953d733d3c15658aca706b9e2d224f.jpg,416,416
33_output_jpg.rf.234a446de52ba58ea435f0e4cac78bfa.jpg,640,640
33_output_jpg.rf.5710bc0f72b2a8e8a5263472c47a36bb.jpg,640,640
33_png_jpg.rf.f87687be2184f03c683fb0aeb8549194.jpg,640,640
340ab945-image_30_jpeg_jpg.rf.21f6ad8db6be2d31ae1ce6978cd42cd9.jpg,416,416
340ab945-image_30_jpeg_jpg.rf.25fd403837e02861d715f90d217cabff.jpg,416,416
340ab945-image_30_jpeg_jpg.rf.7746849254acae3499432865a197271c.jpg,416,416
340_jpg.rf.f4011b95e0213ab45cc3bdaf3739ed3d.jpg,640,640
3419215622_output_jpg.rf.401fc18a1a940644f5f534f6b4ca1cb2.jpg,640,640
3419215622_output_jpg.rf.ec3be56df1cdb2d81600be153dba920a.jpg,640,640
341_jpg.rf.6141a19ee1031edd9730921eafdbdaf2.jpg,416,416
342_jpg.rf.3410cd7c228d17264c3fb3dff9b4ba76.jpg,416,416
3453356329_output_jpg.rf.f8cf63a38580b82e4ffe7386b96d9016.jpg,640,640
345_jpg.rf.9af55ba1df05705d607856a397bf8746.jpg,416,416
347_jpg.rf.0f00557fdd29a69e1d2e45e033e67973.jpg,416,416
349_jpg.rf.94c6583c3ddd31ddbd11f0b9bfd89e33.jpg,416,416
34_jpg.rf.92140264e4a2886e57f1d492bfd0c409.jpg,416,416
34_png_jpg.rf.a3556a061e20044651b1e478f9ffb577.jpg,640,640
34_png_jpg.rf.d20486e31ffa0d19ea9f6a7c3133e0e2.jpg,640,640
3505629987_output_jpg.rf.0501dfe84fd31f6851ba0a2f53d2af5e.jpg,640,640
350_jpg.rf.6a790551f34060ebba01d12c2d6e4752.jpg,416,416
352_jpg.rf.3774947ad5b2802f8289b8bec4bfd59a.jpg,416,416
353_jpg.rf.870fc14ba616e1435efe59c06431178c.jpg,416,416
354_jpg.rf.dfa81a77945cb56a5c7d7a2363db63b8.jpg,416,416
3555188166_output_jpg.rf.6b70840de158e4c45208a191afc7ce6f.jpg,640,640
355_jpg.rf.87b20c07a9d73f45a86ac131a0d8c50d.jpg,416,416
356_jpg.rf.a4309ef42c98878f1608f3a466a48413.jpg,416,416
357_jpg.rf.1613eaa39f18f8d6345a2edb9aaa8699.jpg,416,416
35_jpg.rf.c43906ffa72f179773a6688afbb959e5.jpg,416,416
360_jpg.rf.e73d0107a7d335f603a78203e19d2b7f.jpg,416,416
3613744271_output_jpg.rf.da5a594488f09a1576b2649579b6b305.jpg,640,640
3619882075_output_jpg.rf.8563bfd2385b0ed3dac28b412b160833.jpg,640,640
361_jpg.rf.60dbe57397ee3728aceafeaa8dcc886b.jpg,416,416
362e470f-image_101_jpeg_jpg.rf.1962d022cd68903ab1804e5b56cfcbe3.jpg,416,416
362e470f-image_101_jpeg_jpg.rf.7be90df468f07e5a78dc86698a762f65.jpg,416,416
362e470f-image_101_jpeg_jpg.rf.d3d4bbd2febb90a6e317593dc53ef110.jpg,416,416
362_jpg.rf.eedc8872c67cf012e630ee0066b93679.jpg,416,416
363_jpg.rf.11f616c18a015bf6a5f368abb617afb3.jpg,416,416
364e3eb9-image_15_jpeg_jpg.rf.751332be820ee9f67dfed9453b065edb.jpg,416,416
364e3eb9-image_15_jpeg_jpg.rf.f07253edfb5ad18169281416fab61f23.jpg,416,416
364e3eb9-image_15_jpeg_jpg.rf.faab46d5613600dc812e37f4ac8ae101.jpg,416,416
3651678396_output_jpg.rf.09d4fd07588529632f284ba59bb0825f.jpg,640,640
3656529794_output_jpg.rf.d130e38d864e1e07a3473ea8c39350f1.jpg,640,640
3656f893-image_91_jpeg_jpg.rf.98f3cc607f00704c17a713b4a4ca6503.jpg,416,416
3656f893-image_91_jpeg_jpg.rf.f43a00fef5f88755bd22b695dd5a19f2.jpg,416,416
365_jpg.rf.54837037529029641e2568dc2a4659e3.jpg,416,416
368_jpg.rf.089a816b3fd55c5249261a8758879236.jpg,416,416
36_jpg.rf.5030148178ac219e6cf5392e9cd1cc79.jpg,416,416
36_png_jpg.rf.919db3585bb32c24d1eb06af0ed329ff.jpg,640,640
370_jpg.rf.699f9d9362d545e3ee663875af51b4c4.jpg,416,416
371_jpg.rf.f1dfaee0b352cdf7cb1e9a0bee9e5a27.jpg,416,416
3723513631_output_jpg.rf.a529078dcc8880bb941436fc2aab418d.jpg,640,640
3724439420_output_jpg.rf.c73083d722a336aedd6f74bca4d26355.jpg,640,640
372_jpg.rf.1a8eaa8206065fbb2122f4cfb69a6352.jpg,416,416
375_jpg.rf.2a2908b1c6d1a649f6fe14336fb34342.jpg,416,416
378_jpg.rf.5e6db08c286ac0427c8d8a24c1afd53b.jpg,416,416
37_jpg.rf.65af98b39546e4d3c9943b940b84dbd4.jpg,416,416
380_jpg.rf.842dc05087ad2c244235c0d7e76c6568.jpg,416,416
3834218629_output_output_jpg.rf.5d11a51b81762366782a3b020acb224b.jpg,640,640
383_jpg.rf.08ff8ed16be8b2b7947f9c4d99c7b179.jpg,416,416
385_jpg.rf.548cf35a257c804942c1a7430fdb190b.jpg,416,416
386_jpg.rf.5b3f918dd3c95eb686d8076d71649a17.jpg,416,416
387_jpg.rf.96caeff0b6f5717519c2772271a047fb.jpg,416,416
3884925006_output_jpg.rf.47ccb14eb118ec5f784cd26023a6cded.jpg,640,640
389_jpg.rf.3a45359a4df5275466e0de61e292eba3.jpg,416,416
38_jpg.rf.50b629df3e2a2347159f1b05961cf6e3.jpg,416,416
38_png_jpg.rf.b5528b8daea4548401323b464c294fe7.jpg,640,640
38_png_jpg.rf.ff83ff75dafae7dba2d16510995eedd3.jpg,640,640
390_jpg.rf.ace88da90314d4eac89e31ef918ee8e6.jpg,416,416
391_jpg.rf.3f000a11bdc98b861be2eec95e493d27.jpg,416,416
3936627255_output_jpg.rf.bdd1c9ee3edc290c434dac57c36953a9.jpg,640,640
393_jpg.rf.498fe2305c8b90054a7aeaaef9c9a724.jpg,416,416
395_jpg.rf.20b2d91806a83d97180097344b694dc5.jpg,416,416
396_jpg.rf.609f4f7cfa8aa52d34fb6571cc9e1536.jpg,416,416
397_jpg.rf.1f152ee753ab6965b3f83707b0d1c9d4.jpg,416,416
398_jpg.rf.c1302467dc83299dfed3a7e997275fe3.jpg,416,416
399_jpg.rf.04b6cb484be95041381e177c0ce0f2a7.jpg,416,416
39_jpg.rf.85949bba2ead4eee98d5f5e8f8d233d7.jpg,416,416
39_png_jpg.rf.7b560ec5185d5ea865646e1ba0e6d590.jpg,640,640
39_png_jpg.rf.ecf8a86d4b05db1aebe0d0996965cdbe.jpg,640,640
3_jpg.rf.23c42297a7348acdeda2e65adcd035ab.jpg,416,416
3_png_jpg.rf.c89c761ad7a30422bfe09c1e16402988.jpg,640,640
400_jpg.rf.a02cadbe279b58de70556339ed36f419.jpg,416,416
401_jpg.rf.3feaa56991428948a78b74461e7d892e.jpg,416,416
403_jpg.rf.1491d44ae0c802cc588e422ad84fedfe.jpg,416,416
404_jpg.rf.b9c0bea3c58d4b5edf2ae3580919847c.jpg,416,416
405_jpg.rf.8c0b875599eaf11e3c91c2f275e7d420.jpg,416,416
408_jpg.rf.cc4abb3b0502e422d5b86394b27a2f3b.jpg,416,416
40_jpg.rf.377ccb734cc383d7c59b2cb759458e79.jpg,416,416
40_png_jpg.rf.da8e931ee72825801da219b07cd3377f.jpg,640,640
4103470552_output_jpg.rf.07d9d7698dec1fd3e4f5031f2b106ea2.jpg,640,640
410_jpg.rf.f7c8ad685a0b07a9b24a17c14f095ecc.jpg,416,416
411_jpg.rf.8d96361480e38498cc4a743690d944cd.jpg,416,416
413_jpg.rf.55d069e5ff3b08e9acba6f491d5deccb.jpg,416,416
415_jpg.rf.5e13568bb93192e0ba62d01587ac8d98.jpg,416,416
418_jpg.rf.89674e7d6959eed2bda9b515271a855a.jpg,416,416
41flip_output_jpg.rf.7761eb4df23fb0423643027347117bd7.jpg,640,640
41_jpg.rf.a695b1c1f6221d063c5cfadd56457a9f.jpg,416,416
41_output_jpg.rf.bc950e8d22930ef65521f97ea7a3144e.jpg,640,640
41_png_jpg.rf.95704bcc4dcb8f42cbd21e50bdbc5fbe.jpg,640,640
41_png_jpg.rf.da17c11a765b56ae6286e0ac4712dce5.jpg,640,640
420_jpg.rf.22c62c2f21be90be8b842999853c3e3a.jpg,416,416
421_jpg.rf.374f34c2daba75faab8178102f2ae31f.jpg,416,416
423_jpg.rf.52edef9eb58b5bb70df84f7e8783f7e0.jpg,416,416
4249852852_output_jpg.rf.6badb9a28dd0bd37c07c2774b3436f66.jpg,640,640
4249852852_output_jpg.rf.974e84561f72def039d7647057078f26.jpg,640,640
424_jpg.rf.a490cfb9eeceb2acbd02d1073b821a7c.jpg,416,416
428_jpg.rf.ecbe94c66eefc99f2a308c082d49e2ec.jpg,416,416
42_jpg.rf.8c9ee6986fbafb9acc8c4979572b9ac4.jpg,416,416
42_png_jpg.rf.c9fa5453470dcd6e20e574d64053be10.jpg,640,640
4316981877_output_jpg.rf.d23d1d97c6966f71273070c96b5e31b9.jpg,640,640
432_jpg.rf.f398e9ca01f453b847591e38c578000a.jpg,416,416
435_jpg.rf.16d64d4e7729db525e9d0a22ae8fbd90.jpg,416,416
436_jpg.rf.531f80bd8e6ecacd7f2342a388d5b850.jpg,416,416
43flip_output_jpg.rf.37bf3d9d49ffd6d4cca11896c5e33055.jpg,640,640
43_png_jpg.rf.150cf7d7cb000d44330bf087413ca257.jpg,640,640
43_png_jpg.rf.500a15840337ac9e1279ee242a4105b7.jpg,640,640
4408051f-image_145_jpeg_jpg.rf.0f0a5274e94d6c61ea7dccaa8f40535f.jpg,416,416
4408051f-image_145_jpeg_jpg.rf.ce17ea576e8db5bf4387693ef9715b1b.jpg,416,416
440_jpg.rf.28ba6bc01feeb8b08845048287f62cf0.jpg,416,416
444_jpg.rf.ff735aa5c728cbf51c87f7959c575c65.jpg,416,416
4453835298_output_output_jpg.rf.3daf94d0aa9795560d4f750f175d14d1.jpg,640,640
447_jpg.rf.2d822199c695428398cddc5880deea64.jpg,416,416
449_jpg.rf.6187774b40eeffda00f037cbf58a1e54.jpg,416,416
44d9ad71-image_107_jpeg_jpg.rf.93991089a5d2d7369ecd1e08d3f345e3.jpg,416,416
44d9ad71-image_107_jpeg_jpg.rf.a98ab233937e1ef3d81a8e8dea10066b.jpg,416,416
44d9ad71-image_107_jpeg_jpg.rf.f4099eba13b451f4d730f105eef53d3e.jpg,416,416
44_jpg.rf.d4ec10cff73e86027ec0d36a08efe26f.jpg,416,416
44_png_jpg.rf.c6ca8e98b8c9be4fc6832eb82b58c414.jpg,640,640
4518035910_output_jpg.rf.d3014eda99b962f3c869f5e29bbfa43e.jpg,640,640
453_jpg.rf.31308947c14cfeae5f3861b7e89c2b2a.jpg,416,416
454_jpg.rf.adf7425dbb348c2c56edb792db16ac52.jpg,416,416
455_jpg.rf.1ab2f733b13e97c089cb125d7220b376.jpg,416,416
459_jpg.rf.b172752eed922106771532a969cebde3.jpg,416,416
45a2d61e-door0000078_png_jpg.rf.9fadf222f8aa7c7cfd9eb00aa078c4c1.jpg,416,416
45a2d61e-door0000078_png_jpg.rf.c1c8848eb8eccd522fd6c74699b9fc56.jpg,416,416
45a2d61e-door0000078_png_jpg.rf.d55e6b081bf94f6dc0bfe1769cfc6ce7.jpg,416,416
45_png_jpg.rf.996e00630f4d4f4876947a2aee49198c.jpg,640,640
461_jpg.rf.cf6c9aea9e2214fc3ab8e57d90736e70.jpg,416,416
4622367409_output_jpg.rf.16c8d4ede178f1bfef5b10214b4b51ee.jpg,640,640
463_jpg.rf.9b45ad8973058684fc59a0f2d2e3f9aa.jpg,416,416
4653862247_output_jpg.rf.9ef4f8c19370e61e28466ff3e5a06320.jpg,640,640
4656523209_output_jpg.rf.159f84dbc0d33e96628c43c4078919f1.jpg,640,640
465_jpg.rf.ccfcef9a221cc915b2ebbecc052e77b6.jpg,416,416
4692452521_output_jpg.rf.cc31dc2e93a01e6bff531d50981ccf17.jpg,640,640
46_jpg.rf.86a84e5fa17b63c6908fccae3d538099.jpg,416,416
46_png_jpg.rf.41d54ba2495bf44697101642284acd0a.jpg,640,640
46_png_jpg.rf.8d34407c389c5cfd275b01509cd5ada5.jpg,640,640
4700ffb0-image_89_jpeg_jpg.rf.56090db6b94372e2f2e120840e466a60.jpg,416,416
4700ffb0-image_89_jpeg_jpg.rf.5d5c69023e2466700e4ad5d817d5f9fd.jpg,416,416
4700ffb0-image_89_jpeg_jpg.rf.e9ff8920345b1808a4c41889802d71e8.jpg,416,416
470_jpg.rf.e5dce7de7089dbb630cd3cdf54a1a4f3.jpg,416,416
471_jpg.rf.e30a20eceb45f214dfbade3d109f46fb.jpg,416,416
4754507016_output_jpg.rf.dff7e0393817f10b01a2d4693c03f60c.jpg,640,640
475_jpg.rf.2e28f43c3e275aee330a0cb8d43340e0.jpg,416,416
478_jpg.rf.dd705ed2d8d3559af90ff1c998b76e4d.jpg,416,416
479186b3-door0000678_png_jpg.rf.74e473a9bdedabe87b709ae9906a1dc5.jpg,416,416
479186b3-door0000678_png_jpg.rf.c3cbef99dec87c6ee80c75458c1a07a5.jpg,416,416
479186b3-door0000678_png_jpg.rf.f3dbf98096221a2c6ed0b72408a3c34c.jpg,416,416
4798873909_output_jpg.rf.a8242e4f843ffe76bd92d44feed3a852.jpg,640,640
47_png_jpg.rf.6d4c58ad786862bb209c3fcd546bb3c8.jpg,640,640
47_png_jpg.rf.8de2e0f8acadb43dd46489b5a563a6cd.jpg,640,640
482_jpg.rf.bbf4c79c8fcce5dc6ca52f2af3752ea9.jpg,416,416
484_jpg.rf.501fecf08f889b46bbb8d078e9cb8bd0.jpg,416,416
4851566287_output_jpg.rf.c891e025a4a60a6e3122f96e32fed477.jpg,640,640
4853918952_output_jpg.rf.5f916304db7f7ca666a0d8ebf0d5c902.jpg,640,640
4853987268_output_jpg.rf.381b7bee64a02cedbb140d23f763821e.jpg,640,640
4867600234_output_jpg.rf.f1eeadf3275f08cdabe40b0613999d81.jpg,640,640
4869334632_output_jpg.rf.36dbdbff6cd9ac659b02f5a3b5b4419c.jpg,640,640
486_jpg.rf.5f51463e508f260b001c8152c59fdcbd.jpg,416,416
487556426_output_output_jpg.rf.3290dd989ef77f1fd4a355369747c4b3.jpg,640,640
487556426_output_output_jpg.rf.39d9299eba2ccdbe44fa9d225dfbd431.jpg,640,640
48_jpg.rf.65d3768253825efd2c2c72a97766b186.jpg,416,416
48_png_jpg.rf.e46669723297668cfed2126aa061dc10.jpg,640,640
4914204328_output_jpg.rf.09f410b62bffa7548a9c3804b5f25e84.jpg,640,640
494_jpg.rf.2be7d7df32a2638221e02294eb542171.jpg,416,416
4954558935_output_jpg.rf.8524d7ffd61ac8df290c921b33b2c3be.jpg,640,640
495_jpg.rf.dd8f8ae77e0bed305a0a815a118ea9da.jpg,416,416
496995352_output_jpg.rf.d23c4315171a8ed8f354728fb7d2c7ee.jpg,640,640
496_jpg.rf.6e9fae68fbc015e91dc5f73f33b52c07.jpg,416,416
497_jpg.rf.3224bbd70a9fcb2d2f5383eda9a1c463.jpg,416,416
4983566322_output_jpg.rf.4c619804e52061b5e844eb4ffaed2487.jpg,640,640
498_jpg.rf.0a5dc2da92282bf6b9278b52ec7c94a9.jpg,416,416
4991850504_output_jpg.rf.181d7321974dc754078919f5224b4a1a.jpg,640,640
499_jpg.rf.adfeafd23784b6e80317d052aaa65fda.jpg,416,416
49_jpg.rf.9cc8f22c6c8fdabcaefae44254bf1b65.jpg,416,416
4aa7134f-image_155_jpeg_jpg.rf.d5797606349ca16042abb9e8aaf59406.jpg,416,416
4aa7134f-image_155_jpeg_jpg.rf.efbed6f2174443b0fd797cce9b365968.jpg,416,416
4aa7134f-image_155_jpeg_jpg.rf.f4b33a820543e20d3bc9f222a3f4a9fd.jpg,416,416
4bc73e2c-image_32_jpeg_jpg.rf.417c7a35745bba5b036c171e2240f129.jpg,416,416
4bc73e2c-image_32_jpeg_jpg.rf.513d5b7cb3de162474ea1f182d9d4543.jpg,416,416
4bc73e2c-image_32_jpeg_jpg.rf.bd7a0f9f5d5e0f207fef2a5914861dfa.jpg,416,416
4cdb039a-image_151_jpeg_jpg.rf.65fc66d38ae3f30bae0ee79039a4bd61.jpg,416,416
4cdb039a-image_151_jpeg_jpg.rf.ac2b86e9d5729f0b00e7ccbdc3cca715.jpg,416,416
4cdb039a-image_151_jpeg_jpg.rf.c4846930b054ae2d063fb81b71807fa9.jpg,416,416
4d381bd7-image_121_jpeg_jpg.rf.1cba602f1586dd4720ffd9bf7cbd2a11.jpg,416,416
4d381bd7-image_121_jpeg_jpg.rf.45e0b3c323cfdddb8d00e871ca6e18e1.jpg,416,416
4dad06bb-door0000196_png_jpg.rf.379ae95fd751f7113a345aa06e9cca1a.jpg,416,416
4dad06bb-door0000196_png_jpg.rf.4ebc4eb87abf6672bfc7b85d08ab45c9.jpg,416,416
4dad06bb-door0000196_png_jpg.rf.7f873ff379cd1ca99cf45c322ef0955a.jpg,416,416
4e17eef2-door0000021_png_jpg.rf.55550118c3d4243f06830659ff355535.jpg,416,416
4e17eef2-door0000021_png_jpg.rf.8977a21213ce299e4af683bd087f2973.jpg,416,416
4e17eef2-door0000021_png_jpg.rf.f93e2e2b67a1418d9fc97a26083726b8.jpg,416,416
4e3c4fef-image_167_jpeg_jpg.rf.2d1ec8e6e70375c1e5221250670c5d13.jpg,416,416
4e3c4fef-image_167_jpeg_jpg.rf.8dee078f8c631c2bf227c81576826a35.jpg,416,416
4e3c4fef-image_167_jpeg_jpg.rf.d15493cb1d0facdd62bcb3809913162c.jpg,416,416
4ef28840-image_109_jpeg_jpg.rf.9c4b10e4a9e86623d4fe1943f49798a0.jpg,416,416
4ef28840-image_109_jpeg_jpg.rf.d053abdf620af90411aac2207fc96949.jpg,416,416
4ef28840-image_109_jpeg_jpg.rf.ff6b89c3ee9758bd352152731560a111.jpg,416,416
4_jpg.rf.6cde79d46de13cfdb4af0714b1ae06b6.jpg,416,416
4_png_jpg.rf.5551ccdad39fb91b7b02d0280494e9e8.jpg,640,640
4_png_jpg.rf.88a24464bd76bd51bc432cabd0ff68a0.jpg,640,640
501_jpg.rf.8bc75f57c691fe7c8f0842f7601eb38a.jpg,416,416
502_jpg.rf.96a46cd9c1e51794d50179cef0cc8daa.jpg,416,416
503_jpg.rf.733dbdf2c966069e61401815e6394229.jpg,416,416
5042240149_output_jpg.rf.7e2fc580f69acd766f8040a950b2ca24.jpg,640,640
504_jpg.rf.6e00f7b8d032ca56e3f21b9f3825765f.jpg,416,416
50efe4de-door0000269_png_jpg.rf.30d6080fa6e68ebf675d938ebec3c894.jpg,416,416
50efe4de-door0000269_png_jpg.rf.7e9125b94c6d47349204a53b6324d8b2.jpg,416,416
50_jpg.rf.244de9b23fb8e19e29ea4221729f2d5b.jpg,416,416
50_png_jpg.rf.c9ed0c10af21dce850e9b2e863d726dc.jpg,640,640
5111367064_output_jpg.rf.3010d1a095a28ecb97e218610a81d209.jpg,640,640
5137393726_output_output_jpg.rf.c5b05c84cd1d7be9ef84e586ab9f20a8.jpg,640,640
5155458775_output_jpg.rf.98454fc5764f870664c1306dc3c8897c.jpg,640,640
51_png_jpg.rf.470da456801ba57e02b6462fd50367f3.jpg,640,640
52261341-door0000513_png_jpg.rf.1567f47d1901872c69386d005a0be416.jpg,416,416
52261341-door0000513_png_jpg.rf.7a39099bd394ab5e7751e8ecdff5a85f.jpg,416,416
52261341-door0000513_png_jpg.rf.e38588110f1a0b241c27a87c98cf813f.jpg,416,416
52_jpg.rf.a4b6c68409d19e0870a861c638fb5f46.jpg,416,416
52_png_jpg.rf.204968ad264dcfd44cb7db1eb0b6ebfc.jpg,640,640
52_png_jpg.rf.78d41a9b61e0e08d5cae2c887ef3a3c8.jpg,640,640
53876ea5-image_87_jpeg_jpg.rf.82d59e51781f6985b49658cd4a5d17b7.jpg,416,416
53876ea5-image_87_jpeg_jpg.rf.bc63fd551252ffb59fe7a83e7c1d4c07.jpg,416,416
53876ea5-image_87_jpeg_jpg.rf.e3b440501e7a0055c9b3fc028f244e4a.jpg,416,416
53_png_jpg.rf.707a1fd92b7b4129a2ff2dfb0d59a3c7.jpg,640,640
53_png_jpg.rf.87022c301dbcd0f54ccb0be54c6d1093.jpg,640,640
5402019923_output_jpg.rf.075d2d1ca37d8bcf93f614b7a2d4e744.jpg,640,640
5402019923_output_jpg.rf.96c0bc745c88b711fa43c2b27340eeda.jpg,640,640
5406024500_output_jpg.rf.311c18ad78f5bcdc72fcd42ebb357bb2.jpg,640,640
5420629272_output_jpg.rf.a1af3a6c7a60cfe465f871aea7b52da5.jpg,640,640
54_jpg.rf.d1be84071593d48777e4e38a86e9d78a.jpg,416,416
54_png_jpg.rf.2a692f7b404e45392baa07f330f11ac4.jpg,640,640
54_png_jpg.rf.92f51fb668f6b52374dfe8c6524364af.jpg,640,640
5506438543_output_jpg.rf.5197a3b26215f1c733935de6f812dd1d.jpg,640,640
5530655885_output_jpg.rf.1feb271202bdf15913d177e6d3140eb4.jpg,640,640
5537254831_output_jpg.rf.a871011a78c2e73ec3856b65dd6174c5.jpg,640,640
5579030715_output_jpg.rf.81f43a2f3a90d33bb8d053f267a10cb3.jpg,640,640
5584277729_output_jpg.rf.c92febbec1afcb0a1601f19013694f0b.jpg,640,640
55_jpg.rf.4677c97a38e95dab13443fde4125b461.jpg,416,416
55_png_jpg.rf.26b933d339c1508f156f41d3f9207c67.jpg,640,640
55_png_jpg.rf.5843feb9285e1ac1ce203d90ab2a67c3.jpg,640,640
5678809423_output_jpg.rf.431ade9de886b8ddbdee572d68b89849.jpg,640,640
5690698213_output_jpg.rf.39b9c8975fb34794ad2e0276fa72e7cc.jpg,640,640
56_jpg.rf.e80b4c1a30bd0ab3dec154b431533043.jpg,416,416
56_png_jpg.rf.d7c93904a2dcef3c5e33ff1bbf279512.jpg,640,640
5757160916_output_jpg.rf.59f614576526c2cc8376924020d530af.jpg,640,640
57_jpg.rf.73900cffde5a5a8f77c4776a383c52ff.jpg,416,416
57_output_jpg.rf.9beae705e69dd7f89eec83931d6fcc62.jpg,640,640
58_jpg.rf.a222945f5fe2cffd56ea36cc73f09d94.jpg,416,416
58_png_jpg.rf.ccb161d441c82d9b29413897def0fb0e.jpg,640,640
5917814539_output_jpg.rf.208cbf7075de8769326debf9e1961adc.jpg,640,640
5917814539_output_jpg.rf.533faa3f6e797839843888ad7f1c16fd.jpg,640,640
595d3e6b-door0000299_png_jpg.rf.47aee79c82110bd914ce95a7836f0504.jpg,416,416
595d3e6b-door0000299_png_jpg.rf.7248b8e3528952623d59a568a6542640.jpg,416,416
595d3e6b-door0000299_png_jpg.rf.dc4e2068654df1ae0d20528b3cc632c1.jpg,416,416
5994056563_output_output_jpg.rf.aecde2ba5d7176ce7f127e10b68833be.jpg,640,640
59ea4c10-door0000809_png_jpg.rf.504b47c26684956f6351bf58fbc57e78.jpg,416,416
59ea4c10-door0000809_png_jpg.rf.a35513a17f30dfe2365c7fec1e39742e.jpg,416,416
59_jpg.rf.0bc079aef1a4d576c81932c2651097a2.jpg,416,416
59_output_jpg.rf.b1ed344dfda9e659579f1f54bb905f51.jpg,640,640
59_png_jpg.rf.99e15779f03233452f3a50f581de4474.jpg,640,640
5b7656e9-door0000022_png_jpg.rf.15852c7fbe07e519afc40a1b997d9d12.jpg,416,416
5b7656e9-door0000022_png_jpg.rf.484cb601d3705060daca4943323aea18.jpg,416,416
5b7656e9-door0000022_png_jpg.rf.e09e6e30daf53aec987abded75b16417.jpg,416,416
5c7ce2e9-image_174_jpeg_jpg.rf.631c9c5923a36a0763666842e439dc50.jpg,416,416
5c7ce2e9-image_174_jpeg_jpg.rf.8a73f85db9b40b62704ac5849cb8ecde.jpg,416,416
5c7ce2e9-image_174_jpeg_jpg.rf.b8d7f40c5b2f3a7fb0432dc2e78d8333.jpg,416,416
5db853d0-image_92_jpeg_jpg.rf.02cfc349745f78faf05bd9b94b2f0d02.jpg,416,416
5db853d0-image_92_jpeg_jpg.rf.27d8e7fef94de34cb570dd7fbfc3b44a.jpg,416,416
5db853d0-image_92_jpeg_jpg.rf.776ae5d1c05fcd0039ae30b4d754eb0a.jpg,416,416
5ff79ce0-image_35_jpeg_jpg.rf.b1193d2d21bddc85db1c199fa09dc41c.jpg,416,416
5ff79ce0-image_35_jpeg_jpg.rf.e95e404e160b271ca35687df829f4f42.jpg,416,416
5ff79ce0-image_35_jpeg_jpg.rf.f6ddc0ba453e6417ac220877a608bf20.jpg,416,416
5_jpg.rf.d4c3ed206c5a2a69ac83db61d7fd4128.jpg,640,640
5_png_jpg.rf.2826f62aa2cc1d589c919ec7540e0d31.jpg,640,640
5_png_jpg.rf.c7fd51ce4a993475125cf93a7d885a56.jpg,640,640
60_jpg.rf.d5bb6dcfe2c03e32127ed07123a56fc8.jpg,640,640
60_png_jpg.rf.17b2e7bbf7745186c18f256e6a28e830.jpg,640,640
60_png_jpg.rf.bd16ec8abbfbdbcc9f5ae090b9040ed7.jpg,640,640
61b43efa-door0000640_png_jpg.rf.0ccb3780b99c9d16033712cc56b1042e.jpg,416,416
61b43efa-door0000640_png_jpg.rf.4ca2ca066d437e1ef15f5e002ccfff8a.jpg,416,416
61b43efa-door0000640_png_jpg.rf.ca80320da2598fba1e2164556328619c.jpg,416,416
61_jpg.rf.3e5d4f10d1fba37d80ebabba4db047b6.jpg,416,416
61_jpg.rf.73342293876bc4fc5b34a3b7c72c5b9a.jpg,640,640
61_png_jpg.rf.46c5024bb04fea1c55ae696297841e51.jpg,640,640
62_jpg.rf.c05d49dff3fbedce56db15c53cb0dcaf.jpg,416,416
62_jpg.rf.f7b6da6d1c16595c7db2078a83c140c7.jpg,640,640
62_png_jpg.rf.77c45e920350c3de4a1ecf324efbe143.jpg,640,640
636256c8-image_156_jpeg_jpg.rf.13fc68d93b03bdeb9a245e58992c6cb9.jpg,416,416
636256c8-image_156_jpeg_jpg.rf.5e3ba3a6c463824da1c8313fc4aeb58a.jpg,416,416
63_jpg.rf.3272ac2d8cdaab4d090336c5d1cfa5c7.jpg,416,416
63_png_jpg.rf.4f23786676138f3faeaaf1aae45f7a9c.jpg,640,640
646a5765-door0000897_png_jpg.rf.5908a305becd9d5d02426d5176296ac8.jpg,416,416
646a5765-door0000897_png_jpg.rf.6afdce0092cd47c7083a9cd750d70cac.jpg,416,416
646a5765-door0000897_png_jpg.rf.ba9ca9d4a20e2214188d705798e9ac0d.jpg,416,416
64_png_jpg.rf.5af921c85bab4210364fe50718a15c76.jpg,640,640
64_png_jpg.rf.f9fde16f99a01a23e9bfb07ea17764d2.jpg,640,640
65_jpg.rf.23383caa2149d9f949864b25be0c69f1.jpg,640,640
65_png_jpg.rf.c784069989cedee5c5a35eae807ad4f3.jpg,640,640
65_png_jpg.rf.e23b64b282e8d416ddb15ecf31fbcfe8.jpg,640,640
66_jpg.rf.6e8d89cc8e0ce75405d9e05f6aa8e626.jpg,416,416
66_png_jpg.rf.37e416ac08dbb6ee0e3eca0fb6a1e64d.jpg,640,640
67_jpg.rf.02e9bbfbd3a4dc947ae98a4f545c2176.jpg,416,416
67_jpg.rf.f604f1f16be89e2c35d5b29ef7b4bb21.jpg,640,640
67_output_jpg.rf.3dc8a136dc12e36b4ede0c53ad8b5759.jpg,640,640
67_png_jpg.rf.bdd702c726ff3d0585d358c4aff39560.jpg,640,640
67_png_jpg.rf.c43bc05b7297cf215cadf1c8704edfbf.jpg,640,640
68_jpg.rf.ebaa3c20b78bf50d9c257562f3478a2d.jpg,640,640
68_jpg.rf.f277a172af1351ee8cff129cd64ffa3e.jpg,416,416
68_png_jpg.rf.748b8c00543658bc7e6d81d8e0d91129.jpg,640,640
69c722c3-image_112_jpeg_jpg.rf.5fb1fa824489c69d1eba0ce3d783a58c.jpg,416,416
69c722c3-image_112_jpeg_jpg.rf.86af26961211bfee4ddfdb906991c273.jpg,416,416
69c722c3-image_112_jpeg_jpg.rf.a09b51c8619f8692e1dbff61bf43fded.jpg,416,416
69_jpg.rf.23cd55022f47f0d2a2f9e5b020012d4e.jpg,416,416
69_jpg.rf.fc1f46071472b52c7503a320e9dd4fe4.jpg,640,640
69_png_jpg.rf.3764015ea640e79cd5dd2d73f2d5c9d5.jpg,640,640
6a03c3b6-image_196_jpeg_jpg.rf.52e54d7cf00f0a0defabc344dcd411e0.jpg,416,416
6a03c3b6-image_196_jpeg_jpg.rf.933fa6a274a32efe6c98dad65b0bd519.jpg,416,416
6b307215-image_78_jpeg_jpg.rf.872f76e82353db4aac1a6d6ff5507fd6.jpg,416,416
6b307215-image_78_jpeg_jpg.rf.d2abba2bf05e3689d61410c978132764.jpg,416,416
6b307215-image_78_jpeg_jpg.rf.dd33b8595a05e7024f90a3eeb1653c7a.jpg,416,416
6f1205ff-image_37_jpeg_jpg.rf.4e818187706014bbcaf1fe173891f7a9.jpg,416,416
6f1205ff-image_37_jpeg_jpg.rf.be4acc2e57d9f5a7d4db354a32ada353.jpg,416,416
6f40cc7b-door0000313_png_jpg.rf.23fd7dfc6185e45ec236793017e99a58.jpg,416,416
6f40cc7b-door0000313_png_jpg.rf.d029df2f2a4b9a33a6b8ea711630b586.jpg,416,416
6f40cc7b-door0000313_png_jpg.rf.d86c95b675517ef055e6b3166a7f9fd7.jpg,416,416
6_jpg.rf.751c8c9972625811133dc79527009692.jpg,416,416
6_jpg.rf.d1dc4fcfed5c53a48a28327a48834771.jpg,640,640
6_png_jpg.rf.e6a4f35ec1a9b7778e88f3f0e9e9ff77.jpg,640,640
6_png_jpg.rf.e7a37b7de3cfddb9c21c94d0907ee042.jpg,640,640
70f43ca3-door0000955_png_jpg.rf.289a855b064fd04a1cedcf8b5711f2bd.jpg,416,416
70f43ca3-door0000955_png_jpg.rf.453a146b40557e69b9e1f5eca64b6277.jpg,416,416
70f43ca3-door0000955_png_jpg.rf.94defc6ebf68db0a04d35bbbbf73f3f9.jpg,416,416
70_jpg.rf.5c0e7354d8b9580460a67efde387acb8.jpg,640,640
70_jpg.rf.e78d447931f5bef1d76a3706e9de511c.jpg,416,416
70_png_jpg.rf.444f4586eae8b724d2d02d9b410b7131.jpg,640,640
71_jpg.rf.c467be801420367432147def70dab257.jpg,640,640
71_png_jpg.rf.387162c2e07159cb3db98e511042679e.jpg,640,640
71_png_jpg.rf.caf9d0a08b1d2ad5b383292a01bb3615.jpg,640,640
72_jpg.rf.02b68ba0d7110d9a01cff8939c5f6647.jpg,640,640
72_png_jpg.rf.c643e38cfe3dc9dbb735be59482503a3.jpg,640,640
73502801-door0000622_png_jpg.rf.0c58d80c2bd1796a997209325d750a9e.jpg,416,416
73502801-door0000622_png_jpg.rf.12d69c76e7bad5021cfa37950aae73bc.jpg,416,416
73502801-door0000622_png_jpg.rf.294a6a56a401a59d516dbeb6f027df3f.jpg,416,416
73b72400-door0000170_png_jpg.rf.266b313c30e63e932fbc798be523e67b.jpg,416,416
73b72400-door0000170_png_jpg.rf.a56a62ce71ad72fc29ee982c87a3857c.jpg,416,416
73ee0da0-image_157_jpeg_jpg.rf.003d05f493a8596dc46ce6eaeb2dca82.jpg,416,416
73ee0da0-image_157_jpeg_jpg.rf.22bf04d598f977417f8124295616c086.jpg,416,416
73ee0da0-image_157_jpeg_jpg.rf.f7965dd1831e61e38cd87919b4d1cb43.jpg,416,416
73_jpg.rf.9b862f2d46b5217a551ed358ae0ee843.jpg,416,416
73_png_jpg.rf.11db7b61817955b7a7e5c2c7402092ab.jpg,640,640
74805be6-image_164_jpeg_jpg.rf.64901a69b98f15e590cd104916ad602d.jpg,416,416
74805be6-image_164_jpeg_jpg.rf.aa29a28f5916dcaf6a576dba50fcc6ab.jpg,416,416
74805be6-image_164_jpeg_jpg.rf.afa78c21d02ac09c53bb5677bc2269e0.jpg,416,416
74_jpg.rf.c2fb0f39661c22c1b13b2e8def329b78.jpg,640,640
74_png_jpg.rf.ccbd5d8e8112f189329e886b52316a44.jpg,640,640
753f901c-door0000002_png_jpg.rf.2a0f8f9088a5fb690f846160bfa2577e.jpg,416,416
753f901c-door0000002_png_jpg.rf.be6a27cf69ac24cc77454e96625206be.jpg,416,416
75_jpg.rf.e47b8997a3846fc7bf54cfcd9536e6bc.jpg,640,640
75_png_jpg.rf.2cdd9c018a8ee6ac359bb6121bbf8aa0.jpg,640,640
75_png_jpg.rf.3f50351bf749705990f7c1bd73360e53.jpg,640,640
7624e82d-door0000007_png_jpg.rf.291656fea0d9ed4f5226d26dac4e2cb7.jpg,416,416
7624e82d-door0000007_png_jpg.rf.6fc6b3b8c2c752aae528243a255aa0b5.jpg,416,416
76flip_output_jpg.rf.c1246ceabc3fddf261806ffa62242d8a.jpg,640,640
76_jpg.rf.2bb6f711b5285bf24a0cd17d3a6b0fe3.jpg,640,640
76_jpg.rf.73ed78fc7c275617c95c57886621b5db.jpg,416,416
76_png_jpg.rf.0630bbeb839dd36da42330dadea4236c.jpg,640,640
77flip_output_jpg.rf.0ace291502858187531e6bdbe3c77f53.jpg,640,640
77_jpg.rf.7e1f420342634b3c4a15808167b57538.jpg,640,640
77_output_jpg.rf.55e43183ee7d09b9d286220a74eaa78a.jpg,640,640
77_png_jpg.rf.194c2c5711fdc134e94a8546183c185d.jpg,640,640
77_png_jpg.rf.b7d63f92d75b5aa463329e0dd723f397.jpg,640,640
78_jpg.rf.ba7858eb3d7fb9fc36e0809865af8429.jpg,416,416
78_png_jpg.rf.3a1042dc8a56c5de82ad79631ba6a635.jpg,640,640
790ad0f0-image_136_jpeg_jpg.rf.0917048da19ce20bc962dad735ad213c.jpg,416,416
790ad0f0-image_136_jpeg_jpg.rf.36cc5274ebf0d1ef7cea4c47a548a9a5.jpg,416,416
790ad0f0-image_136_jpeg_jpg.rf.61dad0d7692d54f920abacb674d10071.jpg,416,416
7931442b-door0000808_png_jpg.rf.3ffdf0641e9696ad36642779e5a722fe.jpg,416,416
7931442b-door0000808_png_jpg.rf.82a64ff0b6ba38cb026f9da2944d59d6.jpg,416,416
7931442b-door0000808_png_jpg.rf.e4ea233723cc9a85085daaeb9f2e80f6.jpg,416,416
79_png_jpg.rf.31c0a49b562db43c8c6299fd586a88f3.jpg,640,640
7ac1e8c5-image_39_jpeg_jpg.rf.602edf08b4999d3bb96d33af03325901.jpg,416,416
7ac1e8c5-image_39_jpeg_jpg.rf.969dd113f5286c6f457cf10829afd9b5.jpg,416,416
7ac1e8c5-image_39_jpeg_jpg.rf.c5864a2d7fe45f070e3dedc5f7e85dc8.jpg,416,416
7ad8bcc463c2bb36_output_jpg.rf.9e8dbc2c6f5a5534588d0a08457ebd12.jpg,640,640
7e57bc8b-image_137_jpeg_jpg.rf.1decdd4c99c1ec0d5e68ffed6ef721ac.jpg,416,416
7e57bc8b-image_137_jpeg_jpg.rf.3b24fc00a7a72d8bc6a4626eba615e89.jpg,416,416
7e8fc9e3-image_11_jpeg_jpg.rf.87b441a64963c2d11be0f4f6c6699596.jpg,416,416
7e8fc9e3-image_11_jpeg_jpg.rf.990e4bda61ebb038dc7f8a3e29144cc5.jpg,416,416
7e8fc9e3-image_11_jpeg_jpg.rf.9aeaa92e63a7a16b33e2e952b7fc74b0.jpg,416,416
7ee77683d6a0d966_output_jpg.rf.6d5b7a13999e810f16475e7b2ae97568.jpg,640,640
7_png_jpg.rf.143514449489217d3a1446001fc5d6ec.jpg,640,640
80_jpg.rf.b5164f49f9bde5fba73d3f3ee349503a.jpg,416,416
80_png_jpg.rf.52d53cb515e9321a946130b0548965d0.jpg,640,640
81525c64-image_178_jpeg_jpg.rf.7ec8443e0104947cf539bf200aac02af.jpg,416,416
81525c64-image_178_jpeg_jpg.rf.db4d3ab76960a676ad227a2bcc757b11.jpg,416,416
81525c64-image_178_jpeg_jpg.rf.e1085ae9c4857ace38d0494e7d860a71.jpg,416,416
81_png_jpg.rf.cd2a395a32780196722a6f8019cd3130.jpg,640,640
81_png_jpg.rf.f4f4dc1756ca10931a9be2cf2bd7069a.jpg,640,640
82_jpg.rf.a598c267ddad0ca08dffb29e942f9731.jpg,416,416
82_png_jpg.rf.c586b8c84af708e01fb7c94c3bc1c6c9.jpg,640,640
82_png_jpg.rf.e1bb0c304472c2c9dd570845da0278ef.jpg,640,640
83_jpg.rf.8281f8cb80b094e7a2f1646c2fe99965.jpg,416,416
83_jpg.rf.f5eba724d00390c90434695e0d765f98.jpg,640,640
83_png_jpg.rf.7ec4c2a93b269ebe6c9f59ecad6aa3e5.jpg,640,640
83_png_jpg.rf.bb7dc6c85eb0223b149cc5df3ef05179.jpg,640,640
843d091a-image_82_jpeg_jpg.rf.336167842b8053692790bc44ec46b5b8.jpg,416,416
843d091a-image_82_jpeg_jpg.rf.e4c181c0faf48c01c0eb7fc5e9912ca7.jpg,416,416
843d091a-image_82_jpeg_jpg.rf.fdc16da1edcae7dd998f99757dec39d7.jpg,416,416
84_jpg.rf.57f9c4dde50993e9e6d2a094fe7db69a.jpg,416,416
84_png_jpg.rf.dc893ec8560931f101cf2044e2e0832e.jpg,640,640
853b3da7-image_67_jpeg_jpg.rf.4c4c3fc0c1a8b0b1b6862f5a8e8ae7ed.jpg,416,416
853b3da7-image_67_jpeg_jpg.rf.78a318cae4a713fbb092058c80d63824.jpg,416,416
853b3da7-image_67_jpeg_jpg.rf.b1131daa01b870f468e8cf0986b2fae4.jpg,416,416
85823957-door0000518_png_jpg.rf.2c10096764a5c9eb213b61191220815a.jpg,416,416
85823957-door0000518_png_jpg.rf.c93cc74ada410e3d4c97983cbe83ce5d.jpg,416,416
85823957-door0000518_png_jpg.rf.f6e92194cd6b5e85dfd3d594b4bf4e1d.jpg,416,416
85_png_jpg.rf.b466d05f688cc66dd7df7f3057699e7e.jpg,640,640
85_png_jpg.rf.d6d13de3c6c88a69a703d4be0d8b47ea.jpg,640,640
86b4c966-image_38_jpeg_jpg.rf.a6fc4a8b16568daa0e4f18bfeb7b76a5.jpg,416,416
86b4c966-image_38_jpeg_jpg.rf.f9238031548e8d20251afe6d6de1896a.jpg,416,416
86_jpg.rf.e3219a2cba7cf75d61e88caa04ed9c8a.jpg,640,640
86_png_jpg.rf.5cbe90839dd5e0a7e2fc5d6619cb225b.jpg,640,640
86_png_jpg.rf.9fd79c9f57cf84f98ceea4d6bbc22ea1.jpg,640,640
87_jpg.rf.5ca93db3b20a126ce78913fce81f625a.jpg,640,640
87_jpg.rf.a05f4006d9224f89644ac52b49d65816.jpg,416,416
87_png_jpg.rf.bdda222734261646f89cf1966bd830c4.jpg,640,640
88620558-image_7_jpeg_jpg.rf.4a67957e67efd141df5b46de881de144.jpg,416,416
88620558-image_7_jpeg_jpg.rf.797620edf1e6fd2dae670b5f4727c574.jpg,416,416
88620558-image_7_jpeg_jpg.rf.e2e7aa3d710da90e15d54663e9738794.jpg,416,416
88_jpg.rf.2f8b47a891cfdb742d08c59235e1b6dd.jpg,416,416
88_png_jpg.rf.4df6efb62a8079d94f99cd8c9212bc8c.jpg,640,640
88_png_jpg.rf.d3a8521fc908023d0484093d1a37b816.jpg,640,640
89_jpg.rf.2532f435c6a0e851b7b9946a4cdbff15.jpg,416,416
89_jpg.rf.6956992733e5a7ea16b4b8f9f18edeff.jpg,640,640
89_png_jpg.rf.892986e28b67ffab1a499491dff28d65.jpg,640,640
89_png_jpg.rf.a608df0fc12d3298fa156ca2b33b26ec.jpg,640,640
8a3d8f21-image_81_jpeg_jpg.rf.4a1a9542586d6386dfd933ad267f3cb4.jpg,416,416
8a3d8f21-image_81_jpeg_jpg.rf.6713b25a188d261ded02d4e9c37c9c65.jpg,416,416
8a3d8f21-image_81_jpeg_jpg.rf.f95e882f2a7767ee1c5374bc9912359f.jpg,416,416
8aa35a7c-door0000637_png_jpg.rf.bc0776ba2393cad889b2ca1dc467e2c4.jpg,416,416
8aa35a7c-door0000637_png_jpg.rf.ce30ab15ce1e4a35e01398ed9b1be9ee.jpg,416,416
8aa35a7c-door0000637_png_jpg.rf.fbae8411acb4b9e052c48e7d2911e18f.jpg,416,416
8bd5a95f-image_105_jpeg_jpg.rf.74209a6709a5f731d5a7f9b8e5d62bea.jpg,416,416
8bd5a95f-image_105_jpeg_jpg.rf.a4f6c2cea61a2065fba1aebe66d7171e.jpg,416,416
8c0c9d86-door0000009_png_jpg.rf.67cd7d61724683bc46c21542a87889cf.jpg,416,416
8c0c9d86-door0000009_png_jpg.rf.9ef77d23c689fd82932caf64015792ca.jpg,416,416
8c0c9d86-door0000009_png_jpg.rf.dd1fccd52f50aaaf652f6c5f65abaddd.jpg,416,416
8c5bad9e-image_144_jpeg_jpg.rf.1c943b1b0f0a227510c45b8060182497.jpg,416,416
8c5bad9e-image_144_jpeg_jpg.rf.3d0246d8f7b1bfdd6977b9e73999baa7.jpg,416,416
8c5bad9e-image_144_jpeg_jpg.rf.d0215cea152093aa59a36282dbd60113.jpg,416,416
8d29afc2-door0000198_png_jpg.rf.3d59c2ef827bfb39244a72639b8c7180.jpg,416,416
8d29afc2-door0000198_png_jpg.rf.a9efdec6af9294804cb09e61eaa7dd94.jpg,416,416
8d29afc2-door0000198_png_jpg.rf.c4559e59c6c5e974b4aa426f1e29848b.jpg,416,416
8d39ecc9-door0000245_png_jpg.rf.9356d4c48c2019f00f20c3c1c0c5fbb4.jpg,416,416
8d39ecc9-door0000245_png_jpg.rf.d84b165b678d13785123e2b254b77b63.jpg,416,416
8d39ecc9-door0000245_png_jpg.rf.f9982f3b517cea25aedbdf2fe93ca35f.jpg,416,416
8e208362-image_60_jpeg_jpg.rf.cb731bca82c527d16fa31e5df779460c.jpg,416,416
8e208362-image_60_jpeg_jpg.rf.e34a46d51743c66ca022d148404d3cf5.jpg,416,416
8e208362-image_60_jpeg_jpg.rf.e419212986068a33f1779836f9968d74.jpg,416,416
8e2b1c2b-image_84_jpeg_jpg.rf.70a4202fa6b1ec310c69391854cbc381.jpg,416,416
8e2b1c2b-image_84_jpeg_jpg.rf.d50c08f33d35e70d6273b6ec6bfeb8c0.jpg,416,416
8e2b1c2b-image_84_jpeg_jpg.rf.e0abeb3d69ed487a674446f92e005599.jpg,416,416
8f1c9bac-image_95_jpeg_jpg.rf.5d4becad212e4b2680dc67dc7aab4a96.jpg,416,416
8f1c9bac-image_95_jpeg_jpg.rf.a57721923ebd1f3343f9547e49d56dac.jpg,416,416
8_jpg.rf.ba059474d60d47c536a3fcadee7a753d.jpg,416,416
8_png_jpg.rf.5960935628290cf9de41498d8202fdbb.jpg,640,640
90_jpg.rf.3d2b356f79a6634ceeda6c56ed2ebc5f.jpg,640,640
90_jpg.rf.f88b33e9a1b081b628410ac1c5848859.jpg,416,416
90_png_jpg.rf.afde1fd1762b9e927ffb229cc1da8fd1.jpg,640,640
915251335_output_output_jpg.rf.239b01aa518872333d129698e73ef9ce.jpg,640,640
91_jpg.rf.ff24c69ceb578c0272d3c3164e101f7b.jpg,416,416
91_png_jpg.rf.b53e92e0610547245705368590224470.jpg,640,640
92_jpg.rf.6d05a3a0b4a63a2ebeebd5fffa50ddfd.jpg,640,640
92_png_jpg.rf.f569da55833b593d586d3075ab692a07.jpg,640,640
93_jpg.rf.1e7914a074701ff4087a423e8ae30e0b.jpg,640,640
93_png_jpg.rf.a05bbc7e74600a6c8362ef9015a9abc3.jpg,640,640
949ba0d4-image_97_jpeg_jpg.rf.33ddf754f411816e82ea6ba6e3cfea77.jpg,416,416
949ba0d4-image_97_jpeg_jpg.rf.4ccecde3be287d39fc1424489f33ac4c.jpg,416,416
949ba0d4-image_97_jpeg_jpg.rf.b10d8271c02bce89fcbb1f4330210d27.jpg,416,416
94_jpg.rf.3e2a58e49de64965299dc5f95af6d46e.jpg,416,416
94_jpg.rf.bc97bb20d522993adf20b105b515748a.jpg,640,640
94_png_jpg.rf.eb7441b74a1d54f0e4fac7507a3bc7a7.jpg,640,640
94_png_jpg.rf.ed36571158fc5329fab92d2bdcab79a5.jpg,640,640
956b7c0e-door0000268_png_jpg.rf.428330b74505854f5c7dd07c05e68690.jpg,416,416
956b7c0e-door0000268_png_jpg.rf.76e8999b410c25aad3b50630f12d6e39.jpg,416,416
956b7c0e-door0000268_png_jpg.rf.c3ee6ff20e198be34f16ca05d19550c4.jpg,416,416
95cb4851-image_147_jpeg_jpg.rf.22e007d556020438b68c0c1cb47a3a75.jpg,416,416
95cb4851-image_147_jpeg_jpg.rf.9f4f803c3810b274ce975b08e74161ad.jpg,416,416
95cb4851-image_147_jpeg_jpg.rf.ba09321cf7564357b446a4f2817825ba.jpg,416,416
95_jpg.rf.ab9d8ead0bd716fe61be0cf892cb888f.jpg,640,640
95_png_jpg.rf.04b674c8f04cdef399c165d754b104c2.jpg,640,640
96_jpg.rf.19b5242423988e88ed6481cdd8477629.jpg,640,640
9712a046-door0000142_png_jpg.rf.3e3a03f96878c4b4069c06b7acd4d9f4.jpg,416,416
9712a046-door0000142_png_jpg.rf.4d162d0bb1c72a3343c4ad84d84c7028.jpg,416,416
9712a046-door0000142_png_jpg.rf.ff037c3663aa51383f1fb83017f32f51.jpg,416,416
97_jpg.rf.48f96909ee87845fbe7c77a5b676659a.jpg,640,640
97_png_jpg.rf.abda14eefe564f1ee646ab0a5c1b9be3.jpg,640,640
981313703_output_output_jpg.rf.6759109398cfb574aaadc797290cc432.jpg,640,640
98_jpg.rf.90396567cda8b790bbff4015ffc8a20f.jpg,640,640
98_jpg.rf.cd9c4780fc042298527441e86d697422.jpg,416,416
98_png_jpg.rf.7ab3789dc3b1037d444f9eb8aef47305.jpg,640,640
98_png_jpg.rf.efaea0e901211a2841f11a8e0daf7f09.jpg,640,640
995872689_output_jpg.rf.3c81025d0c0787cd6b396b64b174d264.jpg,640,640
995872689_output_jpg.rf.7f7dbaaf7e4f2c3eaeecd5dbd48e8a36.jpg,640,640
99f36b11-door0000135_png_jpg.rf.1c69b491704582aea46234c4aaa167e8.jpg,416,416
99f36b11-door0000135_png_jpg.rf.b205c36a87243b911fa10b463a4588eb.jpg,416,416
99f36b11-door0000135_png_jpg.rf.e765b4d93589d86339913a55fc317095.jpg,416,416
99_jpg.rf.194a851aa199b341bf621f56f89452ad.jpg,416,416
99_jpg.rf.939317b515c93a781945c8f378861f37.jpg,640,640
99_png_jpg.rf.2f7866387a3d9f87fd506a1f71312e1b.jpg,640,640
99_png_jpg.rf.f32c7ae11371f147d61fc7efa2750f0e.jpg,640,640
9ac6dcba-image_88_jpeg_jpg.rf.5f0f2e184fe30bbd055ce481ef66cee7.jpg,416,416
9ac6dcba-image_88_jpeg_jpg.rf.ddba2b5755ea8f2e93057b20907fb902.jpg,416,416
9ac6dcba-image_88_jpeg_jpg.rf.deafc465bee1737ecf6260eb47df341d.jpg,416,416
9bf29f05-door0000031_png_jpg.rf.3325a56a8a5848fc058112c3176b1b36.jpg,416,416
9bf29f05-door0000031_png_jpg.rf.abb195c446da745d40a5819449114bdc.jpg,416,416
9_jpg.rf.ab5d082aeea0cb57de1e9df7e2dfe1eb.jpg,416,416
9_jpg.rf.bf9572ce62306a19475ce1d1b58e3cbd.jpg,640,640
9_png_jpg.rf.3fdc3af4326e422ce60d31fd67aeb43f.jpg,640,640
9_png_jpg.rf.de6624dd1946ac0762e814308b9fab32.jpg,640,640
a0a60c60-image_14_jpeg_jpg.rf.06b94c6d99594c77258a88895cba1dde.jpg,416,416
a0a60c60-image_14_jpeg_jpg.rf.72e507bb28fc9839c5a5fbca0cd5758b.jpg,416,416
a0a60c60-image_14_jpeg_jpg.rf.fbe96f83876cf393ea9e5825dc440fc7.jpg,416,416
A10_png_jpg.rf.df8766dbcd1db9d649ba5bfd404d7c55.jpg,640,640
A11_png_jpg.rf.aad9bf1a46bf0c3f2d7dfd13e2b5a782.jpg,640,640
A12_png_jpg.rf.818b2c15ec8a455b7118d78be0f0a6b1.jpg,640,640
A12_png_jpg.rf.a0e81c7ca7536c3d4282834fb5c49b40.jpg,640,640
a146a6d7-door0000701_png_jpg.rf.83be4f81412a495caa90f539e7a5c287.jpg,416,416
a146a6d7-door0000701_png_jpg.rf.ba3e7b71d5764856b733eb465136e328.jpg,416,416
A14_png_jpg.rf.c57734b620dd57ea3d1487300cb03667.jpg,640,640
A15_png_jpg.rf.7bf7a60f9886f95925c3e810edabdc51.jpg,640,640
A15_png_jpg.rf.f0e574462ce6fa654b342dc657bd1f64.jpg,640,640
a17c508d-image_70_jpeg_jpg.rf.0062715779c5116aeb65a1ec7f4534eb.jpg,416,416
a17c508d-image_70_jpeg_jpg.rf.cda22afdaa2d9582a6174dca9a7e7396.jpg,416,416
A17_png_jpg.rf.3817d016c9651eddad8c171ae24ee38f.jpg,640,640
A17_png_jpg.rf.a80f0b72c3b2e919d3631fe6f6e9ade7.jpg,640,640
a183c398-image_21_jpeg_jpg.rf.72930a953b414eb55960d97a306cb3da.jpg,416,416
a183c398-image_21_jpeg_jpg.rf.a3957cf2a9b77d269be982c8631f98a9.jpg,416,416
a183c398-image_21_jpeg_jpg.rf.f25ca8c8afc7627e323b695d0e40733e.jpg,416,416
A18_png_jpg.rf.ef73ff4a079cebf80cda973b8da467db.jpg,640,640
A19_png_jpg.rf.380b81d59e820881258087b87bbe235c.jpg,640,640
a1dfb856-image_79_jpeg_jpg.rf.9ab508abfc874e4159b0949a2aa5d87d.jpg,416,416
A1_png_jpg.rf.6868b3b8b5c5ef349de459d54a067d46.jpg,640,640
A21_png_jpg.rf.2ead6fb5b9fcab304b8abb4a957f188d.jpg,640,640
A22_png_jpg.rf.6db5475033cc92c47952d69f4488cfff.jpg,640,640
A22_png_jpg.rf.f35fcaabef91568c4f2e4ec96e3f7fbb.jpg,640,640
A23_png_jpg.rf.ed8583717507b7be552b0fbba2ce006e.jpg,640,640
A25_png_jpg.rf.f706e6e536c7823968dca6c2422434cf.jpg,640,640
A26_png_jpg.rf.55f5cf0137970df3911bd9e12fef4490.jpg,640,640
A27_png_jpg.rf.f1dd860e0dbafdfae666ce0b33b5d5c9.jpg,640,640
A28_png_jpg.rf.14df38576cdf77b70585084fb1162f68.jpg,640,640
A28_png_jpg.rf.be91ea27e520155467bee8ac29015c4a.jpg,640,640
A29_png_jpg.rf.1b0e43887a44af8c04f5b4f5e78f4814.jpg,640,640
A29_png_jpg.rf.9a4fc37a12f70f3c2054ba1c62b451c7.jpg,640,640
A2_png_jpg.rf.5eb686d7fb04eedc96d40905c183d1f6.jpg,640,640
A2_png_jpg.rf.a89460d23ed86a1a2ddd9af4141cf436.jpg,640,640
A32_png_jpg.rf.417a7b520e48cbb1ebd29e3920bc5956.jpg,640,640
A33_png_jpg.rf.949cca4390c6cfc259c3f998dcf9db8b.jpg,640,640
A34_png_jpg.rf.2927c3714e47105b0b7000b9693b4bb7.jpg,640,640
A34_png_jpg.rf.d3818f3f79ab4ee9fed61dbc5be58c15.jpg,640,640
A35_png_jpg.rf.81543474731d0e9db74757976f684a01.jpg,640,640
A36_png_jpg.rf.12f8aec7bec31bf984a899116ddd6d30.jpg,640,640
A36_png_jpg.rf.8fa23b81b8f25d5848ea8d3bd6987e63.jpg,640,640
A37_png_jpg.rf.b39fc988bbbf774d9b37823a307577d1.jpg,640,640
A38_png_jpg.rf.6ede0df4115be0d12b4f4baca5598332.jpg,640,640
a39b567820d94444_output_jpg.rf.1bcb9e173402dba66482f43e314c7845.jpg,640,640
a39b567820d94444_output_jpg.rf.70426d7990ec851db298e5749aa9b160.jpg,640,640
a39b567820d94444_output_jpg.rf.948e4c5d45ddc2809613f8f783187506.jpg,640,640
A39_png_jpg.rf.89c8529a7ce4c164c86e2b1f81e17261.jpg,640,640
A39_png_jpg.rf.e1ed09a61ac23525b2616d82bc74de02.jpg,640,640
A3_png_jpg.rf.326e74251f0ff57ea98ebb437e12a7d5.jpg,640,640
A3_png_jpg.rf.e4223f6af7f10ff6ffe517d3f7dddb7b.jpg,640,640
A40_png_jpg.rf.06ac0aba825737cf2a69510ad7d9dd89.jpg,640,640
A41_png_jpg.rf.a6b5f1639209b33d38d4e6927083e0e8.jpg,640,640
A41_png_jpg.rf.d7fb768ddcb2e41220e7f26f2b94ef07.jpg,640,640
A42_png_jpg.rf.653123bcb89f3a7181d1226d137275f4.jpg,640,640
A42_png_jpg.rf.9241fb2c30c5220b5f7022cb75306580.jpg,640,640
a43daaf8-image_41_jpeg_jpg.rf.8faf2607c3787a6df0f3daf12cea678e.jpg,416,416
A43_png_jpg.rf.76135172d82435ea3b972b2c6935fa9c.jpg,640,640
A43_png_jpg.rf.816ed786389955d00afc8c5df6a0394c.jpg,640,640
A44_png_jpg.rf.30057178d78c813c3ae3b63bc504b4c6.jpg,640,640
A44_png_jpg.rf.96db5c879928bc65342a3542d071f410.jpg,640,640
A45_png_jpg.rf.7038eb72c094d7ba8665f468029713a3.jpg,640,640
A46_png_jpg.rf.5fe8890c4516035c3f8208908c20aefb.jpg,640,640
A46_png_jpg.rf.70c6b504605fd5b4e491cf64d4873242.jpg,640,640
A4_png_jpg.rf.359d57f45dca5a108c5803bae641020e.jpg,640,640
A4_png_jpg.rf.cc95217413795d63a18daeb6e08d368b.jpg,640,640
A50_png_jpg.rf.7101067b9513155971c437ed262ad782.jpg,640,640
A51_png_jpg.rf.0cdfe771328babd0f0fca2eb0791cff3.jpg,640,640
A51_png_jpg.rf.25906e4dcb0c794ca8735cb0e5e95361.jpg,640,640
a52d473b-door0000197_png_jpg.rf.6da13116ea4b6b7f4e7e43bd28d5204a.jpg,416,416
a52d473b-door0000197_png_jpg.rf.c9ec647169a9dbd29d4c92dd9a029525.jpg,416,416
A52_png_jpg.rf.4d42088e622202ca5e621185cd78c870.jpg,640,640
A53_png_jpg.rf.f06216dde430a8ae5b22319956958ae9.jpg,640,640
A54_png_jpg.rf.80b2bdb239970a33fe942ead79f34559.jpg,640,640
A54_png_jpg.rf.d5c386f4f3ad0084ebdc6fb93cc7fada.jpg,640,640
A55_png_jpg.rf.5944566fcbbc0a90da93d2f134fb0827.jpg,640,640
A55_png_jpg.rf.9b4f6143a29e682db1adf93415f3baaa.jpg,640,640
a569c3fd-image_183_jpeg_jpg.rf.2cacc3650d8eeededc26933fa9397906.jpg,416,416
a569c3fd-image_183_jpeg_jpg.rf.368b3eaaa39520d77cf590a9119b5d62.jpg,416,416
a569c3fd-image_183_jpeg_jpg.rf.7afcd323152c6f699303bd33376611c8.jpg,416,416
A56_png_jpg.rf.98a5561b248969949d241387525779c1.jpg,640,640
A57_png_jpg.rf.10934e2b2676a94669e148b74e6f5fa3.jpg,640,640
A57_png_jpg.rf.f46358f2e697ada5da936eb2880a2463.jpg,640,640
A58_png_jpg.rf.93476356b99285e73820317dde057e53.jpg,640,640
A59_png_jpg.rf.cb14e641538e25330a3c289cd162be1d.jpg,640,640
A5_png_jpg.rf.94ece1bdaed6f669867494d5f2bc3f5a.jpg,640,640
A60_png_jpg.rf.38fe0e78bb9381e7cb858e65ee06d872.jpg,640,640
A60_png_jpg.rf.c474a8a6521f80bd6075842636cd3aae.jpg,640,640
A62_png_jpg.rf.be599526ffed557554742243fc41928a.jpg,640,640
A62_png_jpg.rf.ed3b561140f9b8198fba3a51571e92a4.jpg,640,640
A63_png_jpg.rf.750bfa65691dcc9f103f5a5d1cf65202.jpg,640,640
A6_png_jpg.rf.c5607ace15529cefa9ec067fc96661a9.jpg,640,640
a7ce4baf-image_168_jpeg_jpg.rf.8ad4fc9b635d66301827c0d1285cbb1e.jpg,416,416
a7ce4baf-image_168_jpeg_jpg.rf.902462ee0bd1f2ca9e998e3db2ee8f45.jpg,416,416
a7ce4baf-image_168_jpeg_jpg.rf.a963643dab620df057193c082f29b2d4.jpg,416,416
A7_png_jpg.rf.e2a2c519d3c2b8c34c16cc060110c970.jpg,640,640
a8b085d2-door0000277_png_jpg.rf.b96f243dd59ed128a1eac4f2158ef213.jpg,416,416
a8b085d2-door0000277_png_jpg.rf.deace04c4e248efe06b2598c2494b6de.jpg,416,416
a8b085d2-door0000277_png_jpg.rf.f728966d09afd91e3dbc0dbc809d5cab.jpg,416,416
A8_png_jpg.rf.260603cbcd1a271af07a0180f89ec77d.jpg,640,640
aac51ddd331d6f0a_output_output_jpg.rf.0442e8a7972351694403f917c667f80f.jpg,640,640
aac51ddd331d6f0a_output_output_jpg.rf.57c3940793b44bacdd293ff80fac5010.jpg,640,640
aac51ddd331d6f0a_output_output_jpg.rf.66672a36cb3506bf5b320cb4e24a889a.jpg,640,640
aac51ddd331d6f0a_output_output_jpg.rf.bb7a56a1f70c9ba2f55c55d1265b31d1.jpg,640,640
aac51ddd331d6f0a_output_output_jpg.rf.dfc8a505cc7baaaa7c67322cca4f2674.jpg,640,640
aac51ddd331d6f0a_output_output_jpg.rf.eaf3cbe123955f04bfbb5f748d8f1fb6.jpg,640,640
ab9cb5d5-door0000262_png_jpg.rf.6acdb174cd5610850ba9fc0dba9b768c.jpg,416,416
ab9cb5d5-door0000262_png_jpg.rf.9773d2265667d325661e7c46402ee500.jpg,416,416
ab9cb5d5-door0000262_png_jpg.rf.e0ec4507d0008dbda4e074adb08ee1af.jpg,416,416
abf74748-image_68_jpeg_jpg.rf.4367fd58d4164a552166379a9db29e41.jpg,416,416
abf74748-image_68_jpeg_jpg.rf.c567c0ea3f7914a740a00bde9c75b5da.jpg,416,416
abf74748-image_68_jpeg_jpg.rf.daf063a2972ee8a5bde2ecbd976e5600.jpg,416,416
abf8082cfaa3a233_output_output_jpg.rf.3299267caca48096b6272b1917795fed.jpg,640,640
abf8082cfaa3a233_output_output_jpg.rf.7de2abb784ddac4c61587a51c23bf56f.jpg,640,640
abf8082cfaa3a233_output_output_jpg.rf.8619c36ce2f0151dd9de22f1d850692d.jpg,640,640
abf8082cfaa3a233_output_output_jpg.rf.9ab5d86b4f26b006dde38c23eca2266e.jpg,640,640
abf8082cfaa3a233_output_output_jpg.rf.d64848b471449edcee801b37a3585717.jpg,640,640
abf8082cfaa3a233_output_output_jpg.rf.ddc07f72568a153a33884374c4f759e9.jpg,640,640
ade18997-image_61_jpeg_jpg.rf.cdce35cbc8b37b9c45e775db0a6517c6.jpg,416,416
aece1ff7-image_169_jpeg_jpg.rf.1cf582bfddf14c85fc162c3a640aaab1.jpg,416,416
aece1ff7-image_169_jpeg_jpg.rf.9e4edab0b924a9fcaff0e0638e27ca13.jpg,416,416
b155aafe-door0000671_png_jpg.rf.0b431e83fdf7d4433777664646386315.jpg,416,416
b155aafe-door0000671_png_jpg.rf.12640b6b59a15b60d2bffb0683e65f02.jpg,416,416
b155aafe-door0000671_png_jpg.rf.565a0474511a399bc92b374069a86c07.jpg,416,416
b16ee48c-image_118_jpeg_jpg.rf.4bc8818a9cc23aef5b5bb4e674b6a685.jpg,416,416
b16ee48c-image_118_jpeg_jpg.rf.a57495d7123b73952376337e8417386a.jpg,416,416
b220584e211f1b2a_output_jpg.rf.05acc285f765b4dce33eb7aad9813b47.jpg,640,640
b220584e211f1b2a_output_jpg.rf.b13ddb8664a9b5250a24d2820464ab61.jpg,640,640
b220584e211f1b2a_output_jpg.rf.b425ef891a1527e38e7221c0b73a08fe.jpg,640,640
b300a14b-image_128_jpeg_jpg.rf.b724b1de4369d48189a3884a48d4d6fa.jpg,416,416
b300a14b-image_128_jpeg_jpg.rf.c992b648f5400814fb6a7ec605c42f1c.jpg,416,416
b312ec70-door0000176_png_jpg.rf.403bf37f1708b0b185ac897bd7ef3428.jpg,416,416
b312ec70-door0000176_png_jpg.rf.75dcd496daa803ecd6db44fd6ff596c8.jpg,416,416
b312ec70-door0000176_png_jpg.rf.c6638333941fa84c149b1e31f51d5cc4.jpg,416,416
b71c2315-image_182_jpeg_jpg.rf.577faba3c80c44c5162f5c9c39aa001b.jpg,416,416
b71c2315-image_182_jpeg_jpg.rf.96ca6174268a8ed4257dc0066129011c.jpg,416,416
b7e1bc44-door0000282_png_jpg.rf.618d6ac508ce9c8eb8db93e50525bd13.jpg,416,416
b7e1bc44-door0000282_png_jpg.rf.af0293c1858161d24840b5482c694f43.jpg,416,416
b7e1bc44-door0000282_png_jpg.rf.b9e53f27e213bc67f56fef2f7bfde54b.jpg,416,416
b8b59f3f-image_72_jpeg_jpg.rf.2606db4e899c3c1089948a86ddeb1083.jpg,416,416
b8b59f3f-image_72_jpeg_jpg.rf.860bf195caa240798545888fa5f39e5c.jpg,416,416
b8b59f3f-image_72_jpeg_jpg.rf.b729b66ad0dcd645371088fbbe36b5ff.jpg,416,416
b8da0ef4-door0000623_png_jpg.rf.c42682e4aedcfe99e7113cd8061131e1.jpg,416,416
b8da0ef4-door0000623_png_jpg.rf.d3f78135af97ae7b1f620397eca65a0e.jpg,416,416
b8da0ef4-door0000623_png_jpg.rf.f95fe7029cb018bd9c566bbd65374368.jpg,416,416
b9727adb-image_74_jpeg_jpg.rf.382e695859b4a730a2d56e87b511c8a9.jpg,416,416
b9727adb-image_74_jpeg_jpg.rf.5373a112a6a6e377220d557636c42cd8.jpg,416,416
ba40cadc-door0000318_png_jpg.rf.48a25ce3e28d1601be550a994fcfe7be.jpg,416,416
ba40cadc-door0000318_png_jpg.rf.adb4ceec3050cc35a00f2d5d8b15ac3d.jpg,416,416
ba40cadc-door0000318_png_jpg.rf.f2ecd0a473f5a416f05a9d055fb558d6.jpg,416,416
ba6cbd3ff13ade34_output_jpg.rf.1d212f2c88085920e94e30a476e10024.jpg,640,640
ba6cbd3ff13ade34_output_jpg.rf.32f280f8375c8508d8dd82f28cd64306.jpg,640,640
ba6cbd3ff13ade34_output_jpg.rf.39109d3d12823e3a1ece9e20ee272447.jpg,640,640
ba6cbd3ff13ade34_output_jpg.rf.c939bc1dc4c72de3877861c298b4ec60.jpg,640,640
ba6cbd3ff13ade34_output_jpg.rf.cf5fa13c0901ba5faa81b42d18e0f565.jpg,640,640
ba6cbd3ff13ade34_output_jpg.rf.e373b0a6feb91e038a2a4953ceb52364.jpg,640,640
bbeca8ef-door0000532_png_jpg.rf.5f6d06d5c01a62864e2a3f80ff3eb3d5.jpg,416,416
bbeca8ef-door0000532_png_jpg.rf.b03f1892f9cc50dfc8859d5fdf71b930.jpg,416,416
bbeca8ef-door0000532_png_jpg.rf.fc5a9694fc772b77de8155fa5e9d5a75.jpg,416,416
bc180a52-image_166_jpeg_jpg.rf.2927af3d544eed203a74708bc16b458d.jpg,416,416
bc180a52-image_166_jpeg_jpg.rf.8bb3135d692143be13a37cb69908fc95.jpg,416,416
bc180a52-image_166_jpeg_jpg.rf.eb9adc5c47b33aa563783277b7f4d76a.jpg,416,416
c04b61b6-image_133_jpeg_jpg.rf.4540feab58a576e37dfc35e144710546.jpg,416,416
c04b61b6-image_133_jpeg_jpg.rf.63bf2d1495971c604225a9a091fff37d.jpg,416,416
c162c2ee-image_31_jpeg_jpg.rf.44b5fa56ca9a813193c8f3faddcf52a9.jpg,416,416
c162c2ee-image_31_jpeg_jpg.rf.8030526059a9be93ee70fe40fddc3ebb.jpg,416,416
c162c2ee-image_31_jpeg_jpg.rf.df10701fba0b7e729f13bb9b1a7fa1c5.jpg,416,416
c256c1ed-image_165_jpeg_jpg.rf.133e77ee7329c66271dc9bda4f72a4ef.jpg,416,416
c256c1ed-image_165_jpeg_jpg.rf.3f3fcbd61824c01cc4b8b3b5067147fa.jpg,416,416
c2c67a4e-image_103_jpeg_jpg.rf.cf14600ffcc25d8e8c872a421e5ce1ec.jpg,416,416
c2c67a4e-image_103_jpeg_jpg.rf.db7d683308629e9f6bb8a09aeebd0662.jpg,416,416
c308658c4d679853_output_jpg.rf.0a8e7e80c0a1e53ae5a975224149e895.jpg,640,640
c308658c4d679853_output_jpg.rf.0cbb26a613534a5c97762060c33c14ad.jpg,640,640
c308658c4d679853_output_jpg.rf.10e8d775d9a2cb93f1d9d71e9a14ad1c.jpg,640,640
c308658c4d679853_output_jpg.rf.14a896787e76c32fdd4b131a5d1bf281.jpg,640,640
c308658c4d679853_output_jpg.rf.16a889faff9300ce22cfe12164cb4804.jpg,640,640
c308658c4d679853_output_jpg.rf.62ed4bb2b411b45e5e1c4c036b470d42.jpg,640,640
c308658c4d679853_output_jpg.rf.6b4e7781c58db4ddca1ad6a3563beb9d.jpg,640,640
c308658c4d679853_output_jpg.rf.8892890246f0bceebb714a1c8febe412.jpg,640,640
c308658c4d679853_output_jpg.rf.beeba086f28a037e7c0c0c4190ee11bb.jpg,640,640
c308658c4d679853_output_jpg.rf.d0daa3c76b568f5e1d8d2c9c3a1c6c59.jpg,640,640
c308658c4d679853_output_jpg.rf.d41902ab16873689dac69ef7df5e0b26.jpg,640,640
c507a475-image_115_jpeg_jpg.rf.25979d270a76b03aba87e9c3097969b5.jpg,416,416
c507a475-image_115_jpeg_jpg.rf.78cd848ee6da12ae2854c6899fe86470.jpg,416,416
c6bbbc57-image_192_jpeg_jpg.rf.6c951bd6bdf8177464df5533f3fe2546.jpg,416,416
c6bbbc57-image_192_jpeg_jpg.rf.9669c167bcccf718deaeaa2eb79a919a.jpg,416,416
c6c290f3-image_104_jpeg_jpg.rf.18aaefd1ac64d900bc552725d438abb9.jpg,416,416
c6c290f3-image_104_jpeg_jpg.rf.6fc3cb1b70e9f6eaa166b3441f3a0e31.jpg,416,416
c6c290f3-image_104_jpeg_jpg.rf.ba424a4cec11895cefb1683d54cc05c5.jpg,416,416
c79b9021-image_149_jpeg_jpg.rf.ac40cc52df0a07e33748a71ec6f3e15b.jpg,416,416
c7cce766-image_181_jpeg_jpg.rf.03d83a3441cc1c905789aa9c39cae77b.jpg,416,416
c7cce766-image_181_jpeg_jpg.rf.38b4a0e651e37f20a66c572f732c45e8.jpg,416,416
c7cce766-image_181_jpeg_jpg.rf.db4ee6d365f1651d1acc7c91ad6104c1.jpg,416,416
c7f22612-image_177_jpeg_jpg.rf.6c70cd2986c0225eb67f94e4ebf72507.jpg,416,416
c7f22612-image_177_jpeg_jpg.rf.a3b2158fcc2c36ea8231d13da3162898.jpg,416,416
c7f22612-image_177_jpeg_jpg.rf.b1d4c71c3c1a82575ddec5d27da1e17c.jpg,416,416
c8cc24d2-image_28_jpeg_jpg.rf.04a751fad253edbcc641aa028b391101.jpg,416,416
c8cc24d2-image_28_jpeg_jpg.rf.4976ecee337299035f2646520e5b3cab.jpg,416,416
c8cc24d2-image_28_jpeg_jpg.rf.eb42e21ef5952c1fbda1a6109053af69.jpg,416,416
cad5a843-image_162_jpeg_jpg.rf.06cb53716b5039f02abdb5fb40f7a8ca.jpg,416,416
cad5a843-image_162_jpeg_jpg.rf.fccd7273df5db3c1aa8b363d8f5c3fd3.jpg,416,416
cadeira-de-escritorio-azul_mp4-0_jpg.rf.138fe5d5183f49e50038b64142fc54f4.jpg,640,640
cadeira-de-escritorio-azul_mp4-0_jpg.rf.20e42f8d2d8521efe76c7cf677c6cd58.jpg,640,640
cadeira-de-escritorio-azul_mp4-0_jpg.rf.8743517581713275ec9e4111692642da.jpg,640,640
cadeira-de-escritorio-azul_mp4-101_jpg.rf.406ae69124f1f7b6100525a915b7ab6a.jpg,640,640
cadeira-de-escritorio-azul_mp4-101_jpg.rf.4ebb52e692b07a0062c376cb3918b627.jpg,640,640
cadeira-de-escritorio-azul_mp4-101_jpg.rf.b76f5d2ef1187d8d71bbf0b92ea7353e.jpg,640,640
cadeira-de-escritorio-azul_mp4-102_jpg.rf.a330ffaee9bd8cd18a560856cd06c00b.jpg,640,640
cadeira-de-escritorio-azul_mp4-103_jpg.rf.2e92233226027cf6a2228773244d1ea0.jpg,640,640
cadeira-de-escritorio-azul_mp4-103_jpg.rf.88483dfb10e0755e5f73119825bf6a73.jpg,640,640
cadeira-de-escritorio-azul_mp4-103_jpg.rf.a2f22b1c28c32b79b0365624fb5c1380.jpg,640,640
cadeira-de-escritorio-azul_mp4-11_jpg.rf.6b7d8a4f4c6dfdc6cec7d4f359f51ba8.jpg,640,640
cadeira-de-escritorio-azul_mp4-12_jpg.rf.00a71ca10a4b01cdf4433024cbf6299e.jpg,640,640
cadeira-de-escritorio-azul_mp4-12_jpg.rf.4526aed58fca55cb3e419fbd0beb33d5.jpg,640,640
cadeira-de-escritorio-azul_mp4-12_jpg.rf.cd0b53f582bd5f003e97e649a5ba2f4f.jpg,640,640
cadeira-de-escritorio-azul_mp4-14_jpg.rf.429b3e54ae9615faca5f68daaa60ace5.jpg,640,640
cadeira-de-escritorio-azul_mp4-14_jpg.rf.e904d4d0b65de4534a5cce90c24a2cca.jpg,640,640
cadeira-de-escritorio-azul_mp4-14_jpg.rf.f27d61cc867b8cb4b80eb72aa7e739c9.jpg,640,640
cadeira-de-escritorio-azul_mp4-15_jpg.rf.4ab4152d8aef99abeb922fecc6b41f39.jpg,640,640
cadeira-de-escritorio-azul_mp4-15_jpg.rf.6c5fe588860a1ac7cd2beea9a0c93f40.jpg,640,640
cadeira-de-escritorio-azul_mp4-15_jpg.rf.bd8d5adb3eaebf5cf376186f5f1bef5c.jpg,640,640
cadeira-de-escritorio-azul_mp4-17_jpg.rf.7eedbadbf6979f17fe8a6bcaf93f2c53.jpg,640,640
cadeira-de-escritorio-azul_mp4-17_jpg.rf.7fc064a000cd70177135e1ab7ff1224e.jpg,640,640
cadeira-de-escritorio-azul_mp4-17_jpg.rf.c0bbb1f5d24605713874fbfd709adf6e.jpg,640,640
cadeira-de-escritorio-azul_mp4-18_jpg.rf.15bc1fd76a323f97447b81e273f5ff45.jpg,640,640
cadeira-de-escritorio-azul_mp4-18_jpg.rf.1a55d49bda8597095379f56e782996af.jpg,640,640
cadeira-de-escritorio-azul_mp4-18_jpg.rf.f1d4406b1a26604560c9902864a4919d.jpg,640,640
cadeira-de-escritorio-azul_mp4-19_jpg.rf.3fd6a0c2825a5f18558fada39edaceec.jpg,640,640
cadeira-de-escritorio-azul_mp4-19_jpg.rf.5897edf8bfa446a1f164dc2d63f8e2de.jpg,640,640
cadeira-de-escritorio-azul_mp4-19_jpg.rf.ec1af9620f0bff8363ff28a4a27c8f80.jpg,640,640
cadeira-de-escritorio-azul_mp4-1_jpg.rf.515751a7c1274457ae0ce9a38c83c614.jpg,640,640
cadeira-de-escritorio-azul_mp4-1_jpg.rf.b6b76dfed8959620e4cd3965b3a5926b.jpg,640,640
cadeira-de-escritorio-azul_mp4-1_jpg.rf.e40504ed188559fbc7d089d310afe578.jpg,640,640
cadeira-de-escritorio-azul_mp4-20_jpg.rf.18722624429601a06c9977195ef86369.jpg,640,640
cadeira-de-escritorio-azul_mp4-20_jpg.rf.d01d168c52400e2e341178c2af9ee749.jpg,640,640
cadeira-de-escritorio-azul_mp4-20_jpg.rf.e2f244486622f3e823100230cbaaa10a.jpg,640,640
cadeira-de-escritorio-azul_mp4-21_jpg.rf.11924b51e0bf8f90c85a6cf568ce67cf.jpg,640,640
cadeira-de-escritorio-azul_mp4-21_jpg.rf.15ec217d8ea2ac635c7edd75850d343f.jpg,640,640
cadeira-de-escritorio-azul_mp4-21_jpg.rf.c48c8a02893137c5ef385b8281a8cc85.jpg,640,640
cadeira-de-escritorio-azul_mp4-22_jpg.rf.08a3ad96bdd4bab1e026452d7a00677b.jpg,640,640
cadeira-de-escritorio-azul_mp4-22_jpg.rf.6f44796d190698d296e8f64f4d0d3171.jpg,640,640
cadeira-de-escritorio-azul_mp4-22_jpg.rf.bb6ef05e66ed02661790412b479d6a3c.jpg,640,640
cadeira-de-escritorio-azul_mp4-24_jpg.rf.aeef071e030fbbc1921f33773cf16059.jpg,640,640
cadeira-de-escritorio-azul_mp4-24_jpg.rf.f1d8ac737359d17c6ff17b2d512d41cb.jpg,640,640
cadeira-de-escritorio-azul_mp4-24_jpg.rf.f6319949848cf2899cfafb08337c0570.jpg,640,640
cadeira-de-escritorio-azul_mp4-25_jpg.rf.19593d6fe6d3653fb83d9aa4db83f78b.jpg,640,640
cadeira-de-escritorio-azul_mp4-25_jpg.rf.1da63e6d1864faeb6805c51c197dd4a7.jpg,640,640
cadeira-de-escritorio-azul_mp4-25_jpg.rf.e36ac58933b56a04e6f7501c69ab48c3.jpg,640,640
cadeira-de-escritorio-azul_mp4-26_jpg.rf.5dc4f094380380198d34af70fed29779.jpg,640,640
cadeira-de-escritorio-azul_mp4-26_jpg.rf.77bb9f80b48c4c53cb16f3afcdbc2584.jpg,640,640
cadeira-de-escritorio-azul_mp4-26_jpg.rf.7e45b26d97bbe764811947fe8b546f04.jpg,640,640
cadeira-de-escritorio-azul_mp4-27_jpg.rf.d3738eb82cb39dbbff2d5f3ff94e95d5.jpg,640,640
cadeira-de-escritorio-azul_mp4-29_jpg.rf.088fd05a19c06f065aa9fa36b3f985ef.jpg,640,640
cadeira-de-escritorio-azul_mp4-29_jpg.rf.1203b470e5a0bdd6a29312eb4f8d1dd0.jpg,640,640
cadeira-de-escritorio-azul_mp4-29_jpg.rf.2a93c23ea72bc8b652fe368f09d3ae1c.jpg,640,640
cadeira-de-escritorio-azul_mp4-2_jpg.rf.8b7ba44e43abd9a0c4b693a715ae9afe.jpg,640,640
cadeira-de-escritorio-azul_mp4-30_jpg.rf.1863c89285fd146319ef9ba03acacc7d.jpg,640,640
cadeira-de-escritorio-azul_mp4-31_jpg.rf.61386fe1203183d9bc0b03a5ac646988.jpg,640,640
cadeira-de-escritorio-azul_mp4-31_jpg.rf.d2495d4c56ec157c61058e9cb09bf415.jpg,640,640
cadeira-de-escritorio-azul_mp4-31_jpg.rf.e86eeb48b25defb4b981441f96009bbe.jpg,640,640
cadeira-de-escritorio-azul_mp4-32_jpg.rf.2ba00d3afdf9db6238f41298e3cbf392.jpg,640,640
cadeira-de-escritorio-azul_mp4-32_jpg.rf.842ae7059911eb5960e30fc2cfe66449.jpg,640,640
cadeira-de-escritorio-azul_mp4-32_jpg.rf.b8ba4682d2fee7050a02c169b6580f1c.jpg,640,640
cadeira-de-escritorio-azul_mp4-33_jpg.rf.1cd7392aa751fdbf5446786cb46621ae.jpg,640,640
cadeira-de-escritorio-azul_mp4-33_jpg.rf.80cb0c7e5af1c377c6be49c50286500c.jpg,640,640
cadeira-de-escritorio-azul_mp4-33_jpg.rf.e8abf1f62c21f5afff0a1f0a48de89d6.jpg,640,640
cadeira-de-escritorio-azul_mp4-35_jpg.rf.83b1b039367400087bcabe0d5e1daddf.jpg,640,640
cadeira-de-escritorio-azul_mp4-36_jpg.rf.36f8171b7666b84bbc074e70ec2fda6a.jpg,640,640
cadeira-de-escritorio-azul_mp4-36_jpg.rf.54d2b3be7fe175cb868ff4d96ec78b5e.jpg,640,640
cadeira-de-escritorio-azul_mp4-36_jpg.rf.96268732db2b188e83abec3228f5028d.jpg,640,640
cadeira-de-escritorio-azul_mp4-38_jpg.rf.2652b8ff14fa1a537a2d074b0e23ed00.jpg,640,640
cadeira-de-escritorio-azul_mp4-38_jpg.rf.7013c573684261845f48944c7bcdaeec.jpg,640,640
cadeira-de-escritorio-azul_mp4-38_jpg.rf.f52d90869b051e858587b5a75363ef0d.jpg,640,640
cadeira-de-escritorio-azul_mp4-39_jpg.rf.18b22ab2d5180f6ff91a0751e235d07b.jpg,640,640
cadeira-de-escritorio-azul_mp4-3_jpg.rf.1539ce044ea668f45dc23e79b2cb99be.jpg,640,640
cadeira-de-escritorio-azul_mp4-3_jpg.rf.31f376133dca195fce7ba48dc69c597d.jpg,640,640
cadeira-de-escritorio-azul_mp4-3_jpg.rf.702baa8cc4dbca753a9004ea7b441316.jpg,640,640
cadeira-de-escritorio-azul_mp4-42_jpg.rf.3a8675232dd7bb24f7002720a0c3033f.jpg,640,640
cadeira-de-escritorio-azul_mp4-42_jpg.rf.5f9c4a48a086aac5cdf7047b10ade261.jpg,640,640
cadeira-de-escritorio-azul_mp4-42_jpg.rf.b950a74bfcd32b17b752aee3582c23fb.jpg,640,640
cadeira-de-escritorio-azul_mp4-44_jpg.rf.18e622415af62cf108b777a8670538b7.jpg,640,640
cadeira-de-escritorio-azul_mp4-45_jpg.rf.779319629b0c91902ecd364ec0c9f489.jpg,640,640
cadeira-de-escritorio-azul_mp4-45_jpg.rf.8c732d39f07cef622feda7a557d8d3c6.jpg,640,640
cadeira-de-escritorio-azul_mp4-45_jpg.rf.a13fb32ee0af0a0c3d1d03f07e60d80a.jpg,640,640
cadeira-de-escritorio-azul_mp4-46_jpg.rf.46a2fa4819de1ec2ae5e192366e05fee.jpg,640,640
cadeira-de-escritorio-azul_mp4-46_jpg.rf.5bf8297eb63b76a7e1b34e7b40a42608.jpg,640,640
cadeira-de-escritorio-azul_mp4-46_jpg.rf.68ebde849ea04293e486689c61762c8a.jpg,640,640
cadeira-de-escritorio-azul_mp4-47_jpg.rf.f2938e14546e96767b85f341bc1b9540.jpg,640,640
cadeira-de-escritorio-azul_mp4-48_jpg.rf.b2887ba632c339311306b49a5717c618.jpg,640,640
cadeira-de-escritorio-azul_mp4-49_jpg.rf.5e6173bb1da7d7afb0d0c7891abdeff0.jpg,640,640
cadeira-de-escritorio-azul_mp4-49_jpg.rf.7fae39fa3258bf2e8d8ff1fbf2cd611a.jpg,640,640
cadeira-de-escritorio-azul_mp4-49_jpg.rf.c8cc783cc5cf6b88e33c2e040d1cddf0.jpg,640,640
cadeira-de-escritorio-azul_mp4-4_jpg.rf.ab661bdd38108f2c15400a8413caa401.jpg,640,640
cadeira-de-escritorio-azul_mp4-51_jpg.rf.3da3e8843bfcd71cd814506b693a2c36.jpg,640,640
cadeira-de-escritorio-azul_mp4-51_jpg.rf.b7762921e174fa9284fa2632c48256f1.jpg,640,640
cadeira-de-escritorio-azul_mp4-51_jpg.rf.f2799a75d82d3671b6bc34ce36f9a064.jpg,640,640
cadeira-de-escritorio-azul_mp4-53_jpg.rf.55c8d170db5a666fdbb7155b5ac7845e.jpg,640,640
cadeira-de-escritorio-azul_mp4-53_jpg.rf.dc9a43e6bab5ed1452f07b128c6cfea4.jpg,640,640
cadeira-de-escritorio-azul_mp4-53_jpg.rf.f800c937b8038ad9f5feeb42d7a49195.jpg,640,640
cadeira-de-escritorio-azul_mp4-54_jpg.rf.8193b642968db361838edf639c81c467.jpg,640,640
cadeira-de-escritorio-azul_mp4-54_jpg.rf.a694c13902a72339a6d03884ba3be26f.jpg,640,640
cadeira-de-escritorio-azul_mp4-54_jpg.rf.b7f2f9a5b4fac47cd25c8ff4fd04778a.jpg,640,640
cadeira-de-escritorio-azul_mp4-55_jpg.rf.6d2e9ea364ee8061882698581430c4d4.jpg,640,640
cadeira-de-escritorio-azul_mp4-55_jpg.rf.8815003f96e989cb40cf2e78b4b2d80c.jpg,640,640
cadeira-de-escritorio-azul_mp4-56_jpg.rf.5241706721861c91a32bae6e45f3565c.jpg,640,640
cadeira-de-escritorio-azul_mp4-58_jpg.rf.873dc365e0f79c187a4c53a104d4d0f1.jpg,640,640
cadeira-de-escritorio-azul_mp4-58_jpg.rf.acb59cc7c5ab04de20b7b0b8178efee5.jpg,640,640
cadeira-de-escritorio-azul_mp4-58_jpg.rf.f155704f05c327ec290dbc94f1854d51.jpg,640,640
cadeira-de-escritorio-azul_mp4-59_jpg.rf.06afc611e124fff589492e64ac22fe27.jpg,640,640
cadeira-de-escritorio-azul_mp4-61_jpg.rf.42e663407bca95cd7102708ce09e22ad.jpg,640,640
cadeira-de-escritorio-azul_mp4-61_jpg.rf.c1d59c1236b6769ca530a7864cc25d6a.jpg,640,640
cadeira-de-escritorio-azul_mp4-64_jpg.rf.5e7aaf14e801e3265fb1526559c194ee.jpg,640,640
cadeira-de-escritorio-azul_mp4-64_jpg.rf.9dcb34d558ff83d887224346042d9b7c.jpg,640,640
cadeira-de-escritorio-azul_mp4-64_jpg.rf.a4727c87f059802113cc6e4804527b38.jpg,640,640
cadeira-de-escritorio-azul_mp4-67_jpg.rf.f5a2076a3beec54e50078343d65b81bb.jpg,640,640
cadeira-de-escritorio-azul_mp4-68_jpg.rf.19dd7cb23c8369f0b20917abeabdc87f.jpg,640,640
cadeira-de-escritorio-azul_mp4-68_jpg.rf.2b41ec3efb2f6fdbc5ba5c7c4c964f5f.jpg,640,640
cadeira-de-escritorio-azul_mp4-69_jpg.rf.02a0d919adb8c131866f1c10683f107b.jpg,640,640
cadeira-de-escritorio-azul_mp4-69_jpg.rf.482b39a4c5951df1430eaacd6b72fef5.jpg,640,640
cadeira-de-escritorio-azul_mp4-69_jpg.rf.c949bcb051ebb765365768fdfd760d28.jpg,640,640
cadeira-de-escritorio-azul_mp4-6_jpg.rf.7c96432570b8f365f80d691a4e3174b9.jpg,640,640
cadeira-de-escritorio-azul_mp4-6_jpg.rf.7f63558bb3e574213c15c6edaab47fba.jpg,640,640
cadeira-de-escritorio-azul_mp4-6_jpg.rf.ad1e65cd2ae08623de1ab06ed09ab088.jpg,640,640
cadeira-de-escritorio-azul_mp4-70_jpg.rf.c83a78a6919bfc215a3b8b106f54cf56.jpg,640,640
cadeira-de-escritorio-azul_mp4-71_jpg.rf.92a3eef2d31ff9b4ee4b38ad2589b47d.jpg,640,640
cadeira-de-escritorio-azul_mp4-72_jpg.rf.0c465ab2c6234b877b6ccb6f9f454d97.jpg,640,640
cadeira-de-escritorio-azul_mp4-72_jpg.rf.9ff87465382b8166b0230f499c8f0c0f.jpg,640,640
cadeira-de-escritorio-azul_mp4-73_jpg.rf.6f876ea259a451587c1dbb3746623c6f.jpg,640,640
cadeira-de-escritorio-azul_mp4-74_jpg.rf.03bfe1a7a51632e2a538a9fd069a150f.jpg,640,640
cadeira-de-escritorio-azul_mp4-74_jpg.rf.b068a21fba039bc9a74119f42eafab7e.jpg,640,640
cadeira-de-escritorio-azul_mp4-75_jpg.rf.216c429c951250d3e2b275bbc6a8dc40.jpg,640,640
cadeira-de-escritorio-azul_mp4-75_jpg.rf.919e27056824af0fee1120137d0f4688.jpg,640,640
cadeira-de-escritorio-azul_mp4-77_jpg.rf.293440ba8bda1352ef9f9698c1ad57a7.jpg,640,640
cadeira-de-escritorio-azul_mp4-77_jpg.rf.c96378f968fd7b3bd40e120b0ed68360.jpg,640,640
cadeira-de-escritorio-azul_mp4-78_jpg.rf.e1e5a33a50fe0a78b06bf47e25c25929.jpg,640,640
cadeira-de-escritorio-azul_mp4-79_jpg.rf.41101a8c7de40cb9b7375de4dba3da89.jpg,640,640
cadeira-de-escritorio-azul_mp4-80_jpg.rf.32167fed33c2e716d095e6af77411576.jpg,640,640
cadeira-de-escritorio-azul_mp4-80_jpg.rf.b0154850e00a64052d5e326ad0cefdd8.jpg,640,640
cadeira-de-escritorio-azul_mp4-80_jpg.rf.e9c8fccbd1ee4b00bfd4aaf7bd8db134.jpg,640,640
cadeira-de-escritorio-azul_mp4-81_jpg.rf.120c1e7bf9f7d12a8231561e4af1d820.jpg,640,640
cadeira-de-escritorio-azul_mp4-81_jpg.rf.7d77b47fbd63553a526f4b8fa92e0510.jpg,640,640
cadeira-de-escritorio-azul_mp4-81_jpg.rf.988bb2c61b0aa54fee17fc4d765245ef.jpg,640,640
cadeira-de-escritorio-azul_mp4-83_jpg.rf.3df70cae9b7793a4dd6683864fe0b9dc.jpg,640,640
cadeira-de-escritorio-azul_mp4-86_jpg.rf.0576651afeadb37cca93bd67c2828068.jpg,640,640
cadeira-de-escritorio-azul_mp4-86_jpg.rf.49806cfc2fb73c7b647d709cea906d76.jpg,640,640
cadeira-de-escritorio-azul_mp4-86_jpg.rf.884e1b1f47ffd4393ae814d8aa238f44.jpg,640,640
cadeira-de-escritorio-azul_mp4-87_jpg.rf.9cf50aea7d853fb061ae2162f3a3c500.jpg,640,640
cadeira-de-escritorio-azul_mp4-87_jpg.rf.c901edb50fd324ab4b3fcdbc680fdd65.jpg,640,640
cadeira-de-escritorio-azul_mp4-87_jpg.rf.f250ed9d6baaeedaf26d0521c68fa2b7.jpg,640,640
cadeira-de-escritorio-azul_mp4-90_jpg.rf.7cdb2a35d4a4d81436e90aac221efe91.jpg,640,640
cadeira-de-escritorio-azul_mp4-90_jpg.rf.b1424e1be93961c0a4e0e7bcf0bcb77c.jpg,640,640
cadeira-de-escritorio-azul_mp4-91_jpg.rf.503fe3db32297447d284a7919677df74.jpg,640,640
cadeira-de-escritorio-azul_mp4-91_jpg.rf.9022d386e7e48f36b20fe852c84a7872.jpg,640,640
cadeira-de-escritorio-azul_mp4-91_jpg.rf.9c303678661c2ff7b418290c95fc88c1.jpg,640,640
cadeira-de-escritorio-azul_mp4-92_jpg.rf.8a593ed3c45af6b7d5acdc77974012f5.jpg,640,640
cadeira-de-escritorio-azul_mp4-93_jpg.rf.23d4e9c7f8fb434beae6733efd2a1052.jpg,640,640
cadeira-de-escritorio-azul_mp4-93_jpg.rf.3af66d855c969f0fbb28b6d23732d131.jpg,640,640
cadeira-de-escritorio-azul_mp4-93_jpg.rf.957644acb4dd89221a06e5722c65e5c3.jpg,640,640
cadeira-de-escritorio-azul_mp4-94_jpg.rf.062bb23d0b47f197bf59c1c0032e8354.jpg,640,640
cadeira-de-escritorio-azul_mp4-94_jpg.rf.633f41e1076a0b2db173fde50af7ccb6.jpg,640,640
cadeira-de-escritorio-azul_mp4-95_jpg.rf.bfc37679aa6f851bedf3d69815833414.jpg,640,640
cadeira-de-escritorio-azul_mp4-98_jpg.rf.8a17dbb567edc789e35cfab397fd6477.jpg,640,640
cadeira-de-escritorio-azul_mp4-99_jpg.rf.ccf762b81e76f18f26fa0256947040a5.jpg,640,640
cadeiras-juntas_mp4-20_jpg.rf.42ec12acc0b3cc804873671da7004c65.jpg,640,640
cadeiras-juntas_mp4-22_jpg.rf.4387b47ee240e00f5eba47f00c2b88ad.jpg,640,640
cadeiras-juntas_mp4-23_jpg.rf.76700949d132d8694f27fe7966e67505.jpg,640,640
cadeiras-juntas_mp4-24_jpg.rf.b89371c635b3230d09d894949eaa9305.jpg,640,640
cadeiras-juntas_mp4-2_jpg.rf.419481fe9ff72dc26261233482d46810.jpg,640,640
cadeiras-juntas_mp4-33_jpg.rf.f4c12b43a66f630a9bce5a3b0deb6231.jpg,640,640
cadeiras-juntas_mp4-42_jpg.rf.806fb0651a8535c201bf151adfae9baf.jpg,640,640
cadeiras-juntas_mp4-44_jpg.rf.3c142d26bd3adb9694e7d1d46b2d48e5.jpg,640,640
cadeiras-juntas_mp4-47_jpg.rf.951c3d55020c3780249a9a0b60add6ce.jpg,640,640
cadeiras-juntas_mp4-51_jpg.rf.2d6ebeacc69e1fc30eaa10a6a0079f39.jpg,640,640
cadeiras-juntas_mp4-52_jpg.rf.eb3dbfe40fc71464bead32b791bcad73.jpg,640,640
cadeiras-juntas_mp4-6_jpg.rf.4006e22d52d3941c6645be056d70094a.jpg,640,640
cadeiras-juntas_mp4-80_jpg.rf.93a3f3dcc3e7f488b3db1f5f08da5691.jpg,640,640
cc34540b-image_27_jpeg_jpg.rf.54c24fc87bcf265164ffac7b22a3a3ea.jpg,416,416
cc34540b-image_27_jpeg_jpg.rf.7025c4811ffd12a53a7e8c4ba917a57d.jpg,416,416
cc34540b-image_27_jpeg_jpg.rf.e418c9d20ee1276c3dfeb3287658e976.jpg,416,416
cc8a63c01d6c449f_output_jpg.rf.0740bc033672d5052854f907db777fb1.jpg,640,640
cc8a63c01d6c449f_output_jpg.rf.6cd95393070d39474b9debea91ad073a.jpg,640,640
cc8a63c01d6c449f_output_jpg.rf.89b63a1709b38f93eb26fe4971073a7d.jpg,640,640
cc8a63c01d6c449f_output_jpg.rf.8e70b2abf3eb9782524e9c91ccd5d498.jpg,640,640
cc8a63c01d6c449f_output_jpg.rf.9d2b9a50d10c22b51c589817d4379be5.jpg,640,640
cc8a63c01d6c449f_output_jpg.rf.a1124a3c4a2ab858a9644a87c03b533b.jpg,640,640
cc8a63c01d6c449f_output_jpg.rf.a3f9fe3f1388f02eddba44558a9f301b.jpg,640,640
cc8a63c01d6c449f_output_jpg.rf.ae868da5760a79168cc0a8d2711bc73d.jpg,640,640
cc8a63c01d6c449f_output_jpg.rf.b1438f5c53ea228a1d0f8973fa3949c0.jpg,640,640
cc8a63c01d6c449f_output_jpg.rf.be0d5645e06657ee1093c3c44c33f9f1.jpg,640,640
cc8a63c01d6c449f_output_jpg.rf.ca93981f73483d83d3b9e5c0134db1b9.jpg,640,640
cc8a63c01d6c449f_output_jpg.rf.e0737079d473aabfc153c26947b3eb4d.jpg,640,640
cc8a63c01d6c449f_output_jpg.rf.eb1dada461ea95fa2f2c4f01d3e206fe.jpg,640,640
cc8a63c01d6c449f_output_jpg.rf.ed5d143b4e22a09c802c75b923e596a7.jpg,640,640
cc8a63c01d6c449f_output_jpg.rf.f5fdfde93beabd40676df975a67d9e9f.jpg,640,640
ccdc6f98-image_124_jpeg_jpg.rf.49bc3eaaf55f241338feaf01a2410a78.jpg,416,416
ccdc6f98-image_124_jpeg_jpg.rf.c538ddee79873f0ab3c29f867189b5fb.jpg,416,416
ccdc6f98-image_124_jpeg_jpg.rf.ce4e2a490c77468e9d8da57a966009c9.jpg,416,416
cd5125fb-image_80_jpeg_jpg.rf.2307dae7dd43f99b6e32a547536af46f.jpg,416,416
cd5125fb-image_80_jpeg_jpg.rf.361a0fbba3aba5214c7e191f69581962.jpg,416,416
cd5125fb-image_80_jpeg_jpg.rf.e74213a787fac83a57110efb23cbe1ba.jpg,416,416
cd98b72f-image_59_jpeg_jpg.rf.4b8f9d1c9a27916c55e49b288e75e991.jpg,416,416
cd98b72f-image_59_jpeg_jpg.rf.4d83ab3c6417156f54a038d3977cbad0.jpg,416,416
cd98b72f-image_59_jpeg_jpg.rf.ea44d90a517d1b25453fdacde6281678.jpg,416,416
ce8086c1-image_153_jpeg_jpg.rf.0aa3263b568ebb918ba31d66dfa09797.jpg,416,416
ce8086c1-image_153_jpeg_jpg.rf.1910c9b84f81a7a5bfbe9b2008b5624c.jpg,416,416
ce8086c1-image_153_jpeg_jpg.rf.f58bfab63eb7bab4e1955e579afc8415.jpg,416,416
Chair-1-_jpg.rf.008d71226814deb455c5a8cc03de4afd.jpg,640,640
Chair-1-_jpg.rf.4f7ce30a0ef8df042a1f24a7c1048af2.jpg,640,640
Chair-1-_jpg.rf.b30116691fe0f845499403a0402db53f.jpg,640,640
Chair-100-_jpg.rf.49de3539a058b7c8f765531d1f85e04c.jpg,640,640
Chair-101-_jpg.rf.72d6c51481dfec59f87e8873aeb70162.jpg,640,640
Chair-101-_jpg.rf.84babda815eb87ee5d5a693ee9b16c52.jpg,640,640
Chair-101-_jpg.rf.b7e124f05422bc81d440d424f077e6f0.jpg,640,640
Chair-102-_jpg.rf.cb2b4ebb4413be887cf423534f671d02.jpg,640,640
Chair-103-_jpg.rf.1c39d62700e141e0f7e80eb144dd3df0.jpg,640,640
Chair-103-_jpg.rf.218fd30e227f448355aea1c1e6fd2a6c.jpg,640,640
Chair-104-_jpg.rf.1265634b5289da0bad12bbd5992dcae9.jpg,640,640
Chair-104-_jpg.rf.6b2bd1b65cc4d91a2c013498085f9f06.jpg,640,640
Chair-104-_jpg.rf.e667a9bdca419cf91ef46a41aefce0d9.jpg,640,640
Chair-106-_jpg.rf.416f2dda493a9ee9849a9f6cfb3b98e7.jpg,640,640
Chair-106-_jpg.rf.9bb7347e3adf302a5ad64846cd1f354b.jpg,640,640
Chair-106-_jpg.rf.ccd0001efb2e364b40fffc4804340cd1.jpg,640,640
Chair-107-_jpg.rf.0f81554f3fae5bb8b4f1dadf2258f6fc.jpg,640,640
Chair-107-_jpg.rf.695d096b78a277e29841579ced69c84b.jpg,640,640
Chair-107-_jpg.rf.8d0036587cc775a3d2ea39858611d5eb.jpg,640,640
Chair-11-_jpg.rf.5bd352253773e733ee918de4035a4847.jpg,640,640
Chair-11-_jpg.rf.71b1f0b68e3eb9c008fc5b4250de4016.jpg,640,640
Chair-11-_jpg.rf.deeca07f21cbf4108372e06d7ba2fb9b.jpg,640,640
Chair-113-_jpg.rf.bf24234df5fe5401955003c57484312a.jpg,640,640
Chair-113-_jpg.rf.c96ff985084e142c990f735832731017.jpg,640,640
Chair-114-_jpg.rf.880535a04322bf0aa40af24736eb787a.jpg,640,640
Chair-115-_jpg.rf.a20c36e63204f1a5fd4aaad9a7817c6a.jpg,640,640
Chair-115-_jpg.rf.e5d809442b96443877169561b3f45c4f.jpg,640,640
Chair-116-_jpg.rf.5c7dc3d64746a496880a828e76a3d1c2.jpg,640,640
Chair-116-_jpg.rf.7937741df94f7d3843f3dc13fed17059.jpg,640,640
Chair-116-_jpg.rf.99879e5b0f11b1c09f1956368d3dcd60.jpg,640,640
Chair-117-_jpg.rf.5b5d34f086843b4e1725ac22a6fc63c7.jpg,640,640
Chair-118-_jpg.rf.7808c6f81644df220e98f949f22237ee.jpg,640,640
Chair-119-_jpg.rf.12447786bbfbe5b87c2e26ec0157a829.jpg,640,640
Chair-119-_jpg.rf.256a70c41fc1338a0d148c8d496c7a0a.jpg,640,640
Chair-12-_jpg.rf.ed313fab05f44b6890968a2ad28d0f6c.jpg,640,640
Chair-120-_jpg.rf.0c20828de987a27bd3cc96dc2f2b7cc5.jpg,640,640
Chair-120-_jpg.rf.4b3c19b437d1f2d35926988a5d9fdea6.jpg,640,640
Chair-120-_jpg.rf.f258a34cfc1cb5fe6b5360dbd5d398a2.jpg,640,640
Chair-121-_jpg.rf.27d294130bf051ac73e745f9f4cfc4bf.jpg,640,640
Chair-121-_jpg.rf.af010b58b77ffd1120bc49e132d166cf.jpg,640,640
Chair-122-_jpg.rf.aed36b55dcf3b5e3e6d785a35eff8f6a.jpg,640,640
Chair-123-_jpg.rf.178ad80864c839b19b6471d4c51cf719.jpg,640,640
Chair-125-_jpg.rf.7795172f48fc923462028b6b02c44395.jpg,640,640
Chair-127-_jpg.rf.20a9a735e74380dfdbedaaddc09d926d.jpg,640,640
Chair-127-_jpg.rf.af94eaafe1ad24f7043fd2506fa18e5b.jpg,640,640
Chair-128-_jpg.rf.2d1a6dc4aeb37cc43601b5b9c09ac236.jpg,640,640
Chair-129-_jpg.rf.a008b5f6129861f15e92d62c4fe12eda.jpg,640,640
Chair-129-_jpg.rf.c6363a21b34bafe411df107a85574741.jpg,640,640
Chair-130-_jpg.rf.11dbb79aea70246a588d8db95011d5ff.jpg,640,640
Chair-130-_jpg.rf.62854512ec6abdebbb0baa4e17bdf4d8.jpg,640,640
Chair-131-_jpg.rf.fdd94583c1be28f8c71485b1dd5006ce.jpg,640,640
Chair-132-_jpg.rf.630f41c1f38e1796272618ed3bc08117.jpg,640,640
Chair-132-_jpg.rf.9ff2b94e5e022ae2af16636194551486.jpg,640,640
Chair-134-_jpg.rf.9f415d27b22af2e452373bc5ed00ce54.jpg,640,640
Chair-134-_jpg.rf.a1d191f4bb261bf0bb61b47787677e44.jpg,640,640
Chair-136-_jpg.rf.72028217841c9075ac4f711623728da8.jpg,640,640
Chair-136-_jpg.rf.f04fbb4b2633771d8c117c825da741ee.jpg,640,640
Chair-137-_jpg.rf.60e6bc743f62496893cf5d5e52ee5698.jpg,640,640
Chair-137-_jpg.rf.8cf8debd3c5fb4651656862aab651723.jpg,640,640
Chair-139-_jpg.rf.330d0f5f1eb7bd1e68647d3ce0ca2def.jpg,640,640
Chair-139-_jpg.rf.a95b70bef86ac057bbbfdb469f949fdf.jpg,640,640
Chair-14-_jpg.rf.5be964995a56c0217387b79e8a3defd2.jpg,640,640
Chair-140-_jpg.rf.6f8dd2ea56f38b55738c6dba57e38165.jpg,640,640
Chair-140-_jpg.rf.8b6eeaff869de3312e2178867ade9fe5.jpg,640,640
Chair-141-_jpg.rf.4c91412536c49042d85be7426c6dea5f.jpg,640,640
Chair-141-_jpg.rf.aa3872216bf5e15e0c8f69ce1448732e.jpg,640,640
Chair-142-_jpg.rf.62b005026b82a49e0a83cea929c2b638.jpg,640,640
Chair-142-_jpg.rf.b93beeea4bfe4519f294da0020818fbc.jpg,640,640
Chair-143-_jpg.rf.6ef823931147fb016399a4a54abc43ce.jpg,640,640
Chair-143-_jpg.rf.7e730c0e317c8509f6a648099337af24.jpg,640,640
Chair-144-_jpg.rf.c942e05177222fd3dd087723645d945f.jpg,640,640
Chair-144-_jpg.rf.f8ce83dd6ea72ea949ff59ec48c02899.jpg,640,640
Chair-145-_jpg.rf.19e56e3156a1577d3cb71fa19a48be3a.jpg,640,640
Chair-145-_jpg.rf.1f86f6753d34224d82d90c437df05d40.jpg,640,640
Chair-146-_jpg.rf.858485ca3857ee9b509771754440b82c.jpg,640,640
Chair-146-_jpg.rf.899d67c634a98a2998b4633676e42706.jpg,640,640
Chair-147-_jpg.rf.2417142430de47701432072107af8695.jpg,640,640
Chair-147-_jpg.rf.6b52dbfe58e2111cd1b0e0eb48cae27a.jpg,640,640
Chair-148-_jpg.rf.212c466e5ee34d0b6d435ebd8b443901.jpg,640,640
Chair-148-_jpg.rf.be9480f3f9f745d0a17b90cac7d8a05d.jpg,640,640
Chair-15-_jpg.rf.01ef3d74cdbda87616d85e5bab194c60.jpg,640,640
Chair-15-_jpg.rf.cdf78d52937dbf00ae8d7ebb6dc3d46f.jpg,640,640
Chair-155-_jpg.rf.0079af98d352f3b11d4e67f8e919b317.jpg,640,640
Chair-155-_jpg.rf.11a0fe590c46b36180e9716075eb1e26.jpg,640,640
Chair-155-_jpg.rf.2cd3872165e2e132d29710265c72a774.jpg,640,640
Chair-155-_jpg.rf.977e76fb00b3dec9a0631d08e3be934f.jpg,640,640
Chair-157-_jpg.rf.c4c83c8cf5750de61200e1b697d94c29.jpg,640,640
Chair-159-_jpg.rf.8f034a24162c9be9f4f2a8c6fa747eb0.jpg,640,640
Chair-159-_jpg.rf.baf0a91ea60448f2ae1e71c42053b321.jpg,640,640
Chair-16-_jpg.rf.466ade9dd0a114793b099468f461f6e2.jpg,640,640
Chair-160-_jpg.rf.77d7f61eaed4effa4e305e031f930f40.jpg,640,640
Chair-160-_jpg.rf.8b83aad777f89caa41afa0cd7a7bb910.jpg,640,640
Chair-161-_jpg.rf.7a18edd08ce08b9b05425f9125e3e814.jpg,640,640
Chair-162-_jpg.rf.2b68c8a40838e6f4168fbfe144c1dcb4.jpg,640,640
Chair-162-_jpg.rf.3055b046eec2abcbd6e43b5dcc00fb44.jpg,640,640
Chair-164-_jpg.rf.f07566965bba40c6866d299e4033f32a.jpg,640,640
Chair-165-_jpg.rf.6eb397371133f4c4c48afdbbc8dcd394.jpg,640,640
Chair-166-_jpg.rf.2e025e83d17ce3023e223584a15bc3da.jpg,640,640
Chair-167-_jpg.rf.15bc5a679a115ef11e4c82cd3d04add5.jpg,640,640
Chair-167-_jpg.rf.1ba4b95126c156e1b455c7a45c026b0e.jpg,640,640
Chair-167-_jpg.rf.3e284efa036c3a1b984062a96fb0c658.jpg,640,640
Chair-167-_jpg.rf.fe74d5cc3c6c9ba30dd55a0cacf67547.jpg,640,640
Chair-169-_jpg.rf.9a3803dbed83e458a00627face2ed4ce.jpg,640,640
Chair-169-_jpg.rf.eb0a436abb23e99354622dbb48b8296c.jpg,640,640
Chair-17-_jpg.rf.409fc9be9967a11db8e49afcfb4a0c18.jpg,640,640
Chair-17-_jpg.rf.fde01930b43364be7cb10a37af892f3a.jpg,640,640
Chair-170-_jpg.rf.15fc5da16abe5af0d435d2dfaf9d4d66.jpg,640,640
Chair-171-_jpg.rf.320595bc691823be2071b428f907664b.jpg,640,640
Chair-171-_jpg.rf.55e3ab83e7f93190404ef0cef8c821bb.jpg,640,640
Chair-171-_jpg.rf.5ead8cba4553987ae26ead1e5dbeb5e9.jpg,640,640
Chair-172-_jpg.rf.16080f37bb36e423dd28388a09815d7e.jpg,640,640
Chair-172-_jpg.rf.184293899fad32182f9de8e68925e94a.jpg,640,640
Chair-172-_jpg.rf.1aa267fc5e2ba2ea45b368a8e89a8efd.jpg,640,640
Chair-173-_jpg.rf.17c6ba70b86c0c2dafd6302209d3ee87.jpg,640,640
Chair-173-_jpg.rf.b610071eaaf533d9865641b9794c0fbd.jpg,640,640
Chair-175-_jpg.rf.49c17763d48e46bd788f8c1a611afb02.jpg,640,640
Chair-175-_jpg.rf.d1652b2478ba43794f527a6d5ce98a49.jpg,640,640
Chair-178-_jpg.rf.49e1aa7147847d702f18baadda609de0.jpg,640,640
Chair-178-_jpg.rf.540b44913e8ef9687c407f8513019077.jpg,640,640
Chair-18-_jpg.rf.19eeb682800c388d43c6063b4c873d26.jpg,640,640
Chair-180-_jpg.rf.3f7f1c1d14ca0d04d074902b5b783903.jpg,640,640
Chair-180-_jpg.rf.44895368c2850b9396d5f1c37ae4610c.jpg,640,640
Chair-180-_jpg.rf.a16a7dc480a311d50f10dbf2675e3a4c.jpg,640,640
Chair-180-_jpg.rf.c6b0fa7414795c977137b27bfbdd933e.jpg,640,640
Chair-180-_jpg.rf.cb581ea891c08562e1acdbab04a1158b.jpg,640,640
Chair-181-_jpg.rf.6a19205bd78e3221e3a94e81f716b7ad.jpg,640,640
Chair-181-_jpg.rf.eed1298fa65677a98f66dc8db0bcf109.jpg,640,640
Chair-183-_jpg.rf.2fdd8384c2336750eca7073df4b7b251.jpg,640,640
Chair-183-_jpg.rf.b3ba67bf156b92ac7ef07c5b3d1aba56.jpg,640,640
Chair-183-_jpg.rf.d5d608509c1e2bb7da424b21e81a71e1.jpg,640,640
Chair-183-_jpg.rf.fd895782200d09b7d29203b5e8be7e7f.jpg,640,640
Chair-184-_jpg.rf.e918248715d91a5a7c444ef53aa68639.jpg,640,640
Chair-185-_jpg.rf.490742ea442ba4bff9aca7b0ae579510.jpg,640,640
Chair-185-_jpg.rf.7b0d23c618494c00eaa0c293b88f3e58.jpg,640,640
Chair-186-_jpg.rf.9e518dfcf8383b811cf421462a3317fa.jpg,640,640
Chair-187-_jpg.rf.82e057fcefd0d6137eda3113a7d43600.jpg,640,640
Chair-187-_jpg.rf.a1be6c777dbf2f6f280b756ca30d5a1c.jpg,640,640
Chair-189-_jpg.rf.2bde199e8050be234031ca1b344236ea.jpg,640,640
Chair-190-_jpg.rf.a3b955575c8331b7a50927f1630668fc.jpg,640,640
Chair-191-_jpg.rf.3c0eb9a60ed2b75a5285c954bdc466bd.jpg,640,640
Chair-191-_jpg.rf.6386e529623f69d211b9925d89d8d656.jpg,640,640
Chair-192-_jpg.rf.04b1fa102d19830e0263e5cf9b854c53.jpg,640,640
Chair-192-_jpg.rf.305fd28dc690a854d25d83c4ee56c4fd.jpg,640,640
Chair-197-_jpg.rf.831c655264f2c38047225e928a05312e.jpg,640,640
Chair-2-_jpg.rf.5754e479b09d8aec33053e72e751f055.jpg,640,640
Chair-2-_jpg.rf.61f426856fb961231d6800ddffbef588.jpg,640,640
Chair-201-_jpg.rf.660d4eea1da43539b28c018e1999c6e4.jpg,640,640
Chair-201-_jpg.rf.a0e106556deef734117d5ed85d72b199.jpg,640,640
Chair-203-_jpg.rf.0fe94ab4faba21c17acb2d0d4ad3de14.jpg,640,640
Chair-203-_jpg.rf.1a28b4637ce99797124dbbd87ad5fc6c.jpg,640,640
Chair-205-_jpg.rf.632105878f0786b89ce6e3ff4224d8c7.jpg,640,640
Chair-205-_jpg.rf.9f521439e9e987e68fb5365b0ad7f401.jpg,640,640
Chair-208-_jpg.rf.3f5179380c26f8779e843bdf90c16766.jpg,640,640
Chair-208-_jpg.rf.a5e8e9afd5cb86979bdd6f92ecbea662.jpg,640,640
Chair-209-_jpg.rf.8b97d80ceabfd9c08608d4d48a44940f.jpg,640,640
Chair-209-_jpg.rf.bf4ed08d6ff6fcd3c5c599b20fc0283c.jpg,640,640
Chair-210-_jpg.rf.1f9eee2cdef8628ff59fbfdf6cad29b9.jpg,640,640
Chair-210-_jpg.rf.4c6ae034dc38bb49ebc9ab321f0c1f2b.jpg,640,640
Chair-211-_jpg.rf.e8f638bc101a65aed561b4db67db0e33.jpg,640,640
Chair-216-_jpg.rf.17dd44d80dce447ad2234d632b827309.jpg,640,640
Chair-217-_jpg.rf.1cc2ff07365e57fd55caebb221ff0d88.jpg,640,640
Chair-217-_jpg.rf.408b4be38f408c1c9bead7af8c550588.jpg,640,640
Chair-218-_jpg.rf.399d7e9fb230ee3ab73783c5ea86b5f1.jpg,640,640
Chair-218-_jpg.rf.53ab0d1ecc1ab73063688c76e86804b9.jpg,640,640
Chair-218-_jpg.rf.d527c09e92457eaa41146d3247f14666.jpg,640,640
Chair-219-_jpg.rf.1cdd0f3bdd734a7c39f4c6627ed0755e.jpg,640,640
Chair-22-_jpg.rf.4cdcee755ea93a7a94baa862abff1e1b.jpg,640,640
Chair-22-_jpg.rf.506b9b355338df1c6f2b497287b6f7d1.jpg,640,640
Chair-220-_jpg.rf.be2bb4aabdb3f9463be0f3eb2d22bf29.jpg,640,640
Chair-222-_jpg.rf.31154489575c8f190377bfd628399d6a.jpg,640,640
Chair-222-_jpg.rf.f5ae97d683be056b03ee5fcf0b22abbc.jpg,640,640
Chair-223-_jpg.rf.00d50976a21ea42fdb552a69926690fa.jpg,640,640
Chair-223-_jpg.rf.6be774f345ab56ad2cee3301efeda58d.jpg,640,640
Chair-223-_jpg.rf.f7843f6615105d869598ab52ef8cb23e.jpg,640,640
Chair-226-_jpg.rf.c49178ce451e6d6b5830a1b518cddc47.jpg,640,640
Chair-226-_jpg.rf.cac7b07288c46b0781478318337138f1.jpg,640,640
Chair-227-_jpg.rf.521c1fc3b8d63985e8ae894d8940767b.jpg,640,640
Chair-227-_jpg.rf.fea963fa5ed93ec48d50f9e1235206df.jpg,640,640
Chair-23-_jpg.rf.90fb7363d7625f41a8bd48450d1f6396.jpg,640,640
Chair-231-_jpg.rf.a98684e25e078c05814510a4949217d7.jpg,640,640
Chair-232-_jpg.rf.273a2a9c0a44f64eb19899eb99f461a2.jpg,640,640
Chair-234-_jpg.rf.a758c3762b50e58a0ecb00d67f1eb786.jpg,640,640
Chair-235-_jpg.rf.26e7f17e657bc2c323acb9865ba4f041.jpg,640,640
Chair-236-_jpg.rf.6dc53c87f5ae5fe9fcb1404494d062d0.jpg,640,640
Chair-236-_jpg.rf.91186fcacd9c4c82bbf5db2d4c167589.jpg,640,640
Chair-237-_jpg.rf.53d1a8fd31d2f2006db4e8c282d15683.jpg,640,640
Chair-237-_jpg.rf.90683162463bf3a0c3526d863dde93ef.jpg,640,640
Chair-237-_jpg.rf.e8cb8e26e57bf5fd2ff7a9c1cacdab35.jpg,640,640
Chair-237-_jpg.rf.efda36a282c60a28f57c0cce8255ccf7.jpg,640,640
Chair-238-_jpg.rf.6c90e3f481c5fbef44f6af86aa9c8ef9.jpg,640,640
Chair-238-_jpg.rf.f8bd38b1fbf93cb27b35474e19f5d43c.jpg,640,640
Chair-239-_jpg.rf.7f47d6cce917b51b15dd03e784afe15c.jpg,640,640
Chair-239-_jpg.rf.ff7f095e8d6aa4d1f24ceeda1bf637a9.jpg,640,640
Chair-24-_jpg.rf.5dfa7bb33e3a46037f9e0b894af35f47.jpg,640,640
Chair-24-_jpg.rf.5e9e482abe08d54594ed2f8765c79061.jpg,640,640
Chair-24-_jpg.rf.9729946fe940a61e1edc082c5d0cb744.jpg,640,640
Chair-245-_jpg.rf.a96d46018194a0cba86d065314be6cc7.jpg,640,640
Chair-25-_jpg.rf.72c7fa39e1b0df40bd7bf68b04de7429.jpg,640,640
Chair-25-_jpg.rf.da57060ac33b53369aabf3c7774778c5.jpg,640,640
Chair-250-_jpg.rf.3b10f390f800e5bcbbbdebdc782dabe2.jpg,640,640
Chair-251-_jpg.rf.a3050247a6d189554ccbdd0167fb0d62.jpg,640,640
Chair-254-_jpg.rf.1f1f59c77f1c666af9f357e76652ab3f.jpg,640,640
Chair-254-_jpg.rf.76c56930a50f48fef90451c9ffd2ed26.jpg,640,640
Chair-255-_jpg.rf.26207c5941dfca4c0149266e9da5e944.jpg,640,640
Chair-255-_jpg.rf.e9b9fa1aa3925c370232d57fc7e7eeff.jpg,640,640
Chair-255-_jpg.rf.edab1acfe712ba7668f82f15964cded7.jpg,640,640
Chair-255-_jpg.rf.f3cd5fc9967a3727f80efbe99c2e0ae6.jpg,640,640
Chair-256-_jpg.rf.208b43c79bb76969ad07723eeb9357eb.jpg,640,640
Chair-256-_jpg.rf.65b0bf825cdb26102060b0eacc9b2f6e.jpg,640,640
Chair-257-_jpg.rf.249b69eb327fc080b783069527e6060d.jpg,640,640
Chair-257-_jpg.rf.af7601e4ee49bc9c9c3999a819c5b901.jpg,640,640
Chair-258-_jpg.rf.1116e1acb61b6c0e69673c92426fa77d.jpg,640,640
Chair-258-_jpg.rf.dd80fd26fbe7441c39b1af0abc415851.jpg,640,640
Chair-26-_jpg.rf.31ed53cf0f5bc56a4267ad348b1ee06b.jpg,640,640
Chair-26-_jpg.rf.62b43c3a95afb9bbc8021cfabbf95d1c.jpg,640,640
Chair-260-_jpg.rf.0f327433988eb3a98bb5fd152b2df601.jpg,640,640
Chair-260-_jpg.rf.161fdffd117614527ddd619ade8f93d6.jpg,640,640
Chair-260-_jpg.rf.91ec6085098fe0dbe343b4e33f719433.jpg,640,640
Chair-260-_jpg.rf.93aafe3fea0efca57a9158e4b02a7ee1.jpg,640,640
Chair-262-_jpg.rf.12ca7ebdef1c5996f847675f12e67f42.jpg,640,640
Chair-262-_jpg.rf.91ea671503cabfd375ef0fdcd684b2bb.jpg,640,640
Chair-262-_jpg.rf.be4a0915b25bc755f8fecdda1d1dda3f.jpg,640,640
Chair-262-_jpg.rf.cb2005619831e8c5040344359f146717.jpg,640,640
Chair-263-_jpg.rf.0e36726e52560af5e9322a753de72b7b.jpg,640,640
Chair-263-_jpg.rf.2c734b0f62b91f5d0fdc903d77ad53e2.jpg,640,640
Chair-263-_jpg.rf.2d684aa6ab873e0d29c17c8fd8a72d03.jpg,640,640
Chair-263-_jpg.rf.839b180d17f12dcc9491d5784f0dd3ed.jpg,640,640
Chair-265-_jpg.rf.b83edc83da280d477a166c34ccb62923.jpg,640,640
Chair-266-_jpg.rf.866bcfb13dc1412e26f28f8cf1d7ea7a.jpg,640,640
Chair-267-_jpg.rf.c5ad409e91fa4af1988c9023f7092a82.jpg,640,640
Chair-267-_jpg.rf.d3bd8f9ebcf0e28cab9d0fb2bdfa4578.jpg,640,640
Chair-28-_jpg.rf.15525ceaa3f9c61706dfbd2b4caac2ad.jpg,640,640
Chair-28-_jpg.rf.20d886a99f170c5b41091c314e3542d1.jpg,640,640
Chair-28-_jpg.rf.3a17f48214b47379f9b3995fdea7911c.jpg,640,640
Chair-28-_jpg.rf.5b59f99564b869f473bf8abb4eb0b38e.jpg,640,640
Chair-3-_jpg.rf.3cbcf14ae8f40614d29f6145fadfee2f.jpg,640,640
Chair-3-_jpg.rf.7166ddb1a9036efd828815d214de5385.jpg,640,640
Chair-33-_jpg.rf.0524d7d17da1b7a518c796fab8d50675.jpg,640,640
Chair-33-_jpg.rf.a84c80929c89fe07268335dcf911b8bd.jpg,640,640
Chair-34-_jpg.rf.c84f9d5463948d620f58ca6ed670d95d.jpg,640,640
Chair-34-_jpg.rf.f3c8363706c4298f91b79b0c8aed0628.jpg,640,640
Chair-35-_jpg.rf.07c4bb6bdc342c79473e0a2aaa4b0e75.jpg,640,640
Chair-35-_jpg.rf.a31a4354dd929b66b61ab6d31e3222eb.jpg,640,640
Chair-38-_jpg.rf.167da1d8b0d0155b0acaa8d918c62db1.jpg,640,640
Chair-38-_jpg.rf.700c7ba55cca59bf072264ccb475033b.jpg,640,640
Chair-38-_jpg.rf.9427dda11618c208c91c8ebda4234a6b.jpg,640,640
Chair-40-_jpg.rf.325910edc2334dd95286f75470ac1eca.jpg,640,640
Chair-40-_jpg.rf.c1b5e84d9fb94e06742dcc9f1765ba16.jpg,640,640
Chair-44-_jpg.rf.adef486e316af241c4adafb74e701506.jpg,640,640
Chair-44-_jpg.rf.eb3025f11d51efbaa24fad9724899fad.jpg,640,640
Chair-44-_jpg.rf.f0968edeb0356032b2baa66cd434ee5d.jpg,640,640
Chair-46-_jpg.rf.8c3dca713cc62b2186a26d93f73ca067.jpg,640,640
Chair-46-_jpg.rf.e97f227093c66a8056fc52c260570421.jpg,640,640
Chair-49-_jpg.rf.77b47be34ada9030cb247a6e4ab883e1.jpg,640,640
Chair-49-_jpg.rf.d75273361eda02e0b8e77183824391c7.jpg,640,640
Chair-5-_jpg.rf.3d073ac3633fb6d4e771633d0b13a66b.jpg,640,640
Chair-5-_jpg.rf.d71bfd7bd40f53b6423a84fb1841b587.jpg,640,640
Chair-55-_jpg.rf.08b7bf94eff2c52c53af5738430f9563.jpg,640,640
Chair-55-_jpg.rf.2401d9b25739c5eda63f470809be6032.jpg,640,640
Chair-55-_jpg.rf.7b033c7a74e323f9ace4622ab8740381.jpg,640,640
Chair-55-_jpg.rf.d3fa94649af74985a57a982140d2f95b.jpg,640,640
Chair-59-_jpg.rf.08365ae5eae69587cb3f4be78ac358dd.jpg,640,640
Chair-59-_jpg.rf.651fece165b2a1ca0410d83e238445e5.jpg,640,640
Chair-60-_jpg.rf.0240a15fc4d0a3ac2eac81d19e6646d2.jpg,640,640
Chair-60-_jpg.rf.ad39abdde1c9295d98da0707549b398b.jpg,640,640
Chair-60-_jpg.rf.c3c31415789de6852ae7d00039433fe4.jpg,640,640
Chair-63-_jpg.rf.adab66eaf9ef9b10d906844a2453c3d0.jpg,640,640
Chair-63-_jpg.rf.e8520e5d6bc84be86c3051e17c2b1a36.jpg,640,640
Chair-66-_jpg.rf.d6fa7bd76b9e127bf29868e6a6a7440f.jpg,640,640
Chair-66-_jpg.rf.f42718b9477756b86df0f15a51462003.jpg,640,640
Chair-67-_jpg.rf.c403c761b5cc08686e6280c6692d72cf.jpg,640,640
Chair-67-_jpg.rf.daf75f1b2a70e64a137b7ba3597b9e4a.jpg,640,640
Chair-68-_jpg.rf.013581779032d72c5e0262a4023101b8.jpg,640,640
Chair-68-_jpg.rf.c2fc394a3db1ac3e93ba93a4b85b7b86.jpg,640,640
Chair-7-_jpg.rf.b062cdbba9da88cdf962c9e151148b3f.jpg,640,640
Chair-7-_jpg.rf.e8c9de7586fa1bd8e7c7575bbdcad1f3.jpg,640,640
Chair-70-_jpg.rf.101ae7ee3d103923250c33be374eb96b.jpg,640,640
Chair-70-_jpg.rf.7bf9f87b15e055b54dbd927854f8fb32.jpg,640,640
Chair-72-_jpg.rf.06dcff92a7cd70d6f8bb4655d8bec635.jpg,640,640
Chair-72-_jpg.rf.33ea725d561d0d5b2df118b7993a69f2.jpg,640,640
Chair-73-_jpg.rf.9d12105c6053bc3d3bc3d6a112132bcc.jpg,640,640
Chair-73-_jpg.rf.db4a57e0a3bc6863c082e3b845727a26.jpg,640,640
Chair-73-_jpg.rf.e985a829c99199218628805fd81f602e.jpg,640,640
Chair-75-_jpg.rf.426b67c93a9689da5e01775b86639fa2.jpg,640,640
Chair-75-_jpg.rf.7dd3426353167505557ff79fde8ad790.jpg,640,640
Chair-75-_jpg.rf.d63484c5ff24dcacea62e1307d66ac9f.jpg,640,640
Chair-82-_jpg.rf.33289ca88b3d035c7c4df4891aa28260.jpg,640,640
Chair-82-_jpg.rf.62f46b064563dee298a50761bf2ec46d.jpg,640,640
Chair-83-_jpg.rf.cd901599436f914680ea9cff3c531d34.jpg,640,640
Chair-83-_jpg.rf.f204def6ac8cdb415a6165d1e016a651.jpg,640,640
Chair-84-_jpg.rf.5941b5b675f06df79ab23aca6927444f.jpg,640,640
Chair-84-_jpg.rf.840b3ab8eecd03467caf50f2e6934179.jpg,640,640
Chair-87-_jpg.rf.c35c0dcd20ef024f4d6dbe49db977dc2.jpg,640,640
Chair-87-_jpg.rf.ee7106a68d349f7aa39e42aab2ab9275.jpg,640,640
Chair-91-_jpg.rf.b2c1e387d0a5d0e196682d5d46dd7b3a.jpg,640,640
Chair-95-_jpg.rf.3b353cc11829ecb76ad7dab866cb6b04.jpg,640,640
Chair-95-_jpg.rf.7763d9f6823ff257aeac3ae6da5ee150.jpg,640,640
clip1_mp4-107_jpg.rf.99bee157a5090e3ea927300c09da9585.jpg,640,640
clip1_mp4-15_jpg.rf.a332c1080ce8895a2b52c9c6e3eb2289.jpg,640,640
clip1_mp4-173_jpg.rf.3fb3be21d7434493fb8b70e094c6ff95.jpg,640,640
clip1_mp4-174_jpg.rf.ed0b6fb69005410263ecf446cd59b65e.jpg,640,640
clip1_mp4-17_jpg.rf.8808fa8c3b931b39b30be8d9873fa1cb.jpg,640,640
clip_main_lobby_Tan_mp4-104_jpg.rf.11c132025847b8ec7d9381c0e7847673.jpg,640,640
clip_main_lobby_Tan_mp4-119_jpg.rf.7b0cfc588b4cdc1e56017584e553496e.jpg,640,640
clip_main_lobby_Tan_mp4-124_jpg.rf.8cddb92d6f720c00e73a21dd7c467f74.jpg,640,640
clip_main_lobby_Tan_mp4-139_jpg.rf.568464040f1beb2e508a87f39c258c2f.jpg,640,640
clip_main_lobby_Tan_mp4-230_jpg.rf.67960080fbac79405e30e79fb33666da.jpg,640,640
clip_main_lobby_Tan_mp4-230_jpg.rf.9913a6a72e48ab60681d1602af9601a0.jpg,640,640
clip_main_lobby_Tan_mp4-250_jpg.rf.7006f56c7ead2a74413d4914ad320381.jpg,640,640
clip_main_lobby_Tan_mp4-254_jpg.rf.0c426769e1a5d9c3c5cc999a9c2f611b.jpg,640,640
clip_main_lobby_Tan_mp4-268_jpg.rf.72cf015ea1aa29bfdaf53a677f304f52.jpg,640,640
clip_main_lobby_Tan_mp4-272_jpg.rf.3bd97010f11124ef1a19c3288e8f5c77.jpg,640,640
closet-gc19700d7e_1280_png_jpg.rf.674568cd9715dbbedb53b866206e7639.jpg,416,416
closet-gc19700d7e_1280_png_jpg.rf.b767084f37f8fc7558ffdea2f9f2817f.jpg,416,416
closet-gc19700d7e_1280_png_jpg.rf.cc47c5d5fdcfb6f0fab084e1af659455.jpg,416,416
d045ea1d-image_125_jpeg_jpg.rf.17b0d90c572c4ad50472b54e733ad707.jpg,416,416
d045ea1d-image_125_jpeg_jpg.rf.21eaff6609edc493f394720c8be5182e.jpg,416,416
d045ea1d-image_125_jpeg_jpg.rf.f21aa6af55a318e1e1b7ef5e589a54ac.jpg,416,416
d2211a52-image_126_jpeg_jpg.rf.3651ac2b618b345f3ca4dfd2a1bf923e.jpg,416,416
d2211a52-image_126_jpeg_jpg.rf.49e6c7a10c45e96f5b8761833c199345.jpg,416,416
d2211a52-image_126_jpeg_jpg.rf.8f402e7b340995a6ff1bd3a23240253c.jpg,416,416
d3513acc-image_57_jpeg_jpg.rf.469aaf4866071d842051444fb82e4dd8.jpg,416,416
d3513acc-image_57_jpeg_jpg.rf.c0bc3f1ddba5dfdb360ab4741b0fe5d3.jpg,416,416
d6d9c59640d67658_output_jpg.rf.7191b262e758ae983faa03bda7142120.jpg,640,640
d6d9c59640d67658_output_jpg.rf.91a62b94e6646113d9f67f5b7ed580c7.jpg,640,640
d6d9c59640d67658_output_jpg.rf.9b66dbbda9a302a8de5f33f1e2eb9403.jpg,640,640
d6d9c59640d67658_output_jpg.rf.9bcfd114d3bdae82456b20925699a18a.jpg,640,640
d6d9c59640d67658_output_jpg.rf.d61c55769498cb6dbcbc693abea2997d.jpg,640,640
d6d9c59640d67658_output_jpg.rf.eeb3c7298fc7b03421dcb517b5952c81.jpg,640,640
d7b5eafd-image_100_jpeg_jpg.rf.4151d2c39ddd42824f20f0a633c56c01.jpg,416,416
d7b5eafd-image_100_jpeg_jpg.rf.adbfbe230f66c1a3df06df22f106797c.jpg,416,416
d7b5eafd-image_100_jpeg_jpg.rf.c455e66c4413686660866e55bbd72102.jpg,416,416
d9b6a109-image_148_jpeg_jpg.rf.6117474ca98f0b033adfeb34398424fd.jpg,416,416
d9b6a109-image_148_jpeg_jpg.rf.8ef4be871f56718796401fcc362a3a2c.jpg,416,416
da86c865-door0000283_png_jpg.rf.b3d657069e8d054e0ea2b9ffeab95277.jpg,416,416
da86c865-door0000283_png_jpg.rf.f141912cfbbc97e48a3ef694d3ce69ac.jpg,416,416
dac35eac-door0000057_png_jpg.rf.b19079f40436d827a8b2bf379691b70e.jpg,416,416
dac35eac-door0000057_png_jpg.rf.c898bd9e304b24fed4c561dd6b201ae2.jpg,416,416
dac35eac-door0000057_png_jpg.rf.c960f6b8c359b335874212c7a5058162.jpg,416,416
daec3da1-image_76_jpeg_jpg.rf.a051e5a5bee4c3fc7680390c060c484a.jpg,416,416
daec3da1-image_76_jpeg_jpg.rf.a8864193ff0b739392a5333520b718c3.jpg,416,416
daec3da1-image_76_jpeg_jpg.rf.e8e51058d8a1623a140a4a11e0b23475.jpg,416,416
de2d8105-image_96_jpeg_jpg.rf.898182abc0c318d4a7db899915a80ab1.jpg,416,416
de2d8105-image_96_jpeg_jpg.rf.b367599e9bd3e5ead22a943fadc29a5a.jpg,416,416
de2d8105-image_96_jpeg_jpg.rf.d75020441b40c2cc638f30192fbaa40c.jpg,416,416
door-1-_jpg.rf.05ec23fb1432bf56e89c11ff640f0b31.jpg,640,640
door-10-_jpg.rf.2e262ecd0b26fc14e48381cbe7b2664d.jpg,640,640
door-100-_jpg.rf.f90dcc6d184fe3397cf8a68e93ae84f5.jpg,640,640
door-101-_jpg.rf.9a82de13369fb7a54ea174447b5ac59a.jpg,640,640
door-102-_jpg.rf.0040b8277fd1c3c616870bf8bcd280fb.jpg,640,640
door-102-_jpg.rf.db88f30a359894dce22716cae52a6f10.jpg,640,640
door-103-_jpg.rf.bfb70ad013fc0c2c3ecaa1be179b7ff9.jpg,640,640
door-104-_jpg.rf.6131a318259db1704d6bd04c03430b6f.jpg,640,640
door-105-_jpg.rf.59db838aeaa090a632bcd4f5090810e1.jpg,640,640
door-105-_jpg.rf.76ee7dbf0c2121439742f8313b24d8d3.jpg,640,640
door-106-_jpg.rf.8bef3f3a1972d7863e7b695011640c19.jpg,640,640
door-107-_jpg.rf.47a40f53f69538b08368ad2450bbca28.jpg,640,640
door-108-_jpg.rf.77f231f4aaef71064ac1b92d039f780f.jpg,640,640
door-108-_jpg.rf.b2f5bac1db8cc219d0e6a4a225a5c970.jpg,640,640
door-109-_jpg.rf.77c3307f2ac6b0b01c36af163c3676f2.jpg,640,640
door-11-_jpg.rf.110c8cd88842f39ac02876907f7048b1.jpg,640,640
door-110-_jpg.rf.65cba5476afeea3a2a0ac63f85bf9031.jpg,640,640
door-111-_jpg.rf.7bb3f6b46a2d194e49da0fe9b8e83390.jpg,640,640
door-112-_jpg.rf.293a4288ec4c763329c2abf811a7d88b.jpg,640,640
door-112-_jpg.rf.d03741e35cb8080c2a98497e9f5f8fc6.jpg,640,640
door-113-_jpg.rf.8b30270193bef118a9eb559d3de9443e.jpg,640,640
door-113-_jpg.rf.ed09f088b79b46d6bd48fc86bdb89a19.jpg,640,640
door-114-_jpg.rf.d0925a2239877aa4cab990446cbc36d2.jpg,640,640
door-115-_jpg.rf.2e231ceedd2a644fabaeea6c94cd2f12.jpg,640,640
door-115-_jpg.rf.91b84caf48febce02740a651a23c2e36.jpg,640,640
door-116-_jpg.rf.d250d793f9a7f1d11e4e9b89b8fc437a.jpg,640,640
door-117-_jpg.rf.f22c55537bb147a33e52e2627e6233ae.jpg,640,640
door-118-_jpg.rf.b4222094e0b8fd8b986801018995b37c.jpg,640,640
door-119-_jpg.rf.d18c19cb907b6acbd6dee06e0f2dd542.jpg,640,640
door-12-_jpg.rf.88b834d31b7c6bc6430188ae7fdc31f4.jpg,640,640
door-120-_jpg.rf.1829189d78126afc8400caf6c8558a15.jpg,640,640
door-121-_jpg.rf.ce206b95a27426b0a1ea6183827bd211.jpg,640,640
door-122-_jpg.rf.bf4c39e550a8b3a8277928f5ae6443f6.jpg,640,640
door-123-_jpg.rf.03ba246ba75592374246dd404972fb41.jpg,640,640
door-124-_jpg.rf.b9631fa8b9d486281ba77c514cdcf44c.jpg,640,640
door-125-_jpg.rf.8575d9dca1a6499fc3e64c8f01bb68c0.jpg,640,640
door-126-_jpg.rf.ba9c4718b7ed5b737c61b510086fa7ad.jpg,640,640
door-126-_jpg.rf.cce9f5b5804e5e4a0bafc32d0a845a5c.jpg,640,640
door-127-_jpg.rf.36de2313b169c941bc91f214c9e73742.jpg,640,640
door-127-_jpg.rf.8c9786991832dc53f115de0b5357433f.jpg,640,640
door-128-_jpg.rf.99d2582e3e419c13a028981c72325b1a.jpg,640,640
door-129-_jpg.rf.0e977f2ece77224281f6a7c5568d9b95.jpg,640,640
door-129-_jpg.rf.113bcd82d90b16b709e685259417ad99.jpg,640,640
door-13-_jpg.rf.08be242777e2bb0f6725936e5279a57a.jpg,640,640
door-130-_jpg.rf.8c4399a56e73eaf702b050fda9170785.jpg,640,640
door-131-_jpg.rf.de1c8ffde70d14d5d4d65fe9b12f4322.jpg,640,640
door-132-_jpg.rf.8cf696f0a5adeed1baaade0ca51877dc.jpg,640,640
door-133-_jpg.rf.38e3079f01f1269c3a58bf4a7f8bf4ba.jpg,640,640
door-134-_jpg.rf.4f5883680ab4715b02878e1372c05526.jpg,640,640
door-134-_jpg.rf.7cae735545269c19562f8a5fa9f9e2bd.jpg,640,640
door-135-_jpg.rf.18c9bd72588e32554acfb56819250fd1.jpg,640,640
door-136-_jpg.rf.013b4538216ba5b2b837cc3f050e1eb0.jpg,640,640
door-137-_jpg.rf.74754a02ac8799c88c39477849047804.jpg,640,640
door-138-_jpg.rf.4197206702b56c04ef3213d68cc73e5f.jpg,640,640
door-139-_jpg.rf.274066a3e42a574cd42b1efd3c0ce0f9.jpg,640,640
door-139-_jpg.rf.fecef1b592a0de346d9acf9a3d6c7d4c.jpg,640,640
door-14-_jpg.rf.50e6158ae7475bbc6fa5be1a18851310.jpg,640,640
door-14-_jpg.rf.cfd4557a3f40e72306371acdc16b00d2.jpg,640,640
door-140-_jpg.rf.e57d0ba2f40cbed99bc60a537d3357b5.jpg,640,640
door-141-_jpg.rf.9e6704f8c86e8328f23551deb136dd28.jpg,640,640
door-142-_jpg.rf.6c85530a7913e752036932813d06ea16.jpg,640,640
door-142-_jpg.rf.fdf0039e4a93a710ffb14e60721da9e6.jpg,640,640
door-143-_jpg.rf.3df886e128d2283f3a314b266a2043e6.jpg,640,640
door-144-_jpg.rf.9cab6c6ca6077784f995284b55a7c3a6.jpg,640,640
door-145-_jpg.rf.d976693599e7e98ee437f8c266a1f3aa.jpg,640,640
door-146-_jpg.rf.72a086c38dd267f756ee0ddfc91fd8fb.jpg,640,640
door-147-_jpg.rf.62b26d9bc03a01535428ceca300fd209.jpg,640,640
door-148-_jpg.rf.1780027b1f621acd7db425d725f67389.jpg,640,640
door-148-_jpg.rf.3934655e38599de050c0ec08caf1f709.jpg,640,640
door-149-_jpg.rf.3efbff0eb1d3d94f78be519b90e371a8.jpg,640,640
door-15-_jpg.rf.3e43a62c4da57f089308668499446bb8.jpg,640,640
door-150-_jpg.rf.1e1ebc01b42ee67efa1c23203c7faa6a.jpg,640,640
door-151-_jpg.rf.0bc595d67cc9a4b6f1ba7616fadbc6e7.jpg,640,640
door-152-_jpg.rf.9278a8c58fdaf758a1d0282598bc7b4b.jpg,640,640
door-152-_jpg.rf.ddc4b3aa383b7ac5b5ca1b317c5843ff.jpg,640,640
door-153-_jpg.rf.c606503e0ff221b4dfcf3e6ff5776d4e.jpg,640,640
door-154-_jpg.rf.c3f3d5a03b5a6264a1de4dd4b710edae.jpg,640,640
door-155-_jpg.rf.4ebef9f6382b652f11ef443e4a69da06.jpg,640,640
door-156-_jpg.rf.b7bde9b1a16fc0ce06496dae4858e2c9.jpg,640,640
door-157-_jpg.rf.5751f62835a24f233fc7359634cd3132.jpg,640,640
door-158-_jpg.rf.c3a195178c61c75a02aa0648e220d59e.jpg,640,640
door-159-_jpg.rf.542bad46dd1fae210925eb5cd1f1fea0.jpg,640,640
door-16-_jpg.rf.0039216697f17314b52be0d2e8e8894b.jpg,640,640
door-16-_jpg.rf.a1eec516d062058148aa07ab07fd5baf.jpg,640,640
door-160-_jpg.rf.5ba7315d1d3ba5dd02631cb4aad469b3.jpg,640,640
door-161-_jpg.rf.d1f1bf77052d4297221a43c91b5e9709.jpg,640,640
door-162-_jpg.rf.2a17900f343b826867179d20eabeb22e.jpg,640,640
door-163-_jpg.rf.0d9660c2b4567fb654aa048126026e62.jpg,640,640
door-163-_jpg.rf.6eca5e9ddab48185c9e92462d00ffa19.jpg,640,640
door-164-_jpg.rf.069aeaafe0aefa013df0ea362021c750.jpg,640,640
door-165-_jpg.rf.bff9cf43c4cbfd41d603b658958b133d.jpg,640,640
door-166-_jpg.rf.b82ab757bff734dab5512f6a4e0084f6.jpg,640,640
door-167-_jpg.rf.a0180ce6ed4f95849e15a053da4bcbbf.jpg,640,640
door-168-_jpg.rf.cac10be04871888ef87c80b768f0251b.jpg,640,640
door-169-_jpg.rf.b336183abb42f2cd62010d3a7842dba3.jpg,640,640
door-17-_jpg.rf.b82139a115380cdf6d05f432781b6b78.jpg,640,640
door-170-_jpg.rf.23839983cce7803bbc05adba9995dc63.jpg,640,640
door-171-_jpg.rf.067ba4c06c12baf8817567a7d36a6aca.jpg,640,640
door-172-_jpg.rf.020189b5a2115357016f4143e3a1a7d8.jpg,640,640
door-172-_jpg.rf.efbe3c2072fa6820791d6042f3e8b644.jpg,640,640
door-173-_jpg.rf.07448bfd4f2695ca5fdd78fa61c85598.jpg,640,640
door-174-_jpg.rf.2313aa811a085090c806b77ed1e7f486.jpg,640,640
door-175-_jpg.rf.6ee06610996124d5c95bd9b1d9629ad1.jpg,640,640
door-176-_jpg.rf.935b937d585a95b10547c1283d887775.jpg,640,640
door-177-_jpg.rf.116765c883802ee646e4b373a51c7f0c.jpg,640,640
door-178-_jpg.rf.1edd52ffb0bb3e4632adaaba1231db2e.jpg,640,640
door-178-_jpg.rf.37fa06573fcb2d904b9966046cb609bc.jpg,640,640
door-179-_jpg.rf.d5c3adb10380e72333d92bc6671e38cb.jpg,640,640
door-18-_jpg.rf.5bc3208f6a47be2aad1963b251452409.jpg,640,640
door-180-_jpg.rf.84703e6b33a1108f0899418695f67537.jpg,640,640
door-181-_jpg.rf.136956428c89f81e7cb4b2e4e4262c06.jpg,640,640
door-181-_jpg.rf.a0acf016f63c7b11d292087ad70bc142.jpg,640,640
door-182-_jpg.rf.2347f875e3a52faa1513adf6409f3182.jpg,640,640
door-183-_jpg.rf.5f65fd36a78140715a10233db7db2ec3.jpg,640,640
door-184-_jpg.rf.5a6b54b4ccb5176216e7b22d840e98eb.jpg,640,640
door-185-_jpg.rf.81706021ea3bf5ce3d61c7106cff383b.jpg,640,640
door-185-_jpg.rf.cd2c1478fa1b22e20234b4b13f024862.jpg,640,640
door-186-_jpg.rf.0704d2756e11b7eb094058047b5d2b57.jpg,640,640
door-187-_jpg.rf.2ad6bb77792848807f23e64cf8b5daf6.jpg,640,640
door-188-_jpg.rf.1da2f7aa2f245790544ecd00dc508c88.jpg,640,640
door-188-_jpg.rf.437285e1e08dc92a70a907725687d4f5.jpg,640,640
door-189-_jpg.rf.6c2f3bc9a5c039520cc41b18ac82bcaa.jpg,640,640
door-19-_jpg.rf.718dde7e65282cb9e48c8a7430283c1b.jpg,640,640
door-190-_jpg.rf.f2626f3c4e9be9324daed1824b634cbe.jpg,640,640
door-191-_jpg.rf.c61259e9c40b1062f860a84a2a4c525a.jpg,640,640
door-192-_jpg.rf.298767c6e19b82fcdc9ae221719fe8f4.jpg,640,640
door-193-_jpg.rf.e21857d319ec4b2282b5b1fcb9a4a5e4.jpg,640,640
door-194-_jpg.rf.88085da0aec15a43d4d68fa01947098b.jpg,640,640
door-195-_jpg.rf.355135e6921f713ca16bf294287c4f13.jpg,640,640
door-196-_jpg.rf.50040bb7079ed0b4e9c937accd4b4a0c.jpg,640,640
door-196-_jpg.rf.bc8518a0925c0f68a29d8fb6d974fffa.jpg,640,640
door-197-_jpg.rf.b9e1385224ac0fafa2ecfb296e4d4b20.jpg,640,640
door-198-_jpg.rf.b6d0a9744018668660e2c969bdbe6eca.jpg,640,640
door-199-_jpg.rf.a769badf4dd3d392f6486e3cfd8f3373.jpg,640,640
door-2-_jpg.rf.44bb52072820c58f6d2fa5a8b1d20961.jpg,640,640
door-20-_jpg.rf.8d68ade8ee24492f8cfafe0831eb98d1.jpg,640,640
door-200-_jpg.rf.aa1ba46102e3bacd2ad8eddb65cb0e03.jpg,640,640
door-201-_jpg.rf.b6fd34802ba66a520c636c27f1e56b86.jpg,640,640
door-201-_jpg.rf.fe55769322b77aed337d6d8f7e6b4ee1.jpg,640,640
door-202-_jpg.rf.6585919c26c1afebfab731ab22a0c165.jpg,640,640
door-203-_jpg.rf.2b0f889994ab5c3a83ac8b238f761611.jpg,640,640
door-204-_jpg.rf.e56d2d0d192fad55ef9b356331f1ef85.jpg,640,640
door-205-_jpg.rf.575aa21dd8ee8391fc5ea168491d7372.jpg,640,640
door-206-_jpg.rf.1705bdc443837762fcd224c312ab0fbd.jpg,640,640
door-207-_jpg.rf.550f729b6b483d6fd6d2671a6ae721b3.jpg,640,640
door-208-_jpg.rf.8fc026e3ba1d586a19c2d48201f945f2.jpg,640,640
door-209-_jpg.rf.51fecdee139b28d16ec90966d40ba105.jpg,640,640
door-21-_jpg.rf.4ae9d34f0b4e270920b0f9dff80747f9.jpg,640,640
door-210-_jpg.rf.a45c8312a35fd54e01ed8e9691d8b51d.jpg,640,640
door-211-_jpg.rf.8298e7d84f5f226da04eeac24484de70.jpg,640,640
door-212-_jpg.rf.5f018834318c2ed40f09d120ebab119b.jpg,640,640
door-212-_jpg.rf.c10d48a3968f6bd4e2dc2bd50f9d620b.jpg,640,640
door-213-_jpg.rf.28184ba5c5f3e0c74b4a03608e1cc73f.jpg,640,640
door-213-_jpg.rf.7391e055fca6a169d407ac3028fef752.jpg,640,640
door-214-_jpg.rf.891c55ec95c81b8709ebad72d1e4d2d3.jpg,640,640
door-215-_jpg.rf.7c485a9a1e18fa0dda3a70648bd7ad4d.jpg,640,640
door-216-_jpg.rf.642484fbd774e442d4b6c6bf3ecb034a.jpg,640,640
door-216-_jpg.rf.8f68bd9308a0e287721328cf35c16479.jpg,640,640
door-217-_jpg.rf.1fd8f8042861c9515147dce58399be1d.jpg,640,640
door-217-_jpg.rf.98a71db1521fea264e81b0030db69a81.jpg,640,640
door-218-_jpg.rf.7a07247a92130fa75060b48f4e639220.jpg,640,640
door-219-_jpg.rf.c38c6c415702cf64a71454fea895f994.jpg,640,640
door-22-_jpg.rf.323a6f78f77704ccc3eea63264f71f36.jpg,640,640
door-22-_jpg.rf.f92a1b78b910a2c037baece1153cabc4.jpg,640,640
door-220-_jpg.rf.476bb3b2b31d4d0000eb6a4cae202f69.jpg,640,640
door-221-_jpg.rf.b4180f34456488e9f3235a5fe94037ff.jpg,640,640
door-222-_jpg.rf.4ee1315543a4117dbaa462429bc27ff2.jpg,640,640
door-223-_jpg.rf.0c316041f92996ea9e52c00d3e23668d.jpg,640,640
door-224-_jpg.rf.0c9ac3ac12e4726b1164a36e301a4dde.jpg,640,640
door-225-_jpg.rf.4a68943c4e1648a1ee8d19c4f4c998bd.jpg,640,640
door-226-_jpg.rf.11e78453d3323ce4b0fa0ca010f40dc4.jpg,640,640
door-227-_jpg.rf.5a80aef469d2ceac231403c1a4205a2c.jpg,640,640
door-228-_jpg.rf.762bca288c2815db7fd18124d15019fe.jpg,640,640
door-228-_jpg.rf.a6fe27d862d4a5fd7907c1d19eb3cc39.jpg,640,640
door-229-_jpg.rf.6c9e81dde59d33e56d05a1eeef641a79.jpg,640,640
door-23-_jpg.rf.f798cf986a3bbb054bc4c4c22be41c68.jpg,640,640
door-230-_jpg.rf.d4874b907e9c205fd0676435ba0242e2.jpg,640,640
door-231-_jpg.rf.cbfb3a27175f7f217e2913a59972b169.jpg,640,640
door-232-_jpg.rf.56e303ed4bde237241c7d56fb8641bc0.jpg,640,640
door-233-_jpg.rf.bc02b479d123e359f14172f59c061fa7.jpg,640,640
door-234-_jpg.rf.cbfc37a85b5d5e5c6fb01b49bbc8955d.jpg,640,640
door-235-_jpg.rf.e17ef56de6eb70fd2784dbfbfeea3bc6.jpg,640,640
door-236-_jpg.rf.f3c182c9f28e1a307da7cda1b1960826.jpg,640,640
door-237-_jpg.rf.ca1cc99057af0d77e95421a2a4e64803.jpg,640,640
door-238-_jpg.rf.36153f3f42961bfa16139efacaecd858.jpg,640,640
door-239-_jpg.rf.8576b309d77ab91dc8174b2f135287b3.jpg,640,640
door-24-_jpg.rf.6cea40c067b9ca49d89ec1d06a671fb4.jpg,640,640
door-240-_jpg.rf.2bca01406d8edfacdcde55d1d62c7c20.jpg,640,640
door-241-_jpg.rf.2a66cc453607968a07366c3d99081502.jpg,640,640
door-241-_jpg.rf.e0bc336aafa46049dda22b1e11e830ca.jpg,640,640
door-242-_jpg.rf.0ff9b278c427f512e323a3511f6d1365.jpg,640,640
door-242-_jpg.rf.68229733fe68d170657efbca033f1759.jpg,640,640
door-243-_jpg.rf.bab8ef79a7ebb6381a34f8bf9351e7b9.jpg,640,640
door-244-_jpg.rf.78072da27a58f1bcc83a0e1f5eb5408a.jpg,640,640
door-245-_jpg.rf.02dffcadff8bc3e700365744d3ac7a23.jpg,640,640
door-246-_jpg.rf.e29de7786e6e87887b37a5c0830ae4fd.jpg,640,640
door-247-_jpg.rf.a5b8d6695571e18ec7a4e2227100d9a0.jpg,640,640
door-248-_jpg.rf.b2a66dea8338264b53d75ba3b14c7367.jpg,640,640
door-249-_jpg.rf.a48e2ab6fef151dc7096b2bd00c06ad5.jpg,640,640
door-25-_jpg.rf.c2513a9d973094bec8077301ad1ee223.jpg,640,640
door-250-_jpg.rf.036dfa5cc03c40a4f794b181f6aae63d.jpg,640,640
door-250-_jpg.rf.3070b0c5bad450efbe1519a0e45859a6.jpg,640,640
door-251-_jpg.rf.6ab2553e90703b2010468fce0ac3ee57.jpg,640,640
door-251-_jpg.rf.f8c968958cbdde4fc48c4872c8068d3c.jpg,640,640
door-252-_jpg.rf.2dadd4725c5a8c1c3935abc4891ef9ee.jpg,640,640
door-252-_jpg.rf.e8a683e63606adfb69911a8a11f860a5.jpg,640,640
door-253-_jpg.rf.20ab2c6c89b36dcfd74259b1b723da41.jpg,640,640
door-254-_jpg.rf.e758f86b31924ca283e62540b8fb9b31.jpg,640,640
door-255-_jpg.rf.6391b958fe844f76238e4c6a9e27d471.jpg,640,640
door-256-_jpg.rf.be1efc188c1b6af0f92301187cfe77e0.jpg,640,640
door-257-_jpg.rf.bdcfad3e8605929840a861dd4c68e158.jpg,640,640
door-258-_jpg.rf.7c821054bf8d9c83e0b80e0ff78a512b.jpg,640,640
door-258-_jpg.rf.90c65ed13f42b3ef44b498999b3bd999.jpg,640,640
door-259-_jpg.rf.aa340f30c4af8d6ce50dfab15a3818fe.jpg,640,640
door-26-_jpg.rf.d53799938d1a197e0861c7f98f49ab36.jpg,640,640
door-260-_jpg.rf.07d82b64892f25152c23b24eaeef3179.jpg,640,640
door-260-_jpg.rf.f09be12a1a923f19c6b31eda7f18e7c4.jpg,640,640
door-261-_jpg.rf.498edec89823ca84cebf9feef53f4dcd.jpg,640,640
door-262-_jpg.rf.0f34313f21fa1e5f66b7f47d6e0294fb.jpg,640,640
door-262-_jpg.rf.15a88d8eb2537265375125589e6ed6f0.jpg,640,640
door-263-_jpg.rf.1e9c2a736846355222ad7d97c1ab2e0e.jpg,640,640
door-263-_jpg.rf.2e64e7d18cb9fe25bac7d0fa459a4081.jpg,640,640
door-264-_jpg.rf.d3e5b716915efce077ffd3538c686d1a.jpg,640,640
door-265-_jpg.rf.89b42ad8eeaf8f830aa2f5fad56941bd.jpg,640,640
door-265-_jpg.rf.b6ccaf517bc0dad3eb3ef3c9c8e2e425.jpg,640,640
door-266-_jpg.rf.202c215355fe284c47fba0067da37682.jpg,640,640
door-266-_jpg.rf.532de7804d8d66d8c61699ae5ae9cfbe.jpg,640,640
door-267-_jpg.rf.40a18a3c2630aa23e8c236148fa8f523.jpg,640,640
door-268-_jpg.rf.48b8a2bd19ef896ff7c3f5a735744e22.jpg,640,640
door-268-_jpg.rf.49c285447835a810d9e204779278ca41.jpg,640,640
door-269-_jpg.rf.3b5995c04e40eff78ad9f85faa701681.jpg,640,640
door-27-_jpg.rf.85b8679edbcbcf28536dafdf22559547.jpg,640,640
door-270-_jpg.rf.ef037ea9617d1f3480d68ef6cd2026ec.jpg,640,640
door-271-_jpg.rf.fc418cf6addc52b9e92471ed870a78b9.jpg,640,640
door-272-_jpg.rf.e8d28b8001830a78ea4dad2dcb272061.jpg,640,640
door-273-_jpg.rf.6c717df888968d73079e2ea50105e848.jpg,640,640
door-274-_jpg.rf.b8cff53ae5e4025dfb79439239c9ee46.jpg,640,640
door-275-_jpg.rf.38c02c7a21ac5f604ec8daa33c531fde.jpg,640,640
door-275-_jpg.rf.786c870a3928d3ddf38df40cf5cefe1d.jpg,640,640
door-276-_jpg.rf.2d8e0ba447dd4e804e1efa26b9e8b7d8.jpg,640,640
door-277-_jpg.rf.4d3a789ce6f4a135b443fd5c01ea6da8.jpg,640,640
door-278-_jpg.rf.392df877921e0e3a9289fa3286ae4b65.jpg,640,640
door-279-_jpg.rf.61e97e56e028d1e420064f015b86bd4c.jpg,640,640
door-279-_jpg.rf.bc83de8ffc9633f2ae2f45ae2a0dbd33.jpg,640,640
door-28-_jpg.rf.3486b7f90c7db56a39d458cb69911d3e.jpg,640,640
door-28-_jpg.rf.c897718e0277a994dcd33a6d32f8729e.jpg,640,640
door-280-_jpg.rf.31a59acc91d189fd85a405b30f11765a.jpg,640,640
door-280-_jpg.rf.bad2b5d5de7d513f0a2d4808f8635d82.jpg,640,640
door-281-_jpg.rf.859efab10a43aa41d85ab83677794ec9.jpg,640,640
door-282-_jpg.rf.92fa05028d96da206e4bac05ebb82b4d.jpg,640,640
door-283-_jpg.rf.f4451c7c37673723be1018932cb4fa8c.jpg,640,640
door-284-_jpg.rf.69e37c24b912b51b784c2b7665632b08.jpg,640,640
door-285-_jpg.rf.90e06cc91b96d48127b455694ea70689.jpg,640,640
door-286-_jpg.rf.32c7487e7445ac8cd96c81d0703e12f4.jpg,640,640
door-287-_jpg.rf.c79b8f7e50253b83e60d116bc0d83494.jpg,640,640
door-288-_jpg.rf.75d9106ca7e93e3746ab2b37b2f77681.jpg,640,640
door-289-_jpg.rf.12531fc566404e67036c1fc13ab310df.jpg,640,640
door-29-_jpg.rf.57fd596c14b263bf3969d85e8fcae870.jpg,640,640
door-290-_jpg.rf.64df0aa4378600c20ca1b35f51583f79.jpg,640,640
door-291-_jpg.rf.964d8fb7bd9357930a7b8f418ce7bb4e.jpg,640,640
door-292-_jpg.rf.80ef3ee235ca66c9dab01d53469e2b07.jpg,640,640
door-293-_jpg.rf.5621e3f03d4095a7310e6475b1551b1f.jpg,640,640
door-293-_jpg.rf.944baf3d3003fc33650e42fdad610280.jpg,640,640
door-294-_jpg.rf.eb228cd400e36de1d9c1ddcb5f1c0481.jpg,640,640
door-295-_jpg.rf.a4952c73137166cf0d76bddc3cd0142f.jpg,640,640
door-296-_jpg.rf.5717b43106f9500937f7ed7871f0f0c3.jpg,640,640
door-297-_jpg.rf.44e3463c20be9b72568dcbf5e83b3911.jpg,640,640
door-297-_jpg.rf.b6b6fed6cc681d0061c0aed21afea5da.jpg,640,640
door-298-_jpg.rf.84afe55b471ebd87032db5490cf20abe.jpg,640,640
door-299-_jpg.rf.bdb58d711a1c14b50158408f2a74fb08.jpg,640,640
door-299-_jpg.rf.de3961add7a3db5ef2e971c1339adb04.jpg,640,640
door-3-_jpg.rf.f44966104a9e80a99a9b04c6bfe11a5d.jpg,640,640
door-30-_jpg.rf.c9ec9ec822fba8997fffa8fb1214c885.jpg,640,640
door-300-_jpg.rf.7575fe40555f669ed761c7f1ce80389a.jpg,640,640
door-301-_jpg.rf.fadd503f71fb883763f212b69d41ef6e.jpg,640,640
door-302-_jpg.rf.325088318defe7e7a93772e2afdef7f7.jpg,640,640
door-303-_jpg.rf.7cd114f3ab934171c958ba88d4488cd0.jpg,640,640
door-304-_jpg.rf.90533ee6923d30d8ca12be4d1854c989.jpg,640,640
door-305-_jpg.rf.a3c8e59818ea749ad0ca69d25944c03b.jpg,640,640
door-306-_jpg.rf.9e713c435cbb151cee094ff0a5d9fc76.jpg,640,640
door-306-_jpg.rf.c5d9e01bdd218fc2c9660b67b4835a03.jpg,640,640
door-307-_jpg.rf.f9a7de14fa68a507af1ec669b18e78ea.jpg,640,640
door-308-_jpg.rf.ead4302bf6356a47b614713947d0097c.jpg,640,640
door-309-_jpg.rf.0c91daa93653a58700a665693f492c68.jpg,640,640
door-31-_jpg.rf.405a4087d0e4a8fec8a5fe840ebeaca8.jpg,640,640
door-310-_jpg.rf.36ed1cf7ab3297d36b09ba2207cbe676.jpg,640,640
door-311-_jpg.rf.b6c720dbbbadafc09d38084d25fd6cf3.jpg,640,640
door-312-_jpg.rf.8d65ad337b6e82728c54e7a0fb778ade.jpg,640,640
door-312-_jpg.rf.b0ad7dea8c42dbde177dceba9806a145.jpg,640,640
door-313-_jpg.rf.7db316757cfa03084e36238599c828d8.jpg,640,640
door-313-_jpg.rf.88563bd739e87b77f0df73833c04a34b.jpg,640,640
door-314-_jpg.rf.ab448e4e75a42be53c236be10ef4331b.jpg,640,640
door-314-_jpg.rf.bd175442b5090acb7b754d1942714a1f.jpg,640,640
door-315-_jpg.rf.9b83200454f79c25a4634d7279d63b42.jpg,640,640
door-316-_jpg.rf.03f311eca0e45eec18b67b803970d66c.jpg,640,640
door-317-_jpg.rf.7e60aceb385592b82b71705fe59e4217.jpg,640,640
door-317-_jpg.rf.e7c07923994e5b81398027423837b775.jpg,640,640
door-318-_jpg.rf.09799b66c32e491ea8a5eeb768f0c211.jpg,640,640
door-319-_jpg.rf.b13b4f6bc6fb68fc77c70a4300fe2aaa.jpg,640,640
door-319-_jpg.rf.cd02cccdf336c0bf94b375178f3fcba7.jpg,640,640
door-32-_jpg.rf.4dd0c37439b58a3185c7a6be89398422.jpg,640,640
door-320-_jpg.rf.407e4a50103d5227206d24773400ad25.jpg,640,640
door-320-_jpg.rf.52ecd845fa72a06d4f03a716649619e7.jpg,640,640
door-321-_jpg.rf.1d0386c653c8da4f89ab8fc6fbbe5e8d.jpg,640,640
door-322-_jpg.rf.064d1c01a1ebd7fd7f5380774f446e18.jpg,640,640
door-322-_jpg.rf.68c525f0ab017638aa0eea417a79b3bc.jpg,640,640
door-323-_jpg.rf.32ebec5224a3c913a88af2df9413bc55.jpg,640,640
door-33-_jpg.rf.8dee8f8256e872568f21d901ed56d056.jpg,640,640
door-33-_jpg.rf.cff493374fd176031be43fa720526310.jpg,640,640
door-34-_jpg.rf.a51310e081e15e8418afd3d0406d25fa.jpg,640,640
door-35-_jpg.rf.412332347840a4b8811dbaf0ec8a6ca7.jpg,640,640
door-35-_jpg.rf.c89bde3c679dea160fb1a2b2ca6560da.jpg,640,640
door-36-_jpg.rf.604f205aa0fc361b2f4392c94bf96ad7.jpg,640,640
door-37-_jpg.rf.966c616eec5ad98c77afaf2a49f20c84.jpg,640,640
door-38-_jpg.rf.5014114ddd3c4fc6e306f931d3c13fbc.jpg,640,640
door-38-_jpg.rf.e7b15e655a12430e1e677de7ef81bb0c.jpg,640,640
door-39-_jpg.rf.2f32444f697a638131f934dfc6467381.jpg,640,640
door-39-_jpg.rf.cefb20a8f36213b910dad471b3dee5be.jpg,640,640
door-4-_jpg.rf.d7fe0aed1172869f218e25fbc9cf62d2.jpg,640,640
door-40-_jpg.rf.0dd655c01946a42a242faf10fa671165.jpg,640,640
door-41-_jpg.rf.0e77fd3062e2ddeafe7d61ed1f07ff58.jpg,640,640
door-42-_jpg.rf.4240d891c9501b2964da3a3e9b0ad3dc.jpg,640,640
door-43-_jpg.rf.648a4b66efc51557218df62e2d2ea04a.jpg,640,640
door-44-_jpg.rf.37e1dec9e45710d0cd88399f1079ac23.jpg,640,640
door-45-_jpg.rf.df4c03626c51b96f02a157ff54a402bc.jpg,640,640
door-46-_jpg.rf.c2a8066637c6648269efc9055525dadc.jpg,640,640
door-47-_jpg.rf.d16466acf326cf73aad3607ce6a109e5.jpg,640,640
door-48-_jpg.rf.e4e22df9e8b0c53fe51401d02e4af163.jpg,640,640
door-49-_jpg.rf.6f120415c9d0f17feea61209e916d87b.jpg,640,640
door-49-_jpg.rf.d8b13e20ad8d72e88b5b723310d91ef9.jpg,640,640
door-5-_jpg.rf.5e4a0a2d3f6827c232b08cae4302351a.jpg,640,640
door-50-_jpg.rf.6f3daa732581832f8231c04eda7f2b69.jpg,640,640
door-51-_jpg.rf.3a168d5ad1e5fb63604f4a67444cdd14.jpg,640,640
door-51-_jpg.rf.87297993db16fc643396a9a758629556.jpg,640,640
door-52-_jpg.rf.0f17e5bd8213bb3666d6b0cce8a33f47.jpg,640,640
door-53-_jpg.rf.c664cbf19d59246249f1655e43626f6e.jpg,640,640
door-54-_jpg.rf.797bd4d6b47fef7cf10b393aba861876.jpg,640,640
door-55-_jpg.rf.33e4e6017771b8a10c89604969428758.jpg,640,640
door-56-_jpg.rf.01d62fa795c5281a6dc582ce834b6bf1.jpg,640,640
door-57-_jpg.rf.5e475c8dd4e5802bb022ae5687fc298b.jpg,640,640
door-58-_jpg.rf.9e954851e83147257001b79581be39d4.jpg,640,640
door-59-_jpg.rf.90c7511a0a99aa080ef1bf756026097c.jpg,640,640
door-6-_jpg.rf.8f0244441eec1586b545eb8cdc6a4215.jpg,640,640
door-60-_jpg.rf.261f4c459c19808649d7a0b3e9dc1e54.jpg,640,640
door-61-_jpg.rf.8a116ec51b399b5632b43f3ea4ac5bc7.jpg,640,640
door-61-_jpg.rf.e34ddb405c850a4cc517daae7934b360.jpg,640,640
door-62-_jpg.rf.2324dde7708d74df61f3bc2715e9a2e9.jpg,640,640
door-63-_jpg.rf.f6e719583c0929fa5747b68cda69c70b.jpg,640,640
door-64-_jpg.rf.ec80502bf7866914cd906ab9c483f229.jpg,640,640
door-65-_jpg.rf.11353e7e441930535d1eabe50e107f13.jpg,640,640
door-66-_jpg.rf.b9a7673bd00ce9253c111e27fd92b2a2.jpg,640,640
door-67-_jpg.rf.7a6af7c11bab23f4e05e6812b4715e17.jpg,640,640
door-68-_jpg.rf.5c70cf7dbccc153bde1032dc9f3d5fa8.jpg,640,640
door-68-_jpg.rf.a939d0cf8af9b5cb150c6e0614baf6f9.jpg,640,640
door-69-_jpg.rf.d7e818c7196a285528d49cd354f2ac94.jpg,640,640
door-69-_jpg.rf.f906765204c5b3050d89e49db1ed0985.jpg,640,640
door-7-_jpg.rf.f8be32e871d1d3ebeb16bd3ebf43fcb7.jpg,640,640
door-70-_jpg.rf.ed1d3dfe1ccce802f31a09eb7f5ace16.jpg,640,640
door-71-_jpg.rf.046b789d5149b87695fd8d0fe55343f1.jpg,640,640
door-72-_jpg.rf.2653c4d78837c2d5e565e60553834888.jpg,640,640
door-73-_jpg.rf.1f3d6845c36ff3e264650a5064e1ed2b.jpg,640,640
door-74-_jpg.rf.17b6fe1a2d93a69a664ee76213d38bba.jpg,640,640
door-75-_jpg.rf.72f43bec824ab681dfbdfffb1f497438.jpg,640,640
door-76-_jpg.rf.c72a360ae9a50498361964b5cebf8fa8.jpg,640,640
door-77-_jpg.rf.a14a9488999c507f65169b6f4ca2d82a.jpg,640,640
door-78-_jpg.rf.e6ab9a8fab58da52c5a4d243c75d6c3c.jpg,640,640
door-78-_jpg.rf.e7da3608a4f4549bea9eba05e6ceccd3.jpg,640,640
door-79-_jpg.rf.59dd364d5031292b2ca35b68d86d814d.jpg,640,640
door-8-_jpg.rf.04e6e1f353c3fb44c2fdebe37f8c8081.jpg,640,640
door-8-_jpg.rf.a78f03ea09eb1f93a3e8041433525fe3.jpg,640,640
door-80-_jpg.rf.5c13391e18141aecfd67921b80eb18e3.jpg,640,640
door-81-_jpg.rf.695beed47a28bcfcbe41fd71b50973fb.jpg,640,640
door-81-_jpg.rf.8e7f44950d44f93a03eedbc26aaede45.jpg,640,640
door-82-_jpg.rf.1497349ec2ef5d88db4eda5a9d5ae866.jpg,640,640
door-83-_jpg.rf.0b85cc2cbe0dd1492abf010635de7f91.jpg,640,640
door-84-_jpg.rf.073af8504469b78689a6200647ed9245.jpg,640,640
door-84-_jpg.rf.7362858bf1fa168d5196453de4204202.jpg,640,640
door-85-_jpg.rf.a10b6773316001940e2e1534763a6780.jpg,640,640
door-86-_jpg.rf.3615075551e5091e8cf201400733a01a.jpg,640,640
door-87-_jpg.rf.b16b17e6f87dce332ab77ce02b827e5a.jpg,640,640
door-87-_jpg.rf.b8eeb04f82704510152a6f4566c2cf94.jpg,640,640
door-88-_jpg.rf.e680390f7534452756fda9a4d94a2387.jpg,640,640
door-89-_jpg.rf.8a722d27ea436ce0d970d84f9c7ea705.jpg,640,640
door-9-_jpg.rf.f6ae7921c81148199f6a0e1ab72af7f9.jpg,640,640
door-90-_jpg.rf.1467a0fa1181d815c531182035c691ed.jpg,640,640
door-91-_jpg.rf.f7342109fda52ebca0b1973f4e9799f1.jpg,640,640
door-92-_jpg.rf.fd7ac9e2daf531e0dae2993093fb4d45.jpg,640,640
door-93-_jpg.rf.ee39f930f1a80a8eb36e0bc7c01904e6.jpg,640,640
door-94-_jpg.rf.2c9b66a42a4cb3496a4317758cb3f11e.jpg,640,640
door-95-_jpg.rf.68601ff8524afdf5e9d9bf2c4b735ef9.jpg,640,640
door-95-_jpg.rf.e1cbcc40be5abd59adf7028ed09485da.jpg,640,640
door-96-_jpg.rf.a26f5cf3a66fd8b82ae0952c004f4c6b.jpg,640,640
door-97-_jpg.rf.a5b5b148a0a0f450e81aef9e15bb0d2d.jpg,640,640
door-98-_jpg.rf.5029f7247b9a93931974a5348c02c4f9.jpg,640,640
door-99-_jpg.rf.a7b0010a1b47ae52737c1a76d680dc94.jpg,640,640
door-g12c5588a2_1280_jpg.rf.6087ebf6320a952eb21322c0d7c2ce26.jpg,416,416
door-g12c5588a2_1280_jpg.rf.b0ae33a18be2cb5c0ad6e4364af8427a.jpg,416,416
door-g12c5588a2_1280_jpg.rf.c70f1754697afc0a64487978e906ec9a.jpg,416,416
door-g778b34afa_1280_png_jpg.rf.3211fe55b4d397f3915356f2e3d80c9d.jpg,416,416
door-g778b34afa_1280_png_jpg.rf.375c463787445a727f36ecbb472fceaf.jpg,416,416
door-g778b34afa_1280_png_jpg.rf.be8ca0225471b9b50e6bd7910a083a13.jpg,416,416
door-gb5f1600f4_1280_jpg.rf.1d494be879f6a148a7d2fd94ccaefd26.jpg,416,416
door-gb5f1600f4_1280_jpg.rf.7be65009dc791576a0a07c7f04cbb545.jpg,416,416
door-gb5f1600f4_1280_jpg.rf.cc8af434534488ce4dfab28ecbc10cc7.jpg,416,416
door-gda09cff22_1280_jpg.rf.00c095f41f9aba746ff7c3aad6ea4c87.jpg,416,416
door-gda09cff22_1280_jpg.rf.6c1628ea5be3003ce5961737bda49d4c.jpg,416,416
door-gda09cff22_1280_jpg.rf.d4438da1ac5ee6245b8db47362464742.jpg,416,416
door-gfc5c326b1_1280_jpg.rf.3cc5b6e57637b1a02fd311db7862630f.jpg,416,416
door-gfc5c326b1_1280_jpg.rf.d1219cca0af0d6bc0f75621d8935acac.jpg,416,416
door-gfc5c326b1_1280_jpg.rf.df875dd30799d87ce877cbf7ce82ce9a.jpg,416,416
doors-g2060cd10c_1280_jpg.rf.1c96470f05641afb6d6eb443c10f82d4.jpg,416,416
doors-g2060cd10c_1280_jpg.rf.5305d2924a7ce1c55592c5dcfee96e8d.jpg,416,416
doors-g2060cd10c_1280_jpg.rf.700d22c8d4ccf2eaa076016d47f65162.jpg,416,416
down12_output_output_jpg.rf.00837831e8f9495e60cc73ea8f605e31.jpg,640,640
down12_output_output_jpg.rf.7e2174d76feba6ab46b8bb66b84de086.jpg,640,640
down12_output_output_jpg.rf.b85432dae4a7d8aed09303535daac9ed.jpg,640,640
down18flip_output_output_jpg.rf.bb358ce4bc6f71a54c0406febbd7e2f9.jpg,640,640
down18flip_output_output_jpg.rf.bde0e6e3a8d3b47c760a625da9007801.jpg,640,640
down18flip_output_output_jpg.rf.ea9e3ae6fcd6affe0a4dfede85d96df0.jpg,640,640
down18_output_output_jpg.rf.12a348ec4a6b5c7e619ca0342f3d7fe5.jpg,640,640
down18_output_output_jpg.rf.69e830983263d140eb28fff45ebe2302.jpg,640,640
down18_output_output_jpg.rf.72e0ccb0913f5ced69ca48000a9092d9.jpg,640,640
down18_output_output_jpg.rf.94c7d0027bfcfd52b300f188f73efe19.jpg,640,640
down18_output_output_jpg.rf.9cfc55252a5998d3e23897d66ce3a4bf.jpg,640,640
down18_output_output_jpg.rf.b1f7f8bfabfa71b2b8e2df61c65bf030.jpg,640,640
down22flip_output_output_jpg.rf.225a2190ff243642ae50dbaafeabe394.jpg,640,640
down22flip_output_output_jpg.rf.494255cc05868279295d16cc24f1089a.jpg,640,640
down22flip_output_output_jpg.rf.59bb94e5673703e6bf018bc6b43c39b4.jpg,640,640
down22flip_output_output_jpg.rf.7843106ec96075adb093acdb67cc2cd1.jpg,640,640
down22flip_output_output_jpg.rf.7d94ffcd2376acda7402fe656f9a2450.jpg,640,640
down22flip_output_output_jpg.rf.8ed3eeaa7c5372ab6af17bd9c8478e2d.jpg,640,640
down22flip_output_output_jpg.rf.9aef74511f368246b267606e7b426c80.jpg,640,640
down22flip_output_output_jpg.rf.a13731d2ed2c76674aae2d42504f5cd8.jpg,640,640
down22flip_output_output_jpg.rf.a7bc5a37ef5eb17b7bbd5186e2a28f2b.jpg,640,640
down22flip_output_output_jpg.rf.bef763b3bf06b9a49d04fd8c627cf46e.jpg,640,640
down22flip_output_output_jpg.rf.c0cd8879ef181ac1aa31e49da4ca2551.jpg,640,640
down22flip_output_output_jpg.rf.ee1bde4eca1cfb25f98c02a99c76f110.jpg,640,640
down22flip_output_output_jpg.rf.f84b82f4efa395fe21b15da9729f9457.jpg,640,640
down22_output_output_jpg.rf.3fac548def122410ac6e59f3c0ccc13f.jpg,640,640
down22_output_output_jpg.rf.53b5d0bf439e8a2a068a254ca393fa3c.jpg,640,640
down22_output_output_jpg.rf.6927d1bed1e03c0e4cd4cd8d0fbc9585.jpg,640,640
down23flip_output_output_jpg.rf.0a850998036f7f520a1c19dc59da6a04.jpg,640,640
down23flip_output_output_jpg.rf.634a9544ff04b000d2b23c7cf2f925f1.jpg,640,640
down23flip_output_output_jpg.rf.b631a06292b4f544a85e5baf5cb21df5.jpg,640,640
down23_output_output_jpg.rf.0b112f7296ea725c63c1b1088a2f662f.jpg,640,640
down23_output_output_jpg.rf.a7355224850b57ca1ca6c3377192ec81.jpg,640,640
down23_output_output_jpg.rf.da3fbe1e84e4efa8fa6ca7b511cf0323.jpg,640,640
down23_output_output_jpg.rf.df1271e091236cf961964a526f56d3ae.jpg,640,640
down2flip_output_output_jpg.rf.a2a02dee453ee0fd11421dd186b9599a.jpg,640,640
down31flip_output_output_jpg.rf.1ceebfb90faef88c9cc051bce3b6f621.jpg,640,640
down31flip_output_output_jpg.rf.2817465b68066ad10860bafb24d9e604.jpg,640,640
down31flip_output_output_jpg.rf.4d325f2129875e6386be14e5e10ada5c.jpg,640,640
down31flip_output_output_jpg.rf.6f92c4fb02e6dba9b5d8c82685001668.jpg,640,640
down31flip_output_output_jpg.rf.873181ae0d90d93d97bd9f5593e093f3.jpg,640,640
down31flip_output_output_jpg.rf.f1a198fabcde8999bdcf87ff3d10ab34.jpg,640,640
down31_output_output_jpg.rf.28026a842d97d0f6620995fa87407fe0.jpg,640,640
down31_output_output_jpg.rf.40c659503e29ce4c26ddb84189df4513.jpg,640,640
down31_output_output_jpg.rf.410742811c6412c861c2a8ab0902c4c6.jpg,640,640
down31_output_output_jpg.rf.96d9cc611bde03f74b7b9f9289440fe4.jpg,640,640
down31_output_output_jpg.rf.a6ba2ab9c332ba1ed39b0cd913fef7ce.jpg,640,640
down31_output_output_jpg.rf.eeeaf70462f3a4c565a3c96982a9ba1e.jpg,640,640
down38flip_output_output_jpg.rf.5857c98826ee684fb12a4af8fb48f4b4.jpg,640,640
down38flip_output_output_jpg.rf.a0bb86e9f18b8204db9afb5bc9e7e805.jpg,640,640
down38flip_output_output_jpg.rf.a2ce3f0f73ea4dea71a0c590fa43fa92.jpg,640,640
down38flip_output_output_jpg.rf.bf7cd74af2a9cbccdbb411a2f36db427.jpg,640,640
down38flip_output_output_jpg.rf.d7fa0f78c27134bda02471516d1b1a4f.jpg,640,640
down38flip_output_output_jpg.rf.fb15e84621bb6e30664a88d8df8f4167.jpg,640,640
down38_output_output_jpg.rf.44079b6fa9ddd106166b88ec974c59d2.jpg,640,640
down38_output_output_jpg.rf.612aea5cbe72e80352ff1227fd6afeab.jpg,640,640
down38_output_output_jpg.rf.cf991fa51c5e33be99d0eb4d3df39535.jpg,640,640
down38_output_output_jpg.rf.dd0fb6a697bd00246200a3f08a653f26.jpg,640,640
down44_output_output_jpg.rf.2d7eadc02ce5dd0fa00821e2e1607040.jpg,640,640
down51flip_output_output_jpg.rf.2e4b59e4be0edc147aabab460ba9ddaf.jpg,640,640
down51flip_output_output_jpg.rf.2e4e3bd6219b6bbdd7dd94a9a500aed6.jpg,640,640
down51flip_output_output_jpg.rf.41c14fcccc4430ce1293df1caf7389c3.jpg,640,640
down51flip_output_output_jpg.rf.6e4bb5680500afd3572465a7f747b8ef.jpg,640,640
down51flip_output_output_jpg.rf.77e1e91521381b6dbcdc305ea53f48ca.jpg,640,640
down51flip_output_output_jpg.rf.9f7ab86e6a3f1c0400c7f4de0fb0a2df.jpg,640,640
down51_output_output_jpg.rf.165e814e4564932efe669efa03440570.jpg,640,640
down51_output_output_jpg.rf.206a62364def8b14b06fffb0de07de9f.jpg,640,640
down51_output_output_jpg.rf.7493d033e381a7c6f8bf88ec2d0577bf.jpg,640,640
down51_output_output_jpg.rf.adcf0cef212bf97a50169d1dba0a7d74.jpg,640,640
down51_output_output_jpg.rf.d27b0ee8de80dfa424cd53f5d2f1090f.jpg,640,640
down51_output_output_jpg.rf.ea64fe9d74bf5acd4f9dc1d5f1453473.jpg,640,640
down52_output_output_jpg.rf.379f881ccfec80bb90dec68eef370ed9.jpg,640,640
down52_output_output_jpg.rf.45177bf14205817697225f732011efc6.jpg,640,640
down52_output_output_jpg.rf.6cc6969009c2eb9ad7b2f6c1f4d7292a.jpg,640,640
down52_output_output_jpg.rf.7dc760f018cc6b71b08b9180d6e45a97.jpg,640,640
down56_output_output_jpg.rf.1ff98a20aa0397fdb2cae829ab9a8a8b.jpg,640,640
down56_output_output_jpg.rf.6a8e994f93a7949ab9df846d66c00922.jpg,640,640
down56_output_output_jpg.rf.880f47c4e0e0adb01dc877bb6ccc43ef.jpg,640,640
down56_output_output_jpg.rf.bf45958605da12fe8eb50c4fe28ae602.jpg,640,640
down56_output_output_jpg.rf.c5d7163af436533aa5bf24287702e404.jpg,640,640
down56_output_output_jpg.rf.f6a6bac3f67fd0942c57dca40463e076.jpg,640,640
down64_output_output_jpg.rf.7b372c9b966fd49c8db18b290caed302.jpg,640,640
down64_output_output_jpg.rf.86294b48f7ef3150132463d8dec3caae.jpg,640,640
down64_output_output_jpg.rf.89eb4ca4bbd189191949456f3943d81f.jpg,640,640
down64_output_output_jpg.rf.a611f03d306a8a1ec91b2e08ce264ebc.jpg,640,640
down64_output_output_jpg.rf.eb4ca81366f0ad9ec13a40c28b006d26.jpg,640,640
down64_output_output_jpg.rf.ed6ada12c2fb01ad877aee10129fa4c7.jpg,640,640
down65flip_output_output_jpg.rf.11f3102f98327ddfed851402b88fd9a0.jpg,640,640
down65flip_output_output_jpg.rf.be0474de541c1429a6528e289f520655.jpg,640,640
down65_output_output_jpg.rf.5bbc3890d6cadf717fdc192482520cee.jpg,640,640
down65_output_output_jpg.rf.8d3bf9e69d393194dd7355737488dd93.jpg,640,640
down65_output_output_jpg.rf.c3b0c9ca4e7342fa62d2424796bf8bb1.jpg,640,640
down6flip_output_output_jpg.rf.0936133eb8291e214eb463d7a22b75eb.jpg,640,640
down6flip_output_output_jpg.rf.166e7748646a4e5dd0604714f8d6e391.jpg,640,640
down6flip_output_output_jpg.rf.62802f73120b93eeab6144159dff5eed.jpg,640,640
down6flip_output_output_jpg.rf.6f3a87909667f3e4d8c98c5f7c802028.jpg,640,640
down6flip_output_output_jpg.rf.bb0cea0a36eef88dd6608e6d2c1d2a8d.jpg,640,640
down6flip_output_output_jpg.rf.daa7116e855b022edab6c6a463c9519c.jpg,640,640
down6_output_output_jpg.rf.226b3ce3424366fce2c481020456ceb6.jpg,640,640
down6_output_output_jpg.rf.33a9123a3cfa755072076973a5d18f6b.jpg,640,640
down6_output_output_jpg.rf.8775ceb31302d1fb5cbf7ae1f44b2a28.jpg,640,640
down6_output_output_jpg.rf.91ab0771295035554ec703427b926d6f.jpg,640,640
down6_output_output_jpg.rf.d33ad0ab1a93e9a5af7aeb292900eade.jpg,640,640
down6_output_output_jpg.rf.d6fadd8c6050a1bb6ff4754d84f01dca.jpg,640,640
down71_output_output_jpg.rf.02c1161134b78f3af5783b5e1d626839.jpg,640,640
down71_output_output_jpg.rf.0c7d93e78394fec460706e77f12c15b8.jpg,640,640
down71_output_output_jpg.rf.33137c098cecd3a65862071a2d7464f0.jpg,640,640
down71_output_output_jpg.rf.4718b81902386f020876374ef0463326.jpg,640,640
down71_output_output_jpg.rf.4f4e6383f886496e4879013058337c69.jpg,640,640
down71_output_output_jpg.rf.f371f582d4f30356ed5a8a7bcbf539fc.jpg,640,640
down72_output_output_jpg.rf.757aef404508dd7abe26a2fcf5233d33.jpg,640,640
down72_output_output_jpg.rf.7c051f1176a8dd2f9591dc0ee5c173ad.jpg,640,640
down72_output_output_jpg.rf.8a1a56f32f92c2203506532c0749521e.jpg,640,640
down72_output_output_jpg.rf.a551ea9473dc99c7a229a717777458d0.jpg,640,640
down72_output_output_jpg.rf.bf62b73c79d368059b7909a03c085867.jpg,640,640
down72_output_output_jpg.rf.d4f7165e479b414ba881698b61d721cc.jpg,640,640
down77flip_output_output_jpg.rf.142b5e3e1f184071a8fe4591fdd66d8a.jpg,640,640
down77flip_output_output_jpg.rf.584f44d5fd09aaea4878f31039a76966.jpg,640,640
down77flip_output_output_jpg.rf.5eef880de91022794eda9c717bf34b9a.jpg,640,640
down77flip_output_output_jpg.rf.62e4aa99adc06de5dd2484645dabcc07.jpg,640,640
down77flip_output_output_jpg.rf.99fcfc6f9d663db4b299b3f5c18733d2.jpg,640,640
down77flip_output_output_jpg.rf.b7c789879da8df285378641f11a327b8.jpg,640,640
down77_output_output_jpg.rf.2ad1f8d4c565183c4f3c8d5fe06f5051.jpg,640,640
down77_output_output_jpg.rf.2b77b91b1d1d2de4a556c2b48072d4d2.jpg,640,640
down77_output_output_jpg.rf.3497901bf41361cea0a01010d14c2fe3.jpg,640,640
down77_output_output_jpg.rf.433e1db6242b0c8647391f60b1ecb192.jpg,640,640
down77_output_output_jpg.rf.4fed92ad92c07f3eec265411e31a8ee7.jpg,640,640
down77_output_output_jpg.rf.5b85a4683fbe8bdf3069596fdec1086c.jpg,640,640
down77_output_output_jpg.rf.5ef44cf1532bad071d719e524d4261ec.jpg,640,640
down77_output_output_jpg.rf.84ec33b6c54a806743fd631960e56ec7.jpg,640,640
down77_output_output_jpg.rf.86e3cd06f2fdd1e0e80d6a29ece13d9c.jpg,640,640
down77_output_output_jpg.rf.96445c4c6e5b630df644f7f9e9d621ed.jpg,640,640
down77_output_output_jpg.rf.9c4be6459ce0a96c01f9d55b6d82ae6b.jpg,640,640
down77_output_output_jpg.rf.ae9d470294168c2d7214e5994814f336.jpg,640,640
down77_output_output_jpg.rf.c14dbb007bae93624b7fb8208b7a093a.jpg,640,640
down77_output_output_jpg.rf.d8c0b01d3409a2e74c0343626bf65c8e.jpg,640,640
down77_output_output_jpg.rf.f6a01402504a054d02033d1dee94e7fd.jpg,640,640
down79_output_output_jpg.rf.30193cb029b0d3c58391c957400be288.jpg,640,640
down79_output_output_jpg.rf.6d23ca488c4f770c94e76e3b50a4b9d1.jpg,640,640
down79_output_output_jpg.rf.8298433bcd57664f4bfc58e48da16ce0.jpg,640,640
down79_output_output_jpg.rf.86227b16d50bd6c70654789a0c78b1c9.jpg,640,640
down79_output_output_jpg.rf.a1ac3a9fea8ec47684b1d1cc33cf3b84.jpg,640,640
down79_output_output_jpg.rf.c37cab5f47cb30ab0cecae63fcb1f0cf.jpg,640,640
down79_output_output_jpg.rf.e1b0694ea3f2161b9f15c5f67093c549.jpg,640,640
down89flip_output_output_jpg.rf.3644be7425a0ef0bcd8c07c57035e22f.jpg,640,640
down89flip_output_output_jpg.rf.395c46d2fa2b0580743bda1745fdc9b2.jpg,640,640
down89flip_output_output_jpg.rf.5eac333fdf41bfe7bbf52b59b504d4be.jpg,640,640
down89flip_output_output_jpg.rf.b8ef4cd0152f55bb282d7da21a1b6230.jpg,640,640
down89flip_output_output_jpg.rf.c1ffd6330eb479383517ee2ce3ff04e2.jpg,640,640
down89flip_output_output_jpg.rf.e8941795cbeb9bf7450129c26fdf4232.jpg,640,640
down89flip_output_output_jpg.rf.ed5421214a0e1f78d92af06d24863bf4.jpg,640,640
down89_output_output_jpg.rf.03de4c0721f97232001a6fddf8f889d8.jpg,640,640
down89_output_output_jpg.rf.374b3b158fd582d4748024513ae867bb.jpg,640,640
down89_output_output_jpg.rf.b7f193335cd87edc213d04ab51c9386b.jpg,640,640
down89_output_output_jpg.rf.c8b13cc4a9a9fcc55f21450b78419fcd.jpg,640,640
download-1-_jpeg.rf.8dd9ddb49f3960db73003d433a80e54a.jpg,225,225
download-1-_jpeg_jpg.rf.c644ad0542001515a48d0f52dc4a0c87.jpg,640,640
download-10-_jpeg.rf.7cdbccdda773ef09a190ca46bd58b8b0.jpg,225,225
download-10-_jpeg_jpg.rf.1a702272b7c183a67784ca858975a444.jpg,640,640
download-10-_jpeg_jpg.rf.ac574b3cbc675ca711703fa1accea388.jpg,640,640
download-11-_jpeg.rf.1d39bcdaf33753fa41fe46296c65bfa6.jpg,225,225
download-11-_jpeg_jpg.rf.983bed525b182756b08e075d3b00a5c8.jpg,640,640
download-11-_jpeg_jpg.rf.cd59d0b3f1972f7b3060db5563d3f882.jpg,640,640
download-12-_jpeg.rf.41d2c6df9af510e53257f64ce0730841.jpg,248,203
download-12-_jpeg_jpg.rf.3666db729e7260a354b264fcee42561e.jpg,640,640
download-12-_jpeg_jpg.rf.78159847a91900ccb7865587a9918489.jpg,640,640
download-13-_jpeg.rf.ca46c21fb949869779b9c43b47ea0a20.jpg,215,235
download-13-_jpeg_jpg.rf.e1b04b457fa4dcb3fcf49ba032c097bf.jpg,640,640
download-13-_jpeg_jpg.rf.e45ec05a3ed717d11c24f1d23070f3e4.jpg,640,640
download-14-_jpeg.rf.107426da02f4d8cf2b8b1fd557374958.jpg,225,225
download-14-_jpeg_jpg.rf.0d86f5ba81afb8e5c9fa705a1da9f764.jpg,640,640
download-14-_jpeg_jpg.rf.0dad71546dc213a33e61d8154ec72087.jpg,640,640
download-15-_jpeg.rf.34a4523cfbbe6c4c7181847f804781a9.jpg,217,232
download-15-_jpeg_jpg.rf.72f2f441ccec3f33c2b7219b512be65f.jpg,640,640
download-15-_jpeg_jpg.rf.d1c06b6d97d26f2ec03aeb748ddb4576.jpg,640,640
download-2-_jpeg.rf.681325d60cb7e337e47f32e3c65b2b7e.jpg,225,225
download-2-_jpeg_jpg.rf.357fc082f91e74167d3ba80ce013d4b4.jpg,640,640
download-2-_jpeg_jpg.rf.5149c84c5f76c70db20147ccaf2c4707.jpg,640,640
download-3-_jpeg.rf.005fbb194df39026d4c2ff23eae16fa7.jpg,295,171
download-3-_jpeg_jpg.rf.4db4ba6092d88c5ff057d0c9f5f6a5c3.jpg,640,640
download-3-_jpeg_jpg.rf.a0454185adcb6ce693fad3d62a7a7f0f.jpg,640,640
download-4-_jpeg.rf.eb5ed4acca818cb06d44668217b756db.jpg,225,224
download-4-_jpeg_jpg.rf.4f6cecc5d24e8738352fad3f6d1a8ef6.jpg,640,640
download-4-_jpeg_jpg.rf.f09edbbbab4b759ac91719736b7780ae.jpg,640,640
download-5-_jpeg.rf.9870bbfd36c4dae06b16d7d4beb67c28.jpg,222,227
download-5-_jpeg_jpg.rf.c39491ffd088d0ac690dd09dbde8fd97.jpg,640,640
download-5-_jpeg_jpg.rf.e07cefad23f0fb8c1f3c7f21e9e065dd.jpg,640,640
download-6-_jpeg.rf.4162d9e3aed77c22a234d26432353e05.jpg,225,225
download-6-_jpeg_jpg.rf.7ffa47547eccf65745e3638dbf9ce82c.jpg,640,640
download-7-_jpeg.rf.c0ad0c399ab335d72f3fe5782d579d65.jpg,225,225
download-7-_jpeg_jpg.rf.610934a6c0ad9a01254d7feee095bb6f.jpg,640,640
download-7-_jpeg_jpg.rf.af602090b5d420fb5d10628edf79f5b0.jpg,640,640
download-8-_jpeg.rf.36f3989ca9b1bc977efdeac55e59cb44.jpg,294,171
download-8-_jpeg_jpg.rf.30dcfaf9600f277d8cf19bfa4d15d08f.jpg,640,640
download-8-_jpeg_jpg.rf.82c873a9f9716b4ff2a7999e3f04d355.jpg,640,640
download-9-_jpeg.rf.2a7951f03c46177f809faee700356e5c.jpg,225,225
download-9-_jpeg_jpg.rf.27ae4d0b24f0aa5b49d6f3db5c865c31.jpg,640,640
download-9-_jpeg_jpg.rf.e25312ae6590bd8cebee1671daadf0d8.jpg,640,640
download_jpeg.rf.73e6059e878b88580b4cc10c86d8c9f2.jpg,194,259
download_jpeg_jpg.rf.b981033a54379469289bc0c6d4525135.jpg,640,640
download_jpeg_jpg.rf.d7a55ea1737e84bffd7ee6b93027a949.jpg,640,640
download_png.rf.1a947f5f0eb2490072c7ae48b7f9eb6c.jpg,276,183
download_png_jpg.rf.81f2aac4e79716ca4d3a5ba06d2d95c9.jpg,640,640
download_png_jpg.rf.e4f1fa2d4affbdf8e7f3c26b20ac9ece.jpg,640,640
e1094c11-door0000029_png_jpg.rf.3376e02abd1116ba07bf848ec36febcf.jpg,416,416
e1094c11-door0000029_png_jpg.rf.ac9323143e7155a8024af7830911676f.jpg,416,416
e1094c11-door0000029_png_jpg.rf.ca64e6e97d2ac000673a8e721bd0dd83.jpg,416,416
e2cfc61e-image_33_jpeg_jpg.rf.6aaeb8fc7061847b8086444058b3d4a4.jpg,416,416
e2cfc61e-image_33_jpeg_jpg.rf.c9ba36f93008e8efd804e82b98285f9e.jpg,416,416
e2cfc61e-image_33_jpeg_jpg.rf.def38d144ab98ccfb41cd4adc5c7f981.jpg,416,416
e3170b75-image_62_jpeg_jpg.rf.acb4a5dc7aa8871dd13414e8379a4513.jpg,416,416
e542c109-image_56_jpeg_jpg.rf.371e7d811a8b3c5862a375985540210a.jpg,416,416
e586108c-image_65_jpeg_jpg.rf.9e13ba36527e234b5e4dd033844ef9db.jpg,416,416
e586108c-image_65_jpeg_jpg.rf.bdecb937399052f978a3a43e79ae3a4c.jpg,416,416
e6740414-image_53_jpeg_jpg.rf.102ba0360106a0b4c19c30f47bf3fa22.jpg,416,416
e6740414-image_53_jpeg_jpg.rf.22b52dddc67a81a61274d0997fd3fba5.jpg,416,416
e6740414-image_53_jpeg_jpg.rf.f2547ce3618fb725a0fffcc08ea10f95.jpg,416,416
e7144364-image_132_jpeg_jpg.rf.40579782ed93984507546810d0caf7d2.jpg,416,416
e7144364-image_132_jpeg_jpg.rf.7f177c054568fb1c2fe4e6814c06a193.jpg,416,416
e7144364-image_132_jpeg_jpg.rf.da7b80bda69055c7a6f1617c3e3acd76.jpg,416,416
e77f58be-door0000137_png_jpg.rf.60f454b82b6bedc255c0c75d75d37c6f.jpg,416,416
e77f58be-door0000137_png_jpg.rf.7135652de5f2091924e9273f79ad6f64.jpg,416,416
e77f58be-door0000137_png_jpg.rf.92d5796299ab92a71003ec515c9e4398.jpg,416,416
e8c00979-image_49_jpeg_jpg.rf.55ecc28e4f7495441ea702b1705c74de.jpg,416,416
e8c00979-image_49_jpeg_jpg.rf.8ed0a0bf94d2df0fd58d5f681ebee893.jpg,416,416
e8c00979-image_49_jpeg_jpg.rf.e7b9a1ee48afe74a84b49db0b3c34734.jpg,416,416
e97738a1-image_9_jpeg_jpg.rf.51f3384d67a371e50a90eb2f4bb3a956.jpg,416,416
e97738a1-image_9_jpeg_jpg.rf.7d7888bbd130ecd66f89f62f72ea95b5.jpg,416,416
e982f57e-image_19_jpeg_jpg.rf.6b25ebdde6c33b40217f2eab358c31de.jpg,416,416
e982f57e-image_19_jpeg_jpg.rf.6ed20f88f7f53015fb16d9de2408a979.jpg,416,416
ea112da1-image_63_jpeg_jpg.rf.136017466fddcc773ce4651db8acd2c2.jpg,416,416
ea112da1-image_63_jpeg_jpg.rf.c9b49ee23efeef2cc76ce79e3e7e2829.jpg,416,416
ea7d3acf-image_140_jpeg_jpg.rf.0b3779665325ced50672b4fd5de6c8a8.jpg,416,416
ea7d3acf-image_140_jpeg_jpg.rf.826fe2eeaa3b0787a66884b09ff74477.jpg,416,416
ea7d3acf-image_140_jpeg_jpg.rf.dcff03228d76ec54a9f2e9101e55756c.jpg,416,416
ea811322-image_122_jpeg_jpg.rf.39c7b9d6ad9a0d6c1371840711d7dabc.jpg,416,416
ea811322-image_122_jpeg_jpg.rf.487aee192b3af4170b7e628413966201.jpg,416,416
eaa55bb3-image_18_jpeg_jpg.rf.a96c0ea52e673a5c271e6ed3d09d4611.jpg,416,416
eaa55bb3-image_18_jpeg_jpg.rf.d7f49a387925e0128a52c3999d25c952.jpg,416,416
ebe408fa-image_4_jpeg_jpg.rf.0e362c560b47d889b0310fa6e4ac4660.jpg,416,416
ebe408fa-image_4_jpeg_jpg.rf.5d4c36434ba3f658bff53ffa430ef7d9.jpg,416,416
ebe408fa-image_4_jpeg_jpg.rf.c14ba2e5ea3e5f517fcfabe9c30a564d.jpg,416,416
ecab5b84-door0000159_png_jpg.rf.261d277fe309bd41c3d517272fdcc669.jpg,416,416
ecab5b84-door0000159_png_jpg.rf.8226e953dc1053a9f8a8005c8f25628f.jpg,416,416
ecefc381-image_160_jpeg_jpg.rf.4de4ad337fb1827a973296065431e70b.jpg,416,416
ecefc381-image_160_jpeg_jpg.rf.c4a1481b14132d1e5e17367886caa263.jpg,416,416
ed98021c-image_5_jpeg_jpg.rf.41b3498c34f7c4556c3ec39bc6cbcd66.jpg,416,416
ed98021c-image_5_jpeg_jpg.rf.9df48bc3bf1611c9ccf4b9aa3e977e34.jpg,416,416
ed98021c-image_5_jpeg_jpg.rf.a79908ab7a01955ffff3ef52f02b6423.jpg,416,416
ee798e45-image_163_jpeg_jpg.rf.637f380f2dbc79124d8c53cf8cd997f8.jpg,416,416
ee798e45-image_163_jpeg_jpg.rf.8d378d3142555ae468ce3dda352b8095.jpg,416,416
ee798e45-image_163_jpeg_jpg.rf.dd8b802576b5f513da4dc590af1876ca.jpg,416,416
eed4daca-image_184_jpeg_jpg.rf.a3fcc1fe3b2621f3a6ed19ef86773b25.jpg,416,416
eed4daca-image_184_jpeg_jpg.rf.bef07e4cbdbf93cffd709b9e8d6d9ed3.jpg,416,416
eed4daca-image_184_jpeg_jpg.rf.bf1203af34d1f1c031f33e53c314f12d.jpg,416,416
ef8004a5-image_66_jpeg_jpg.rf.0d724e6925e7bd002554c77d59fba557.jpg,416,416
ef8004a5-image_66_jpeg_jpg.rf.66b9a61bae1861f88adcb83f8788d472.jpg,416,416
exit-g420d3f2dd_1280_jpg.rf.313e76c2fb1c61ed58a1b5628107b52c.jpg,416,416
exit-g420d3f2dd_1280_jpg.rf.d3e3b6bfc8e3b4abcff4d130923e0603.jpg,416,416
f0629621-image_171_jpeg_jpg.rf.2460a8c69ced5581aeb327b7b808d2fd.jpg,416,416
f0629621-image_171_jpeg_jpg.rf.fd1d9e16e72539bbdfed23aaae31734e.jpg,416,416
f54592b0-image_194_jpeg_jpg.rf.5776d39e5ee1eb9b0035b13d17c83386.jpg,416,416
f54592b0-image_194_jpeg_jpg.rf.670d12430ea102c8952c07edc10d38cc.jpg,416,416
f54592b0-image_194_jpeg_jpg.rf.acf2353d537ee3a8cebbc3c00d8369c1.jpg,416,416
f7cb60a8-door0000284_png_jpg.rf.2226044338f6a762c7513f2c6f3d820b.jpg,416,416
f7cb60a8-door0000284_png_jpg.rf.988d597a889772df24defdbe40bf92af.jpg,416,416
f7cb60a8-door0000284_png_jpg.rf.d7d7006b9acbc3f9de6fe258f462fde0.jpg,416,416
f8bca4ca-door0000127_png_jpg.rf.3fd2bac182f2c21b263f2fefa181ae46.jpg,416,416
f8bca4ca-door0000127_png_jpg.rf.bb4569262b8da0034bc8e0ff450f4ccd.jpg,416,416
f958a1bf-image_54_jpeg_jpg.rf.5ca09ced4401442ae52659a3fbf9de1d.jpg,416,416
f958a1bf-image_54_jpeg_jpg.rf.67d8ae01d12e47a61d183bbfa3a97e57.jpg,416,416
f9f6e8bcba84352b_output_jpg.rf.1e4e1fef3d59db8564d2854399b91ef3.jpg,640,640
f9f6e8bcba84352b_output_jpg.rf.2c6a083917ab533a4f80f0d793dcf5f4.jpg,640,640
f9f6e8bcba84352b_output_jpg.rf.557cf34e8cff6f71a6e1ffdf09310354.jpg,640,640
f9f6e8bcba84352b_output_jpg.rf.97bda95e8c3968ea11734bf3a2f4c7bc.jpg,640,640
f9f6e8bcba84352b_output_jpg.rf.9b3ea636b066003baa501e6522a964aa.jpg,640,640
f9f6e8bcba84352b_output_jpg.rf.ff76575bd3caf4dd3a321894f9cb593c.jpg,640,640
fabcdd27-image_129_jpeg_jpg.rf.05e0bcff61247470c57c05720b82cc1a.jpg,416,416
fabcdd27-image_129_jpeg_jpg.rf.963f2ad4e8958034e9ae1b7a853f6e97.jpg,416,416
fbc1bb80-image_10_jpeg_jpg.rf.0ef77f99552199da05f485dd8d7df2c8.jpg,416,416
fbc1bb80-image_10_jpeg_jpg.rf.afda5347f4844c3e73ab64ea149499b6.jpg,416,416
fbc1bb80-image_10_jpeg_jpg.rf.da297bf3185ddaa423302dda3f80c427.jpg,416,416
fc34361f-image_36_jpeg_jpg.rf.46d31a19fe1ccc30ebe1ebf6c1e0d632.jpg,416,416
fc34361f-image_36_jpeg_jpg.rf.7e6743fe912da4537ec465cfc1e5838b.jpg,416,416
fcfa7104-door0000178_png_jpg.rf.0711d5344df9648668e5f5b711bed086.jpg,416,416
fcfa7104-door0000178_png_jpg.rf.8c61efbae749265319a29aaf5abe99d4.jpg,416,416
fcfa7104-door0000178_png_jpg.rf.ba596c829e735e250426970d2381a0dd.jpg,416,416
ffc82b06-image_159_jpeg_jpg.rf.1345ff689178f1f2a8962caf74893097.jpg,416,416
ffc82b06-image_159_jpeg_jpg.rf.4bd05386b478fccb8101976a87057c4d.jpg,416,416
ffc82b06-image_159_jpeg_jpg.rf.7e00eb5764724f2fbc66d81adb3fa8dd.jpg,416,416
ffd82d58-image_131_jpeg_jpg.rf.5764e41b03d81f8a424e6d4085fcf636.jpg,416,416
ffd82d58-image_131_jpeg_jpg.rf.80a9dcfa96d2b3718076bb9fa4ceff39.jpg,416,416
ffe867b9-image_123_jpeg_jpg.rf.1d639f17234e9629086678740be7c597.jpg,416,416
ffe867b9-image_123_jpeg_jpg.rf.489edc64d8b6fe87212e2419d2b89579.jpg,416,416
ffe867b9-image_123_jpeg_jpg.rf.cbb889c678054e3554f19be3f1f37516.jpg,416,416
frame_0000_jpg.rf.851b8c9fa9d55926324a3326c0d03114.jpg,640,640
frame_0090_jpg.rf.7b8f33ea916dc23527ffc827be3d0aba.jpg,640,640
frame_0135_jpg.rf.44762347b338edbba0e5f7b2eaa0a449.jpg,640,640
frame_0180_jpg.rf.14a99dde0f258a2b199dd16482538849.jpg,640,640
frame_0195_jpg.rf.d57165d8ec3875ce6f051a986ebef5fb.jpg,640,640
frame_0210_jpg.rf.4d39e551083f208d41809ae0b1ea7300.jpg,640,640
frame_0405_jpg.rf.839805bef4c3e65d977eab4a345becaf.jpg,640,640
frame_0420_jpg.rf.522b21846f85cbe44f45929f40cba852.jpg,640,640
frame_0420_jpg.rf.d06e8e8f7ac929b27c506045c1207178.jpg,640,640
frame_0510_jpg.rf.da5bc18b139701255a5b5c0181b4d10b.jpg,640,640
frame_0540_jpg.rf.0262ac6bde90143670463309987a1164.jpg,640,640
frame_0540_jpg.rf.0d005bb0ea7adea087cd6b66b8c5fb34.jpg,640,640
frame_0570_jpg.rf.bf1ec764d616cd5e32e40140bf8a7083.jpg,640,640
frame_0600_jpg.rf.252fad7e8c7861340de14af464a506c2.jpg,640,640
frame_0615_jpg.rf.d4268147b6c7b7199afd068a4acd53eb.jpg,640,640
frame_0645_jpg.rf.d15e6dc91ad45c358c5abe4186120b58.jpg,640,640
frame_0750_jpg.rf.8cdad33b52b6b97feb604894983b8dd8.jpg,640,640
frame_1020_jpg.rf.94fefd378d2819dfa35fefca0ee22e05.jpg,640,640
frame_1029_jpg.rf.2af053751188cd4e364d62d1e1b4f8c8.jpg,640,640
frame_108_jpg.rf.8c55b8296183b8a03a3095dbbd52f23c.jpg,640,640
frame_168_jpg.rf.275fa4abf3d4c783fe3e18f5cfd0072c.jpg,640,640
frame_183_jpg.rf.628c5de6b1c368498afa46eec9d85f8f.jpg,640,640
frame_184_jpg.rf.d7b97204e21c042091c13ee44eb0d49f.jpg,640,640
frame_28244_jpg.rf.1886a32586e04fd9e16b944f6a5e9781.jpg,640,640
frame_28244_jpg.rf.7b91e03272273cce4becd2b0e012cbd8.jpg,640,640
frame_28244_jpg.rf.c993a11c3651d77869da61f0bfe215bc.jpg,640,640
frame_28248_jpg.rf.fe2c5f138ac2d2d9051e130fcc853735.jpg,640,640
frame_28272_jpg.rf.74cf8ea4bc85b4cd656ddb3fa4ea3925.jpg,640,640
frame_3264_jpg.rf.a4e73b8f549dc7fb05896ac9757c89fe.jpg,640,640
frame_32844_jpg.rf.1c00c6f6efbd7fe08f03e6986ac798ab.jpg,640,640
frame_32848_jpg.rf.f8e97f25f1d2663d3b8b1601fa758f6f.jpg,640,640
frame_3284_jpg.rf.cbdcce2d369c77557fea6f3bc6ccf04c.jpg,640,640
frame_32856_jpg.rf.96ae57c3d19b37a834142b22b726752c.jpg,640,640
frame_3836_jpg.rf.48c9df2f5a4c5eb3941be6eb23f6c973.jpg,640,640
frame_3944_jpg.rf.c7181357dc6ec89c1046b6fd71499b11.jpg,640,640
frame_3948_jpg.rf.a61de8d2c91623ad5233d9cfbaeb259d.jpg,640,640
frame_3960_jpg.rf.d42b5250218fbf883c42a1bfddebb717.jpg,640,640
frame_3964_jpg.rf.c0b5221ec41e415e018c96320b9dbe4b.jpg,640,640
frame_7612_jpg.rf.1f61efe6bae28eebe5d89be11823af99.jpg,640,640
frame_7612_jpg.rf.a07a2b3011e1830cace774ed26b77c6a.jpg,640,640
frame_7680_jpg.rf.c34b0d0a27bc31de207db07df1a292d8.jpg,640,640
frame_7680_jpg.rf.c734b862acafce0f99c5a6d60cca12cc.jpg,640,640
frame_7696_jpg.rf.1048e898f1d3fe33a1a59b68bd1c719c.jpg,640,640
frame_9292_jpg.rf.f47da29864d3b2945c78085b53e91804.jpg,640,640
frame_9304_jpg.rf.7d194fc5a836e20bc3d39b8662899ba6.jpg,640,640
freedom-g85a10bdab_1280_jpg.rf.04e9f8cfdaa0cabd365d1049e6a7ecaa.jpg,416,416
freedom-g85a10bdab_1280_jpg.rf.4789df579571d64bd1b28d1f103269e3.jpg,416,416
freedom-g85a10bdab_1280_jpg.rf.c77b0c910c880778c0a91b0403b0b84d.jpg,416,416
gate-gc96ee153b_1280_jpg.rf.a8d7c1c4824169adddf6dc67969e00b2.jpg,416,416
gate-gc96ee153b_1280_jpg.rf.be06b539a83d72524c9452e3599e536e.jpg,416,416
handle11_jpg.rf.fa65b1805c6c16a8bc25121ca149412d.jpg,640,640
handle12_jpg.rf.ceb16a6e8359f7c34bf3011d38f2ae41.jpg,640,640
handle13_jpg.rf.19eb2832af935ea487213e68d6e4cc14.jpg,640,640
handle14_jpg.rf.1bf17a4a8c61f9823a8e0423e52e8c15.jpg,640,640
handle15_jpg.rf.d9b04e39c9828d73aaf6d512b257a031.jpg,640,640
handle16_jpg.rf.3c07af2ae95a8cccb43dac625b9f9c07.jpg,640,640
handle17_jpg.rf.19bc283f03c2ae5e2bc145cd8cccf192.jpg,640,640
handle17_jpg.rf.ebeb7c65e4af48f9b0e7c51b473093bd.jpg,640,640
handle18_jpg.rf.9c8f877bb09d4f8695a0fe684b7f8541.jpg,640,640
handle19_jpg.rf.c60bf5e3530e43814b5414ce652f74c5.jpg,640,640
handle20_jpg.rf.0b46dbfcf814526363bd471594545b6c.jpg,640,640
handle21_jpg.rf.8dcaba8d0517096a50fac2dc66f3ae88.jpg,640,640
handle21_jpg.rf.bef7b6b0852e57b5464234b004f8e46e.jpg,640,640
handle22_jpg.rf.9ab969db4a14079a3bc110c9ef99129f.jpg,640,640
handle23_jpg.rf.aaff501e083abaad20cb2c4466ed2f25.jpg,640,640
handle24_jpg.rf.338d43401c76aa58863396566806e7fa.jpg,640,640
handle25_jpg.rf.241433d4e22eb125384a6b0cdbaf0536.jpg,640,640
handle26_jpg.rf.c5e742f402490e787624ef25f5d005b5.jpg,640,640
handle27_jpg.rf.f7134785f03a5326f8beb64a748b7c9e.jpg,640,640
handle28_jpg.rf.0e35ab3048ef71e67932b857c27a6b03.jpg,640,640
handle28_jpg.rf.cf46c7a9e1ed40cbfac5ab0951b2f6af.jpg,640,640
handle29_jpg.rf.02535744cdb6cae800fd8eaba92d6176.jpg,640,640
handle30_jpg.rf.a4aedf14eea516867899ef71759a5ad4.jpg,640,640
handle31_jpg.rf.2270a323900188000b7e181656f42050.jpg,640,640
handle32_jpg.rf.8a7f9edc022e7d3754aaefc45452e6fe.jpg,640,640
handle33_jpg.rf.35c4b52c9568e8769f1f9f6e6189c350.jpg,640,640
handle34_jpg.rf.05441e51b8714a9c696309ba774c5bac.jpg,640,640
handle35_jpg.rf.eedfa927e07afe646fc2d956c3261a9c.jpg,640,640
handle36_jpg.rf.203c31ee42c017ff9d777582551ebc78.jpg,640,640
handle37_jpg.rf.149026334e3f912e36bb59130393d3dc.jpg,640,640
handle38_jpg.rf.9fa7babdd358625bef57b31e0b1b455e.jpg,640,640
handle39_jpg.rf.3d0c13a1af5c78a59f7beb0da216ced7.jpg,640,640
handle40_jpg.rf.f08b9607112e07f9982f2c7bd14bb527.jpg,640,640
handle41_jpg.rf.a56b4357ba3de3143557deb964b3ab6e.jpg,640,640
handle42_jpg.rf.90a63ecd447d9a62add70160e1933678.jpg,640,640
home-gbdc06d176_1280_jpg.rf.2ce8bd0d1f6d8c793772b90d4310dda3.jpg,416,416
home-gbdc06d176_1280_jpg.rf.d5369cb3c710275e2b399d65b84a5c06.jpg,416,416
home-gbdc06d176_1280_jpg.rf.e2053f619021e0e706a96d3eea186238.jpg,416,416
images-1-_jpeg.rf.e3ce5153ff817a7fd8d9a10065456d2d.jpg,225,225
images-1-_jpeg_jpg.rf.8c1b6090d42ae9fb6c83b1ae4e85bfad.jpg,640,640
images-1-_jpeg_jpg.rf.da7228bc12e364b64314e1346b2b3356.jpg,640,640
images-10-_jpeg.rf.bbdb3b5ec8342f693d2876e05d2a83fc.jpg,225,225
images-10-_jpeg_jpg.rf.b632ca2848fcb3a533cf7bdc0052520e.jpg,640,640
images-11-_jpeg.rf.ef4918f0ca34b2191092bf7df8c4b0f6.jpg,220,220
images-11-_jpeg_jpg.rf.8b5575be5cc5da33709ec51af80d4781.jpg,640,640
images-11-_jpeg_jpg.rf.f0568688bdb91fa8e0901a0912bf6865.jpg,640,640
images-12-_jpeg.rf.1c65f17c2a002fc3177fca72abbb89cc.jpg,225,225
images-12-_jpeg_jpg.rf.327215fb1faa480e68395a4a8791327f.jpg,640,640
images-12-_jpeg_jpg.rf.3c29bd191020c7890b1f5be64ad7f62f.jpg,640,640
images-13-_jpeg.rf.5312d3b292a07cd79bba5392a7ca4ef5.jpg,200,253
images-13-_jpeg_jpg.rf.1b49864bece8a7d9b5162d9f692fc453.jpg,640,640
images-13-_jpeg_jpg.rf.7a3cf51919add4280d1ad50e8a6e52d6.jpg,640,640
images-14-_jpeg.rf.7a220947db102b4dbe95088a99c7a722.jpg,225,225
images-14-_jpeg_jpg.rf.7a5e7d61808a7befba81fd438d3b078c.jpg,640,640
images-14-_jpeg_jpg.rf.ccba8da7dba751905f44f2b232936cad.jpg,640,640
images-15-_jpeg.rf.e242006aa538d7ecb7d02b1c64db6a5b.jpg,225,225
images-15-_jpeg_jpg.rf.bcc7fbd9e47c7decec7badea021d112e.jpg,640,640
images-16-_jpeg.rf.38bc4e3bc1cde93df7134188a18300c5.jpg,225,225
images-16-_jpeg_jpg.rf.7845a2d1ce7d0124ba633ffe178c362c.jpg,640,640
images-16-_jpeg_jpg.rf.fb9e1c61e26aca7884b0f3ddceaaaac0.jpg,640,640
images-17-_jpeg.rf.740078e5bb5cc2110a3ea3d534d7be95.jpg,225,225
images-17-_jpeg_jpg.rf.6f7acc5f5054ac6c6d566397ea10595b.jpg,640,640
images-17-_jpeg_jpg.rf.9eb8e9f1ce7e751590f32494eae96946.jpg,640,640
images-18-_jpeg.rf.db0586e7c576a047be0475085b1711a0.jpg,168,299
images-18-_jpeg_jpg.rf.40b5006cc060116174703d3f29692e01.jpg,640,640
images-19-_jpeg.rf.00f63e1d8d7ee20dc3229059da52875d.jpg,225,225
images-19-_jpeg_jpg.rf.820e67a55356ee72c55b7af9c518c6af.jpg,640,640
images-19-_jpeg_jpg.rf.8cca8f2091a138ab0806d1cf9509fe34.jpg,640,640
images-2-_jpeg.rf.26acb67ae0ff7e80c832d5dcc02cdae1.jpg,225,225
images-2-_jpeg_jpg.rf.3e5589a60b7a4f77b6aa99e07fb4a6e0.jpg,640,640
images-2-_jpeg_jpg.rf.7b8669a9921e53684b3110be6297dd91.jpg,640,640
images-20-_jpeg.rf.93ac0e37bfc6426d7fed51504470da3c.jpg,225,225
images-20-_jpeg_jpg.rf.103245799223a4820e0253eabb01ff07.jpg,640,640
images-20-_jpeg_jpg.rf.84ce15b2367539140518df0cccb9fbfd.jpg,640,640
images-21-_jpeg.rf.f3d8a48d441decd01c989a428af61d48.jpg,200,200
images-21-_jpeg_jpg.rf.d522c7b858002144f007a94ea4ccf994.jpg,640,640
images-21-_jpeg_jpg.rf.f32cd329589204746914065c32569807.jpg,640,640
images-22-_jpeg.rf.aac8b675254c21c62eb6021aacc016bc.jpg,275,183
images-22-_jpeg_jpg.rf.1590ddc9967cd5ef78ec681b871fb109.jpg,640,640
images-23-_jpeg.rf.479e2ebbf4cf427fb75784145f037ce3.jpg,243,207
images-23-_jpeg_jpg.rf.6793cfd6eeb4cbdbeade253808df2550.jpg,640,640
images-23-_jpeg_jpg.rf.f791c40ed2f53e86f877215d3909c75a.jpg,640,640
images-24-_jpeg.rf.be11e5073a936ee63644132c42e29571.jpg,257,196
images-24-_jpeg_jpg.rf.379e38901281ad305ea4e61f3a7ffd86.jpg,640,640
images-24-_jpeg_jpg.rf.eb929c137d3c6c453a3f20684b149fb3.jpg,640,640
images-25-_jpeg.rf.c8afe01721a614145a0cd4fa91c79237.jpg,225,225
images-25-_jpeg_jpg.rf.13fbf8a1d3f10ec10aae647a8f3e687a.jpg,640,640
images-25-_jpeg_jpg.rf.8d797b5cd55058ddf59676217dba3270.jpg,640,640
images-26-_jpeg.rf.f895fa30cfb7bdd62b892ac953d3b3cc.jpg,275,183
images-26-_jpeg_jpg.rf.35aee4349b0890733f9e1095563ffeed.jpg,640,640
images-26-_jpeg_jpg.rf.ba2bab32543f1d6de6fa3bcc39f51cd0.jpg,640,640
images-27-_jpeg.rf.40e42d673cf97a848a0c88893e1b71ae.jpg,225,225
images-27-_jpeg_jpg.rf.c5498cd3df505dddf05b0c117eead111.jpg,640,640
images-28-_jpeg.rf.191b16b4e1c000b961a8f541fa94068b.jpg,275,183
images-28-_jpeg_jpg.rf.d7630f05e52f5ffd6b6da02bcfa05c0d.jpg,640,640
images-28-_jpeg_jpg.rf.eeade6eafec76457add6a997da24a2a8.jpg,640,640
images-29-_jpeg.rf.f257149115a83648e2cb50d1199dd2b6.jpg,225,225
images-29-_jpeg_jpg.rf.1591117b6acd4ce56da6116347435d6f.jpg,640,640
images-29-_jpeg_jpg.rf.ce497eb4665d599aa43df5853deafd43.jpg,640,640
images-3-_jpeg.rf.432312ab38ea965c467771c00d4e06a4.jpg,275,183
images-3-_jpeg_jpg.rf.7648906d1b159804307e6fa5c545d719.jpg,640,640
images-3-_jpeg_jpg.rf.7c45e585b748512c81082ef89e1d5240.jpg,640,640
images-30-_jpeg.rf.1bb08f9ad4f5c88d8ede248d43061e6d.jpg,225,225
images-30-_jpeg_jpg.rf.a3123bcd6546bbaddd430310c15c440d.jpg,640,640
images-30-_jpeg_jpg.rf.dfdd11eb9197459c5d0977d3597a645a.jpg,640,640
images-31-_jpeg.rf.c3964c3a6dd544cb93456a723337264a.jpg,225,225
images-31-_jpeg_jpg.rf.77c1f5c1d11d124a64ee749b9b51bae6.jpg,640,640
images-31-_jpeg_jpg.rf.8eaf44cee6ea7b0a41a9c960f9624025.jpg,640,640
images-5-_jpeg.rf.cb9b652e6488c382bcb36f9bf4f12ec7.jpg,225,225
images-5-_jpeg_jpg.rf.2dfdb1d0d26f6fc30c91691fd1fcbbb5.jpg,640,640
images-5-_jpeg_jpg.rf.6786c380e17789fc976d63ed5e9defc3.jpg,640,640
images-6-_jpeg.rf.6e6a54b30b63b3bdc17afe0d5d371daa.jpg,225,225
images-6-_jpeg_jpg.rf.25997689a7db4b75de7b6588458a3de6.jpg,640,640
images-7-_jpeg.rf.befb5d29748c298dcd4e0e801748b032.jpg,225,225
images-7-_jpeg_jpg.rf.dbd15378d40e387f31abb0d88f67cb62.jpg,640,640
images-8-_jpeg.rf.3cfb571567dcff21aa0239b1d90f0c5d.jpg,183,275
images-8-_jpeg_jpg.rf.9fe7fd4ba8c7eb5ba54bbc95d3f13a35.jpg,640,640
images-8-_jpeg_jpg.rf.e6be34353a3c2dbf39146280a5e0584e.jpg,640,640
images-9-_jpeg.rf.c65bf2295434d602bf8c4e52d0b465d2.jpg,176,286
images-9-_jpeg_jpg.rf.65e2040cf20fd17eba7aa401b40bddb6.jpg,640,640
images-9-_jpeg_jpg.rf.9ed613a6c5af92cc04b03772d32fc3ec.jpg,640,640
images_jpeg.rf.01aef563718a20d8654cf34f8eb6e2c9.jpg,225,225
images_jpeg_jpg.rf.15b1bd393fc269b7121d841fc09977f1.jpg,640,640
images_jpeg_jpg.rf.169a60bf21773add0136e7e39a5c8143.jpg,640,640
images_output_jpg.rf.4c2db80b500004afc81f7044fe6705bc.jpg,640,640
images_output_jpg.rf.5c058da48c40cc4160d361998c575210.jpg,640,640
images_output_jpg.rf.9002be7b6cab0b7212c4c2d6521e7779.jpg,640,640
images_output_jpg.rf.b7a379ef153eac1a5921144e8003e75d.jpg,640,640
images_output_jpg.rf.c998cfe8621206fcdac91ce0c67be4ca.jpg,640,640
images_output_jpg.rf.d2fe3c5125e548007f56a4aeba8846b2.jpg,640,640
IMG-20210825-WA0004flip_output_output_jpg.rf.dbb8b0e458aa2ee7a9f1bf7a410606fa.jpg,640,640
IMG-20210825-WA0006flip_output_output_jpg.rf.e7a12dce24b0718e01d16ff7be08d23b.jpg,640,640
IMG-20210825-WA0007flip_output_output_jpg.rf.fa3ae70e94558aa9aeadda62ca77fdf7.jpg,640,640
IMG-20210903-WA0001_output_output_jpg.rf.4083cecb6c23f96d351004accb265147.jpg,640,640
IMG-20210903-WA0002flip_output_output_jpg.rf.413eceda63e5db886299d2d3f9548485.jpg,640,640
IMG-20210903-WA0010_output_output_jpg.rf.67e009ea9f5f3c0b1947777cdec00c51.jpg,640,640
IMG-20210903-WA0013_output_output_jpg.rf.565bba2f1c59e1bf56993c4883f40d48.jpg,640,640
IMG-20210903-WA0015_output_output_jpg.rf.338be3238e8a2051292921f95d54dd04.jpg,640,640
IMG-20210903-WA0016_output_output_jpg.rf.6325021784d445d544d5400971e4e5a7.jpg,640,640
IMG-20210903-WA0018_output_output_jpg.rf.74dd6150309098fbcdca1249b046e7af.jpg,640,640
IMG-20210915-WA0015_output_jpg.rf.7236ac48f6b7d622a60b50ca7219eab9.jpg,640,640
IMG-20210915-WA0015_output_jpg.rf.f235528ef8fd3f993a75678022e41700.jpg,640,640
IMG-20210915-WA0016flip_output_jpg.rf.65a7b689e9758e24c158b9b684651988.jpg,640,640
IMG-20210915-WA0016_output_jpg.rf.33d831c6be00a027d0eea5ad2b204d7f.jpg,640,640
IMG-20210915-WA0019flip_output_jpg.rf.0918e10131afff9c048f539b699d22f6.jpg,640,640
IMG-20210915-WA0019_output_jpg.rf.1b6ef3e367709700e551404c78ee3395.jpg,640,640
IMG-20210915-WA0019_output_jpg.rf.77aebd86178ade9cbe38ba731d46365a.jpg,640,640
IMG-20210917-WA0001_output_jpg.rf.1829c1217823068ca672b3a4a95187a9.jpg,640,640
IMG-20210917-WA0001_output_jpg.rf.407f94c6f1022ea785f119f5d466ed3b.jpg,640,640
IMG-20210917-WA0002_output_jpg.rf.71c8b7be807068281347cbb17e5a9775.jpg,640,640
IMG-20210917-WA0003_output_jpg.rf.8c3a1272c3e6c193abc77a21b2493c17.jpg,640,640
IMG-20210917-WA0004_output_jpg.rf.20b3e40b41e80f23469fad67e586201f.jpg,640,640
IMG-20210917-WA0005flip_output_jpg.rf.773986a88dc0eaecd9a6efef3bd6bb05.jpg,640,640
IMG-20210917-WA0005flip_output_jpg.rf.8d03bfa993310547500c76dccd4f3969.jpg,640,640
IMG-20210917-WA0005flip_output_jpg.rf.a2e3cdce5ebf32e6cdb59607714f21c3.jpg,640,640
IMG-20210917-WA0005flip_output_jpg.rf.a5172f9b6d2ba55052f16b1927303656.jpg,640,640
IMG-20210917-WA0005_output_jpg.rf.11124ba748044dfebc021ed9770d8d91.jpg,640,640
IMG-20210917-WA0005_output_jpg.rf.1a2232a420555ca626faa9478ebf08b4.jpg,640,640
IMG-20210917-WA0005_output_jpg.rf.409f306fa9d2d5f11f31aea8f6c1d1ed.jpg,640,640
IMG-20210917-WA0005_output_jpg.rf.5ad46e9c36b6f7ce4a191e404184401f.jpg,640,640
IMG-20210917-WA0007flip_output_jpg.rf.22eb3c7579f7300df2feadecc597a94e.jpg,640,640
IMG-20210917-WA0007flip_output_jpg.rf.2a77de17b3904dadd84a2947e2e39af5.jpg,640,640
IMG-20210917-WA0007_output_jpg.rf.1fbf2280981755939cb4595dfaa24297.jpg,640,640
IMG-20210917-WA0007_output_jpg.rf.3db0e09fd8065e125d6dfc8f499b1612.jpg,640,640
IMG-20210917-WA0007_output_jpg.rf.63e4d2d382c5648fc166f5a739abb5e0.jpg,640,640
IMG-20210917-WA0007_output_jpg.rf.6dfa124ef746002f0c1ec5df622eed06.jpg,640,640
IMG-20210917-WA0007_output_jpg.rf.baf1c74ad86ce8cfb134f7a8d993e989.jpg,640,640
IMG-20210917-WA0007_output_jpg.rf.cd17832a6064c2cd0d342592b18add9a.jpg,640,640
IMG-20210917-WA0019flip_output_jpg.rf.18e2bada074ea5c1ea3394fc327cc426.jpg,640,640
IMG-20210917-WA0019flip_output_jpg.rf.25cf78db18b56410b270f88cd59aa5e6.jpg,640,640
IMG-20210917-WA0019flip_output_jpg.rf.2ee9e837d657260add28ba3de60a9212.jpg,640,640
IMG-20210917-WA0019flip_output_jpg.rf.e941b780ac54738bd9024c86745c54f2.jpg,640,640
IMG-20210917-WA0019_output_jpg.rf.625b66bc0d8606905b11faa8ebde28a7.jpg,640,640
IMG-20210917-WA0019_output_jpg.rf.7f7e1f6e7e3800963a8f6b7399d81f9f.jpg,640,640
IMG-20210917-WA0019_output_jpg.rf.abff3da5837ac27d94664c5612b863c6.jpg,640,640
IMG-20210917-WA0019_output_jpg.rf.c6533775ff67a80cd3ebf040096d8ac3.jpg,640,640
IMG-20210917-WA0019_output_jpg.rf.e73febd715bf44c5b95d9ff69ca998cd.jpg,640,640
IMG-20210917-WA0019_output_jpg.rf.ea71b0545cf9aaff9ceeee34b2d8d703.jpg,640,640
IMG-20210917-WA0020_outputflip_output_jpg.rf.3c36d46dfd299d28ad74d95a25c5ca19.jpg,640,640
IMG-20210917-WA0020_outputflip_output_jpg.rf.765849a8c87b74a204f6636b8f68a10e.jpg,640,640
IMG-20210917-WA0020_outputflip_output_jpg.rf.ae09d4390b76629a77f59b72a777a973.jpg,640,640
IMG-20210917-WA0020_outputflip_output_jpg.rf.b1029507e96e5496c56673a998d940b8.jpg,640,640
IMG-20210917-WA0020_output_jpg.rf.1c94b8c45d6b2957f4934aa7a7c1b091.jpg,640,640
IMG-20210917-WA0020_output_jpg.rf.2ca386bf5dd83bb67720bf5217cc29df.jpg,640,640
IMG-20210917-WA0020_output_jpg.rf.33179f5fdd761f61a57569704ff84762.jpg,640,640
IMG-20210917-WA0020_output_jpg.rf.6c2008280ada8bf0097942e87199fd76.jpg,640,640
IMG-20210917-WA0020_output_jpg.rf.90ab0bc9b49af7cac7b73061ce46afb4.jpg,640,640
IMG-20210917-WA0020_output_jpg.rf.bc1130fe17a8f16f9e3e262251d24115.jpg,640,640
IMG-20210917-WA0020_output_jpg.rf.cae9a48383263f07f422090e40986ce5.jpg,640,640
IMG-20210917-WA0020_output_jpg.rf.ce1546732f84546d1d1e6ca5a6a834f1.jpg,640,640
IMG-20210917-WA0020_output_jpg.rf.cf4066654613201d42e452538d2bc367.jpg,640,640
IMG-20210917-WA0020_output_jpg.rf.d08553589af27e138fd5d610954c2db1.jpg,640,640
IMG-20210917-WA0020_output_jpg.rf.d11aaa33f93b9aec70fb3d6902ac1766.jpg,640,640
IMG-20210917-WA0020_output_jpg.rf.e1f38853365e52d65323080b1b9ee3a6.jpg,640,640
IMG-20210917-WA0020_output_jpg.rf.ee505d5a0e722bf9d98b01b654e4b235.jpg,640,640
IMG-20210917-WA0020_output_jpg.rf.f287782b25425e0890cefe2d482ef472.jpg,640,640
IMG-20210917-WA0020_output_jpg.rf.f2d890a73f76d1833a59e34a3b707a55.jpg,640,640
IMG-20210917-WA0022_output_jpg.rf.33f6fb76045834ca4edd00c0a34f5061.jpg,640,640
IMG-20210917-WA0022_output_jpg.rf.5c16f723648fe3fc23027cb22ba09505.jpg,640,640
IMG-20210917-WA0022_output_jpg.rf.8383aea88902717e6f51e563351cdf29.jpg,640,640
IMG-20210917-WA0022_output_jpg.rf.b4c0c099179673beb50988fe846d462a.jpg,640,640
IMG-20210917-WA0022_output_jpg.rf.dae0350e8310a568939f7dd8e0838c06.jpg,640,640
IMG-20210917-WA0022_output_jpg.rf.f4c997a27e42e07620cbfbf463863c2d.jpg,640,640
IMG-20210919-WA0000flip_output_jpg.rf.33c4ad377a5ebef2e4a5de0dc906ece5.jpg,640,640
IMG-20210919-WA0000flip_output_jpg.rf.a688e122d24da62e0c31f7a8b974336d.jpg,640,640
IMG-20210919-WA0000flip_output_jpg.rf.cd454a8d1d171124fed46f9a1bb31188.jpg,640,640
IMG-20210919-WA0000flip_output_jpg.rf.f5ce22d65d2fd3bfd6a20cea1072fb23.jpg,640,640
IMG-20210919-WA0000flip_output_jpg.rf.fa77268a57f7f223d82e5eb93b8c41c9.jpg,640,640
IMG-20210919-WA0000flip_output_jpg.rf.fec73154673c648d979020d727caaca8.jpg,640,640
IMG-20210919-WA0000_output_jpg.rf.1c4d33c52b4cacc0681d5f50722f1e57.jpg,640,640
IMG-20210919-WA0000_output_jpg.rf.7458b4ea059b49ebb2534f27db04d26a.jpg,640,640
IMG-20210919-WA0000_output_jpg.rf.79678a94f5f66de92505007f6840cd55.jpg,640,640
IMG-20210919-WA0000_output_jpg.rf.840e2e83acdf7cbafb43291e1389eeac.jpg,640,640
IMG-20210919-WA0000_output_jpg.rf.9e4f1768b6895abff561165ade1a4627.jpg,640,640
IMG-20210919-WA0000_output_jpg.rf.a489a9488ac330487afab9735da86128.jpg,640,640
IMG-20210920-WA0002flip_output_jpg.rf.7652b8868bc2d5ce3eb1f6b4aae8ba19.jpg,640,640
IMG-20210920-WA0002flip_output_jpg.rf.a004eb16361a9406a9435884271f0f9b.jpg,640,640
IMG-20210920-WA0002flip_output_jpg.rf.c7e911ce9a9d2b2e885d665fa5aa48d0.jpg,640,640
IMG-20210920-WA0002flip_output_jpg.rf.e6764bdb33eaf006a55864978875d90a.jpg,640,640
IMG-20210920-WA0002_output_jpg.rf.65968c5420d94018fb43fdae58671a0a.jpg,640,640
IMG-20210920-WA0002_output_jpg.rf.7c1ae62584b03416d5b0df183e9b3e68.jpg,640,640
IMG-20210920-WA0002_output_jpg.rf.a33bf73a7aa43188c986f0fb1fe2a040.jpg,640,640
IMG-20210920-WA0002_output_jpg.rf.be751bacaec2ed0da23325230781a30f.jpg,640,640
IMG-20210920-WA0003flip_output_jpg.rf.8a409884dfc8712385e259e6cb2feeaa.jpg,640,640
IMG-20210920-WA0003flip_output_jpg.rf.ca81a5920089c9bb77bf6f57c876d752.jpg,640,640
IMG-20210920-WA0003flip_output_jpg.rf.cfbd5214251d1b98e3987aaa643b956a.jpg,640,640
IMG-20210920-WA0003_output_jpg.rf.5c54042799cd5534773c6b0d72470d18.jpg,640,640
IMG-20210920-WA0003_output_jpg.rf.7ea98a340aff4de1395da194bddbbbec.jpg,640,640
IMG-20210920-WA0003_output_jpg.rf.91bffadf302e1b6c98fa1432a224db3e.jpg,640,640
IMG-20210920_111038flip_output_jpg.rf.915e3a934eb0e18c9c5d546e07f944ac.jpg,640,640
IMG-20210920_111038flip_output_jpg.rf.9225d0d8fb94acb7b5781744bf07a2e7.jpg,640,640
IMG-20210920_111038flip_output_jpg.rf.9821b8fc78c8a0815d49c51d8c4d7c6f.jpg,640,640
IMG-20210920_111038flip_output_jpg.rf.a5209f686689a11e214c886d793181d8.jpg,640,640
IMG-20210920_111038flip_output_jpg.rf.add16500eb248fbe0592793e3dc838f3.jpg,640,640
IMG-20210920_111038flip_output_jpg.rf.c4f4d80f0d17cb3d93e2dfba0feef294.jpg,640,640
IMG-20210920_111038_output_jpg.rf.1af39d55a0e2466c23bff76e17ca99d9.jpg,640,640
IMG-20210920_111038_output_jpg.rf.60d90746905b5aab902f1a98507f986e.jpg,640,640
IMG-20210920_111038_output_jpg.rf.6822520486e2aeb02c2a1ba7bb0fdbc8.jpg,640,640
IMG-20210920_111038_output_jpg.rf.763ed1d2a39b0a5371aa119fc44809f5.jpg,640,640
IMG-20210920_111038_output_jpg.rf.89200054bd65f516c73c914e1a7a137b.jpg,640,640
IMG-20210920_111038_output_jpg.rf.cf6e4c867bf9fc6dcd80207265da44b8.jpg,640,640
img191260117596_jpg.rf.9b51e9e31d673f3276e4f3d519ad9892.jpg,240,240
img191260119887_jpg.rf.091330364990f3948e4dda27341ea569.jpg,240,240
img19126012104_jpg.rf.d78e192191d70828d9b17010fdc16d3a.jpg,240,240
img191260129019_jpg.rf.342ddd0f06f2365983639c21748868b5.jpg,240,240
img191260129019_jpg.rf.49bc1eb9331238e235a2e4158a122fb9.jpg,640,640
img19126013152_jpg.rf.910e5a2dc76dcdb8ad68028ebc6790d0.jpg,240,240
img191260140624_jpg.rf.539baa4a935c1ec42f7236e0ad62737f.jpg,240,240
img191260144091_jpg.rf.9fe9b1e2b242690d5b4cc67c7f8cb272.jpg,640,640
img19126016300_jpg.rf.9459b0a4c65a41f7a544d325d67dd55a.jpg,240,240
img191260192614_jpg.rf.b07f18d34052561233e17de8f5ffc0b7.jpg,240,240
img19126021620_jpg.rf.364fc8f56bac5038dbb4a233c2b186d7.jpg,240,240
img191260240937_jpg.rf.1b5c56087bf672a0f85601bae5828bc5.jpg,240,240
img191260262045_jpg.rf.aa4034ea757dada939f3f7fa9a2bbf76.jpg,240,240
img191260271958_jpg.rf.0424bc4347a8734a1c704e8ea2e317a0.jpg,240,240
img191260273200_jpg.rf.4fed5ed4cf2b4f9ab5decbd71e820364.jpg,240,240
img191260284401_jpg.rf.dc8ba7aefb57dfadfa559209df1b5c10.jpg,240,240
img191260285650_jpg.rf.f289a3f0378d7540f775fc6f5d0d8aa2.jpg,240,240
img191260286899_jpg.rf.16877b5457818d05341245afce21ad5b.jpg,240,240
img191260288148_jpg.rf.9d2eca393a9697e09a2f054525f54768.jpg,240,240
img191260294409_jpg.rf.2f5dcdcd3f5cc33f599f754b1261f851.jpg,240,240
img191260296923_jpg.rf.9ad6eee3e01d1a52b01705347cb01eea.jpg,240,240
img191260298182_jpg.rf.f00f11164edbacbefd94460ab486481a.jpg,240,240
img191260299439_jpg.rf.5cf0dbcd2fcc44da33cae1b9add87509.jpg,240,240
img191260301953_jpg.rf.7d83a6c4a44c88d62dc3f879406edac7.jpg,240,240
img191260303214_jpg.rf.de4eea858fd837d5d791c9aa7b7ed686.jpg,240,240
img191260310791_jpg.rf.d479f3793458b9589299f63abbc3f9f4.jpg,240,240
img191260313334_jpg.rf.29bfcdeaa88554de93e09dc0367acc57.jpg,240,240
img191260314596_jpg.rf.491808683a5805500a600a58851ff023.jpg,240,240
img191260320961_jpg.rf.55720c60d64b83852fe3c57e26710436.jpg,240,240
img191260328574_jpg.rf.06f6442f67c928f49da47830bc69a679.jpg,240,240
img191260343881_jpg.rf.aed424e9dc83ed09c5e6b0e5bd66c0e2.jpg,240,240
img191260352856_jpg.rf.ceabe3e2676b48f17e8f12cd693c0275.jpg,240,240
img191260363208_jpg.rf.c1727eb800675a206ebb7f9f9ae11e87.jpg,640,640
img191260364500_jpg.rf.57eba7e8b0edb38576929e4ed30e49c6.jpg,240,240
img191260370960_jpg.rf.5b2af322c9123ae378aedd0f94c03c56.jpg,240,240
img191260377490_jpg.rf.11993b1fa4ef533bd6f0cea8bafcfb6a.jpg,240,240
img191260382807_jpg.rf.043977febe185138e1151d5af1c23914.jpg,640,640
img191260390760_jpg.rf.260248a376e8d6220e02868ae2d8fde5.jpg,240,240
img191260392065_jpg.rf.6b37f426d54498a28c20dacecf44988f.jpg,240,240
img19126039870_jpg.rf.3288d807adf3da4c07543e95d31a8d78.jpg,240,240
img191260402642_jpg.rf.bdf90bcac9bfaf6d27841db48c8bb66c.jpg,240,240
img191260406741_jpg.rf.dff82cff846385364d857ac44ecff55d.jpg,240,240
img191260408068_jpg.rf.82639d4cf35c4f7ffd3268dff0eeecaa.jpg,240,240
img191260416042_jpg.rf.eae0a1e42dbcc66186bac0b6e3873c67.jpg,240,240
img191260420039_jpg.rf.bacf6f261a9ae6aa8fadcd45cde53da9.jpg,640,640
img191260425482_jpg.rf.95947926376100b0e37b2165ba609a1d.jpg,240,240
img191260429551_jpg.rf.6aed9be15fde38a3651ed055e908ba56.jpg,240,240
img191260432235_jpg.rf.c2aa3e4ab242185d8b7b776307461cfa.jpg,240,240
img191260438956_jpg.rf.905827a1324b1e3f52c499f62efb7834.jpg,240,240
img191260444381_jpg.rf.8a57a259b58f831d269b361f148d0239.jpg,240,240
img191260445732_jpg.rf.90f3b3967f1f338861b9458f0e7df5c7.jpg,240,240
img191260447083_jpg.rf.61414db5fd4ae28005098487c281d7eb.jpg,240,240
img191260456632_jpg.rf.1518aa6e926e074a31fd90c2a24d47bc.jpg,240,240
img191260463435_jpg.rf.bcd4f30e84832a37283ea05f9ae25092.jpg,240,240
img191260473003_jpg.rf.6866dd5bbf8fa9912874decea92088d2.jpg,240,240
img191260481237_jpg.rf.a7c5030e3d148b3d32bb5c772adc9f8e.jpg,640,640
img191260482612_jpg.rf.4b76c5ce003fe9a0848fb8f317ac515e.jpg,240,240
img191260493631_jpg.rf.9a6925765c60a78c2467401ae8c162b1.jpg,240,240
img191260499481_jpg.rf.9e900f6eb3f85002d6c79d748cf3b4ba.jpg,240,240
img191260512012_jpg.rf.fc173fa012cf9c9332eba15f78d69505.jpg,240,240
img191260519011_jpg.rf.5e17a4b05abcfc9c377aa022905785be.jpg,240,240
img191260537338_jpg.rf.f2fc7af9c8f09069c64054da3fd49823.jpg,240,240
img191260550096_jpg.rf.a7975c4147bcf0a79162273fcbf647c2.jpg,240,240
img191260551528_jpg.rf.d4e15b1169657e4a41ff5e83509bdc7e.jpg,240,240
img191260554374_jpg.rf.ae11c3bdc62b35d691f601eb89761226.jpg,640,640
img191260558650_jpg.rf.3ff29a75349cba82728e9be3bfb06fd8.jpg,240,240
img191260564364_jpg.rf.2e810adc3d57e386cb5a4b4e7ae06439.jpg,240,240
img191260587359_jpg.rf.b4de54bf8272bd4664d6fbea069c49bb.jpg,240,240
img191260593142_jpg.rf.c4fccd74a6c8499ed7b814ae1c13a21f.jpg,240,240
img19126060760_jpg.rf.5fc064846c770a7f018d40d995b43b43.jpg,240,240
img191260610583_jpg.rf.099b5bd89ebd7d0d8e3825d9c2bd0772.jpg,240,240
img191260613501_jpg.rf.76b4a5ce8ab526ba65a41532c5bd2e24.jpg,240,240
img191260617888_jpg.rf.6fc0bc9ced0250597ec5958482addd8e.jpg,240,240
img19126061845_jpg.rf.bfa1324d3ca305851214a6fc274cb71b.jpg,240,240
img191260622277_jpg.rf.77eb1a78a2d5a3b9a1ca4657e920ff03.jpg,240,240
img191260623744_jpg.rf.b2b987f4778a0ea4645549a9d65c3a81.jpg,240,240
img191260632675_jpg.rf.76ce4df9a7c620152b899a7c93165653.jpg,240,240
img191260635623_jpg.rf.31989203c36d32c1961c12331c481761.jpg,240,240
img191260640050_jpg.rf.3c6d40642bda047e00a4e9ae0cd95a1d.jpg,240,240
img191260647533_jpg.rf.7f8cb02bf86738cbdc5145b806e42543.jpg,240,240
img191260658035_jpg.rf.ccebcff28353488870ba5dba29bdb34a.jpg,240,240
img191260661036_jpg.rf.332478e0af3aa9f0addee6e1a4e3d283.jpg,240,240
img191260662537_jpg.rf.d5b0a9df0e8325f4af5ac7130859c085.jpg,240,240
img191260667061_jpg.rf.00272b17b4c3c0995bbf21b1098fa4da.jpg,640,640
img191260667061_jpg.rf.f21182feb78d482dabb66d2812802a80.jpg,240,240
img191260668573_jpg.rf.8f3d559f8506a63fea136cbafb76b11c.jpg,240,240
img191260670086_jpg.rf.16d11140dc22dd65b97335e31433518b.jpg,240,240
img191260685270_jpg.rf.5d9f281fed77d00621b79dae1f9d4025.jpg,240,240
img191260698993_jpg.rf.c83ce05586c89896132498b5b61791af.jpg,240,240
img191260703580_jpg.rf.88662eac1c9d4dad53e9f7842e68a097.jpg,240,240
img191260743583_jpg.rf.1e877dc85ba7313efb51695912ccf2d4.jpg,240,240
img191260752886_jpg.rf.998d9a137a2c0e4acb0e239988a588d8.jpg,240,240
img191260754440_jpg.rf.2c583be3bc4d43bb812ffd8eb156c1c4.jpg,240,240
img191260755993_jpg.rf.9bc4f7a8245d7864fb278dc9e70bf0c8.jpg,240,240
img191260763768_jpg.rf.114b6775fe6bf5a3e954b104140d16d4.jpg,240,240
img191260766881_jpg.rf.386dd14bddd2f7bb34ffc524c71a75ab.jpg,240,240
img191260779492_jpg.rf.bdaa6e65cf0437cc04e1543cd2da0f8f.jpg,240,240
img191260798381_jpg.rf.5cf0e267efb098d57286ebb8a8ea8dce.jpg,240,240
img191260834756_jpg.rf.d28b71af3429759398de65e421cb7e50.jpg,640,640
img191260839530_jpg.rf.7c3dbc0c844b52897b1e14a61f91cc5f.jpg,240,240
img191260857086_jpg.rf.8502a4492266a9caa819992b43874017.jpg,240,240
img19126091652_jpg.rf.755ebeac57e13627ff6c32e78d81f252.jpg,240,240
IMG20231202185036_jpg.rf.39c99f68d4c81947c70a3512101e9eae.jpg,1280,960
IMG20231202185036_jpg.rf.74b9a6aa4ddd4c228ac6c4490c6e9c21.jpg,1280,960
IMG20240113141716_jpg.rf.1ba94d2a083c1bd7917582911ff1fbf1.jpg,1280,960
IMG20240113141716_jpg.rf.1d55622c5f26d452a9a1541d0f91adf2.jpg,1280,960
IMG20240113141716_jpg.rf.496a86231c88d442510038fb1692794c.jpg,1280,960
IMG20240506065151_jpg.rf.27ad7ed582875f83b857b76bec84e974.jpg,1280,960
IMG20240506065151_jpg.rf.3c809f388d7ff9c7ffc6e51bb6fed6bb.jpg,1280,960
IMG20240506065151_jpg.rf.b449e6b259102803e05617d437998ac7.jpg,1280,960
IMG20240506065421_jpg.rf.68fec6e0cfdce12a13d1d707541e79b6.jpg,1280,960
IMG20240506065421_jpg.rf.9691a819a542d4c09081af7845df36ba.jpg,1280,960
IMG20240506065421_jpg.rf.da7b0e64960df0f7c1aaa20b261069b5.jpg,1280,960
IMG20240506065421_jpg.rf.dccdf2b32ed5f7be7b7e4abf9733c2ba.jpg,1280,960
IMG20240506065510_jpg.rf.455e5bc207a40e3d438225c40f2f6474.jpg,1280,960
IMG20240506065510_jpg.rf.8ff4f0d19691d89778befd6b78c29396.jpg,1280,960
IMG20240506065510_jpg.rf.ab67ebaecbe4709c74ad2810b5800f84.jpg,1280,960
IMG20240506065544_jpg.rf.b022c11769255eac6dbc38a1dd64064a.jpg,1280,960
IMG20240507131751_jpg.rf.754ab04bf4572109f03f79def67918cb.jpg,1280,960
IMG20240507131751_jpg.rf.abfc63ea3540672faf505ca8ee8585cc.jpg,1280,960
IMG20240507131800_jpg.rf.e4130fd876326c7434c0db81d72c3397.jpg,1280,960
IMG20240507131912_jpg.rf.48498b4d91f36be543117e599356ed1d.jpg,1280,960
IMG20240508124043_jpg.rf.1c75c06b8f2a3d2097e47b34ce1a940f.jpg,1280,960
IMG20240508124043_jpg.rf.30816bdad75bb4809e713167027fe5a1.jpg,1280,960
IMG20240508124043_jpg.rf.3e43249f27afc7e76a4b369fb59bdff6.jpg,1280,960
IMG20240508124122_jpg.rf.e8d99f5a96c133298ddc0f21bb310145.jpg,1280,960
IMG20240508124345_jpg.rf.0efffad9214a4449f1f5e1af711dc4c8.jpg,1280,960
IMG20240508124345_jpg.rf.b834123fff9381185e1db843ed00af27.jpg,1280,960
IMG20240508124559_jpg.rf.058ff3c05ab8e6ed4e00cf0f51a46aea.jpg,1280,960
IMG20240508124611_jpg.rf.1b914bdbc4cc97c7a7791f16802cc269.jpg,1280,960
IMG20240508124611_jpg.rf.22d764214bb8674647738ccfac7b9fa6.jpg,1280,960
IMG20240508124611_jpg.rf.7679d36ac4a8db73edb1857ab342671b.jpg,1280,960
IMG20240508124640_jpg.rf.0951744e6470b6931a83e2b3cc22c000.jpg,1280,960
IMG20240508124640_jpg.rf.b2dcd63edf6c7a8425df17efc2938eca.jpg,1280,960
IMG20240508124640_jpg.rf.ce7325f26a1e03b7768bb96661e2521a.jpg,1280,960
IMG20240508124806_jpg.rf.3d5b70f28c2e8f8ad3656c28fa4ee727.jpg,1280,960
IMG20240508124806_jpg.rf.ba5c5e435ab5953a001dc9067dc35fc8.jpg,1280,960
IMG20240508124806_jpg.rf.ed5eb5d1a077e792dd1d88a8c43fc883.jpg,1280,960
IMG20240508124830_jpg.rf.8c0ab172d1f26fac923c0ba75f928539.jpg,1280,960
IMG20240508124830_jpg.rf.cec55be0be66c90ec9a4beabecf8ce35.jpg,1280,960
IMG20240508124936_jpg.rf.035c2c2c2af721063bd45ea5c4eb625f.jpg,1280,960
IMG20240508124936_jpg.rf.d809a422ddd4382bfee4813024cb1655.jpg,1280,960
IMG20240508125022_jpg.rf.3662b4a9abe389525727e4cf835a8d65.jpg,1280,960
IMG20240508125022_jpg.rf.b16b91813ec25c253749c60128bd1714.jpg,1280,960
IMG20240508125022_jpg.rf.ed7aeddf8dfe43b91277df197675cc0d.jpg,1280,960
IMG20240508131124_jpg.rf.0fa3a27a31ef5b0297a0fe2ccfbcb105.jpg,1280,960
IMG20240508131137_jpg.rf.3ae7268ad012b6bbbda7a518bf64248a.jpg,1280,960
IMG20240508131137_jpg.rf.9df37eda019b875bf62cd32959a5220c.jpg,1280,960
IMG20240508131158_jpg.rf.6f937aa2565ba56da86ef38683cbebe6.jpg,1280,960
IMG20240508131158_jpg.rf.b6a384018f332eaa61a781d2f5221d0e.jpg,1280,960
IMG20240508131158_jpg.rf.f1d3224645abd082edbe9ba77e95d295.jpg,1280,960
IMG20240508131210_jpg.rf.35ad3db0913822a7e63dc79b0573100c.jpg,1280,960
IMG20240508131210_jpg.rf.712b5c315d7235ae8282f037c6483f1b.jpg,1280,960
IMG20240508131210_jpg.rf.bb29cce99deab17ff7d10cc8487b8c1c.jpg,1280,960
IMG20240508131327_jpg.rf.e95831f8df8c54144546cadbe6d2c1eb.jpg,1280,960
IMG20240508131327_jpg.rf.f02f2e64121dc601a82b0b23039a70ef.jpg,1280,960
IMG20240508131518_jpg.rf.24ebed329bc8f3c01a606e9761e8b892.jpg,1280,960
IMG20240508131727_jpg.rf.8d8166b73dff4f3b06863d034db4727f.jpg,1280,960
IMG20240508131727_jpg.rf.ee5e9f02b3db0d2b5106ca858a892e25.jpg,1280,960
IMG20240508131727_jpg.rf.f41ce6c880974044d2df923a16c30ab8.jpg,1280,960
IMG20240508131928_jpg.rf.89d458dcce53f0a957cf0ade04c289d0.jpg,1280,960
IMG20240508131928_jpg.rf.c219b4b4b26d68ba150651697aec3f57.jpg,1280,960
IMG20240508131952_jpg.rf.465d3da7c5d935051ccc5cfbc31b2312.jpg,1280,960
IMG20240508132037_jpg.rf.04c99973debd3886db2609344bab8516.jpg,1280,960
IMG20240508132037_jpg.rf.8f0cc3b1af685662f2023532768981ab.jpg,1280,960
IMG20240508132037_jpg.rf.e820b139b0a090518368101caf6ecbab.jpg,1280,960
IMG20240508132102_jpg.rf.4c7b63728ac9d2b4325b7c99d11e588e.jpg,1280,960
IMG20240508132123_jpg.rf.b0e37879a64603383ff5f6c36f51b1a0.jpg,1280,960
IMG20240508132123_jpg.rf.cb59995ce34c5d763f0cbdf8da3acaa0.jpg,1280,960
IMG20240508132123_jpg.rf.ea0c14c25a761124dfb4e3dd8992a15e.jpg,1280,960
IMG20240508132123_jpg.rf.f8ea81d23858e28ec2c74b5ae5a939b9.jpg,1280,960
IMG20240508132132_jpg.rf.01e877c1f998e8a5ced6f21648cf0f08.jpg,1280,960
IMG20240508132132_jpg.rf.4473bf4114a3926c617561c8c69b0b9f.jpg,1280,960
IMG20240508132132_jpg.rf.c67b32480194ae62798f8b7509bc2c60.jpg,1280,960
IMG20240508132332_jpg.rf.7e9d31f85c4ae0e1bffe8353e7643691.jpg,1280,960
IMG20240508132332_jpg.rf.9e3e089cbec56757392e7f493a648438.jpg,1280,960
IMG20240508132358_jpg.rf.749c2448a474867fe8eda98af82ed5cb.jpg,1280,960
IMG20240508132358_jpg.rf.d0892cc51937128456ea3578394be366.jpg,1280,960
IMG20240508132406_jpg.rf.6e8be49c03310943b6e6e840377687af.jpg,1280,960
IMG20240508132414_jpg.rf.21fdb7fd0f3822107abbfb2e1209a7ce.jpg,1280,960
IMG20240508132414_jpg.rf.79c9287aa182bd7b1cbed46f3ea77fda.jpg,1280,960
IMG20240508132414_jpg.rf.96a92127268f104dae8f2f30dcf4a838.jpg,1280,960
IMG20240508132432_jpg.rf.1cb87b6e611e77ec610742f513acef37.jpg,1280,960
IMG20240508132432_jpg.rf.2123efeee1bb193f08b80c79239e6313.jpg,1280,960
IMG20240508132432_jpg.rf.a7fe7754660ec7a8b2a82a9b13c6619c.jpg,1280,960
IMG20240508132533_jpg.rf.2ac1e2d79cfd3b7491afdf8bcc4d6ee5.jpg,1280,960
IMG20240508132533_jpg.rf.3f245088295c7c010dea5babe70dc007.jpg,1280,960
IMG20240508132533_jpg.rf.4367f36bd225133a066fefe0067a4398.jpg,1280,960
IMG20240508140851_jpg.rf.0b97438d16206f46ed6c0cbea2aff9a9.jpg,1280,960
IMG20240508140851_jpg.rf.99233d8fcf58acc0a8f5023eca428809.jpg,1280,960
IMG20240508140901_jpg.rf.7c2eabdd64d8361e6e1e16e6217fd9e5.jpg,1280,960
IMG20240508140901_jpg.rf.85cbdf68dd6a9c0afb04a0103b02cd87.jpg,1280,960
IMG20240508140901_jpg.rf.b769bdc1bab2d511cd5abed587104757.jpg,1280,960
IMG20240528085213_jpg.rf.0b40510e958d8e510ad5b9e046f0ec5f.jpg,1280,960
IMG20240528085213_jpg.rf.0ba8dade1aebe23a84a92b5839e9be96.jpg,1280,960
IMG20240528085213_jpg.rf.e32a577ccdb8b6fd78dd1771749e6df2.jpg,1280,960
IMG20240528085246_jpg.rf.40ee0e5dc31006e3bb510d8659035fae.jpg,1280,960
IMG20240528085246_jpg.rf.78ad3391a3d8958f893a7a17dab97ee2.jpg,1280,960
IMG20240528085246_jpg.rf.953294056f7b9c417cba6f7f8b85f994.jpg,1280,960
IMG20240528085246_jpg.rf.ac9d0d9d7d92f9e3864056b5dc77edeb.jpg,1280,960
IMG20240528085504_jpg.rf.1a54ba203859adefd28dd6695e680b46.jpg,1280,960
IMG20240528085657_jpg.rf.417922a10149873aeb0bd60b4fe3a614.jpg,1280,960
IMG20240528085657_jpg.rf.523e670b6e64028a8840c6f887c93282.jpg,1280,960
IMG20240528085657_jpg.rf.935d37fbb0eecbbc71040e2f00b2cc0c.jpg,1280,960
IMG20240528085725_jpg.rf.0189747c4c2cf2430512140dd8b68c0c.jpg,1280,960
IMG20240528085725_jpg.rf.03a1a4e06d21813bdfd412c6ecb46cdb.jpg,1280,960
IMG20240528085725_jpg.rf.98bd8f45ffec7bcd3b8e58a54fb81661.jpg,1280,960
IMG20240528085738_jpg.rf.485f06fe0d921eb02dea5a3cfb0d1464.jpg,1280,960
IMG20240528085738_jpg.rf.dcf833b30cb4f82d8fdd4e6d128368e1.jpg,1280,960
IMG20240528085931_jpg.rf.386e18dd952e28dd18098edc94096c81.jpg,1280,960
IMG20240528085931_jpg.rf.9c36731eaff4e2815e65622a0109f651.jpg,1280,960
IMG20240528085936_jpg.rf.6857579a1655067244785cdb8181fa4a.jpg,1280,960
IMG20240528085936_jpg.rf.98bbe87af5424f238b204909d10ec6f0.jpg,1280,960
IMG20240528085936_jpg.rf.b7219c30d6878b9f6f306e4f535a5bd7.jpg,1280,960
IMG20240528090318_jpg.rf.677eeb38368353f958d3288c894bbbce.jpg,1280,960
IMG20240528090318_jpg.rf.9a9eba6ecb2eaa62aaca553baef96d46.jpg,1280,960
IMG20240528090318_jpg.rf.d839ebc40a50c5a36ff55eae2dcfd2c3.jpg,1280,960
IMG20240528090351_jpg.rf.3fc286819a3e0512cc4e169f69e95410.jpg,1280,960
IMG20240528090351_jpg.rf.591c4ea9dae98edca3b0858e46fd9d77.jpg,1280,960
IMG20240528090351_jpg.rf.5d3807da16a40de2a7b2219165216f49.jpg,1280,960
IMG20240528090351_jpg.rf.696efd05fd406d0516959072ab398011.jpg,1280,960
IMG20240528090424_jpg.rf.1cbb22cd7f8ea09b89e250eb68826269.jpg,1280,960
IMG20240528090509_jpg.rf.0386d8de3babef92fee6bfca556ce435.jpg,1280,960
IMG20240528090509_jpg.rf.6009a723ca3713e75e8a3e367d711a9f.jpg,1280,960
IMG20240528090509_jpg.rf.797d630733c36c1f0823be709b0db254.jpg,1280,960
IMG20240528090536_jpg.rf.0f052f1ee9232e6beb9e914ce8c3afd2.jpg,1280,960
IMG20240528090536_jpg.rf.68e495b6d3a006a7d483c27fe3ab422b.jpg,1280,960
IMG20240528090536_jpg.rf.f0090c4e4cd05624a3ef1c43507bdc75.jpg,1280,960
IMG20240528090611_jpg.rf.0da4b5968f88e9dafc461734ebd28ece.jpg,1280,960
IMG20240528090611_jpg.rf.587db13eca309f7db90954bd1b106ebd.jpg,1280,960
IMG20240528090611_jpg.rf.61da21f8cd1d0baa5e79d39902aa52d2.jpg,1280,960
IMG20240528090611_jpg.rf.f1bab9ad5d7d1e5ce77f9a8121ff5bb0.jpg,1280,960
IMG20240528090700_jpg.rf.38943015b3a3cb1058c40d16e10a07b2.jpg,1280,960
IMG20240528090741_jpg.rf.d0ad2824c30308e4aa43d4e9d08a5377.jpg,1280,960
IMG20240528090741_jpg.rf.d225816de065e0af1400268a69736129.jpg,1280,960
IMG20240528090855_jpg.rf.5fd522f571378412c20ce3df080cd1e6.jpg,1280,960
IMG20240528090855_jpg.rf.a286888f2d6c3b120468ddc0740427ba.jpg,1280,960
IMG20240528090855_jpg.rf.f63133dbfcfc40a5e2ecdfd4228c0476.jpg,1280,960
IMG20240528091001_jpg.rf.7f3046cde60b6fa0f416858a83a1036b.jpg,1280,960
IMG20240528091001_jpg.rf.fdd7ebd200e81f2bd9dbec4b2444f770.jpg,1280,960
IMG20240528091045_jpg.rf.1fc8c98622c4bc7a83aa3b488707310f.jpg,1280,960
IMG20240528091045_jpg.rf.507bcb46c3232d53a68cfe21eae20af5.jpg,1280,960
IMG20240528091054_jpg.rf.0feed8233f529c45dc3f23dd9701d2e6.jpg,1280,960
IMG20240528091054_jpg.rf.2c2a667fbd493c97ccf886390c0809a1.jpg,1280,960
IMG20240528091054_jpg.rf.f6e065bf1e9ae40ffe7806dc5e271358.jpg,1280,960
IMG20240528091159_jpg.rf.49c968caf5c842f884f259e6c6f9e96b.jpg,1280,960
IMG20240528091159_jpg.rf.81bfd01ae10bf6022825cf528144f2a4.jpg,1280,960
IMG20240528091159_jpg.rf.ccd45211538f7c16d0d64eb4e57f4745.jpg,1280,960
IMG20240528091248_jpg.rf.4a04416d005130a2eb5fb935c40b9907.jpg,1280,960
IMG20240528091248_jpg.rf.7a7e2f77e7b8b1481de20cb48626fdaf.jpg,1280,960
IMG20240528091302_jpg.rf.5cad20a8c82a89b9484da6dd88b5425c.jpg,1280,960
IMG20240528091302_jpg.rf.ae47704df5c7ffe99c0186645389579c.jpg,1280,960
IMG20240528091340_jpg.rf.49f1bc3d268806a02e31efb6522de526.jpg,1280,960
IMG20240528091340_jpg.rf.8b912af2c28c53e053b9d12a30d838ff.jpg,1280,960
IMG20240528091340_jpg.rf.f8cd5d19f95a9464577786465bd1eede.jpg,1280,960
IMG20240528091443_jpg.rf.2b9409f71c357e028ac45cf245245a18.jpg,1280,960
IMG20240528091443_jpg.rf.f2075cb86e120908c3b3cf77b58b6950.jpg,1280,960
IMG20240528091451_jpg.rf.1013712909b798acd1a51bdb20739c64.jpg,1280,960
IMG20240528091451_jpg.rf.197ac65ebadde1e5e992790a90f50212.jpg,1280,960
IMG20240528091451_jpg.rf.b94d81c3cdd4df0a03aaeff280944cdd.jpg,1280,960
IMG20240528091451_jpg.rf.dfc5e3db78246a36d52e47abfbea4aa8.jpg,1280,960
IMG20240528091519_jpg.rf.2be5df2cf2e6e01094ed3602bc365d35.jpg,1280,960
IMG20240528091519_jpg.rf.790ee74762c87398cf93b8965ef613db.jpg,1280,960
IMG20240528091519_jpg.rf.9b7eb9e682cd4d2443299561ef825a68.jpg,1280,960
IMG20240528091536_jpg.rf.0eae9fb8b916b7676c7d746da7a75cf8.jpg,1280,960
IMG20240528091536_jpg.rf.cfd8a490c358fbd8edc20e5b5f072c36.jpg,1280,960
IMG20240528091536_jpg.rf.db9601ed17f5e0494069311558a44365.jpg,1280,960
IMG20240528091610_jpg.rf.01dbde61b58f99ba43c057c456a65944.jpg,1280,960
IMG20240528091610_jpg.rf.bed986c6fd4270d5effbadd06271e66a.jpg,1280,960
IMG20240528091610_jpg.rf.c28f32486edf7ba40a548a4e49d6a44c.jpg,1280,960
IMG20240528091825_jpg.rf.7802a6fdc81d30cf1da75712ea8f58b9.jpg,1280,960
IMG20240528091825_jpg.rf.8c5f5722ab9dea62cb73af8160b6e8b7.jpg,1280,960
IMG20240528092046_jpg.rf.52ff9f76c440d4c60d0995c8f76c8c10.jpg,1280,960
IMG20240528092046_jpg.rf.8c3f403088ebe62d45f2406414938fd7.jpg,1280,960
IMG20240528092046_jpg.rf.b94979a81dc605c18ff4b8c39458be94.jpg,1280,960
IMG20240528092150_jpg.rf.be8e69533b473ea11b0240483341b091.jpg,1280,960
IMG20240528092234_jpg.rf.49be8adf9223391a96f5d3b402f298c8.jpg,1280,960
IMG20240528092234_jpg.rf.7e48ce80ccaa176c78bb0c40972cb5fe.jpg,1280,960
IMG20240528092234_jpg.rf.fdb967d560e1e3c242c61821555ab34f.jpg,1280,960
IMG20240528092506_jpg.rf.70ee8fbf457f9929323b4ac84ec7d92a.jpg,1280,960
IMG20240528092506_jpg.rf.b3429de210b493edbd5f3a9e6d1786c9.jpg,1280,960
IMG20240528092506_jpg.rf.f93c645d54490e3f9efb19bc553502bb.jpg,1280,960
IMG20240528092518_jpg.rf.49273efcae63d9f6ed3814450af647d4.jpg,1280,960
IMG20240528092518_jpg.rf.6ac0d52b9845fe2ce6f2b1e31fe07a8f.jpg,1280,960
IMG20240528092518_jpg.rf.79ec06bad46dd2e41d7b852a274badbc.jpg,1280,960
IMG20240528092518_jpg.rf.b90da5e9e5ad4fc2d1492bcb69bfbbaf.jpg,1280,960
IMG20240528092638_jpg.rf.0fc19bf97a527aecdf719b77df51ec5c.jpg,1280,960
IMG20240528092638_jpg.rf.5d391d153882e0808be2d793489aa1c1.jpg,1280,960
IMG20240528092638_jpg.rf.8ff3569f87d44d0df5d1becdfe16a50a.jpg,1280,960
IMG20240528092638_jpg.rf.d3fbdfd4d386a8aab2c6bdf12367c0da.jpg,1280,960
IMG20240528092659_jpg.rf.0acf126b2d7e9050fc2a96e0f459da4c.jpg,1280,960
IMG20240528092659_jpg.rf.25217a715ae9ba0f3e8276a53ba925c5.jpg,1280,960
IMG20240528092659_jpg.rf.5f411e4ca00736b43f338408ded3004f.jpg,1280,960
IMG20240528092717_jpg.rf.984842bcb8715033467732b64158ba7a.jpg,1280,960
IMG20240528092717_jpg.rf.aef29174187cbdce0149e122cd452d7d.jpg,1280,960
IMG20240528092717_jpg.rf.fa5c416ecc463340f4c98613969ac331.jpg,1280,960
IMG20240528092822_jpg.rf.3ffcf52a01df2f1a5927345f3ae2e832.jpg,1280,960
IMG20240528092822_jpg.rf.6441554753858c25371fad66b1c3c5a0.jpg,1280,960
IMG20240528092822_jpg.rf.d8d855c108d2cbaeb76f9f73c16ba17b.jpg,1280,960
IMG20240528092940_jpg.rf.5dd32dfff46bb37429e59421518e3488.jpg,1280,960
IMG20240528092940_jpg.rf.870d811193982b2f03d90f5b06469447.jpg,1280,960
IMG20240528092954_jpg.rf.01e525d3453c8d6cb0a98c051847a51b.jpg,1280,960
IMG20240528092954_jpg.rf.6396ef14765dd16a0130108ff04add57.jpg,1280,960
IMG20240528092954_jpg.rf.c71829a66b9896c2ba33ee134852ca66.jpg,1280,960
IMG20240528093138_jpg.rf.52d11afff1d03cc9e372a9672b56bfe8.jpg,1280,960
IMG20240528093138_jpg.rf.b42b688b044b931e948fa0c1df150598.jpg,1280,960
IMG20240528093153_jpg.rf.705b177c8d6ab26665da5ba475ae0cf3.jpg,1280,960
IMG20240528093153_jpg.rf.a3c54a459aba81b493d4d9dee87c5615.jpg,1280,960
IMG20240528093153_jpg.rf.e821e46f4c80c37b31c98f5385828055.jpg,1280,960
IMG20240528093250_jpg.rf.0e6983f4e61bd28df55a3e23a9d65772.jpg,1280,960
IMG20240528093250_jpg.rf.8a690a029cf5eaaa9d1af005c79cf513.jpg,1280,960
IMG20240528093250_jpg.rf.9703528b89de76fcdcdf457c05eb0926.jpg,1280,960
IMG20240528093307_jpg.rf.2b15d384075d1bcdcb095c7d848640f8.jpg,1280,960
IMG20240528093307_jpg.rf.3814b0a0d4fd6daaa60c1cbc45c406ad.jpg,1280,960
IMG20240528093307_jpg.rf.521c91adb95b50b3e75935a79e3514f8.jpg,1280,960
IMG20240528093307_jpg.rf.5241034a0a458612cdc0066e71e2ae3c.jpg,1280,960
IMG20240528093323_jpg.rf.461c43645df6843f30ef2351ef07897f.jpg,1280,960
IMG20240528093323_jpg.rf.ad45af2854cf6a51a8bb8694b86c05e7.jpg,1280,960
IMG20240528093323_jpg.rf.f2f9cbf35bc0bec66230ed4906649e75.jpg,1280,960
IMG20240528093330_jpg.rf.ac78378407e7e38104097254e1ba3f77.jpg,1280,960
IMG20240528093428_jpg.rf.a039c5225e81f560746d00be194f2c21.jpg,1280,960
IMG20240528093428_jpg.rf.ae4ef62750f20eb7ea3e8ce1569ec24a.jpg,1280,960
IMG20240528093609_jpg.rf.eaa085a25856d6c678c062260e65cc9f.jpg,1280,960
IMG20240528093918_jpg.rf.c56bf6075c7c674ca3e8a631965f3a40.jpg,1280,960
IMG20240528093918_jpg.rf.e457c69f8708f9bda38bffa3b52cf0f3.jpg,1280,960
IMG20240528094023_jpg.rf.90092ce74079f0aefc1be1616598b600.jpg,1280,801
IMG20240528094023_jpg.rf.eba85e00d8f0e23459a7deff95f1d9e2.jpg,1280,801
IMG20240528094107_jpg.rf.6037a1957c5136ece293eb1b08404887.jpg,1280,960
IMG20240528094134_jpg.rf.2f0dafa55bf7a0aa525ee4babac92fd3.jpg,1280,960
IMG20240528094134_jpg.rf.61024e61e36c75157930f71ea8659c68.jpg,1280,960
IMG20240528094134_jpg.rf.e782961ba42443c296b0b7ff96bbdcbd.jpg,1280,960
IMG20240528094157_jpg.rf.5161e6158f0bd98a34eae9511603685c.jpg,1280,720
IMG20240528094157_jpg.rf.6e73fc5b3c4a0b7a2101519a7f01a20a.jpg,1280,720
img30309107461_jpg.rf.649a330cb9ace99b7731e14aabc8e727.jpg,240,240
img30309116515_jpg.rf.5a928d4945e8a29406f8cfb50b30ef9b.jpg,240,240
img30309121061_jpg.rf.16a4f25274770946d8c5f4cfe4e80f7c.jpg,240,240
img30309123342_jpg.rf.c5664611bb95365c5c96b930b3b02096.jpg,240,240
img30309129060_jpg.rf.5dc3b6e132b3ff217ea496683ed9b2e6.jpg,240,240
img303091294603_jpg.rf.7cb12a947cc72b18c3195872d8a7dd55.jpg,240,240
img303091309295_jpg.rf.6610443ff16eeae9aede59bc351132bc.jpg,240,240
img303091321601_jpg.rf.c590a3456cf58d27924faba234fb4b1a.jpg,240,240
img303091338904_jpg.rf.3545f2b41c5b90fac53415d25325bd4d.jpg,240,240
img303091346364_jpg.rf.29000b34346dfcdb24b6ec20817676a3.jpg,240,240
img303091363795_jpg.rf.931d084dc117dc7560feb3e0d2a25627.jpg,240,240
img303091373825_jpg.rf.8e64eb4fea2d9a2e287d58198ed092f4.jpg,240,240
img303091376326_jpg.rf.3fcac210370a2c74f539509d00035e67.jpg,240,240
img30309138251_jpg.rf.d3ade799ca9605332118251d5851a168.jpg,240,240
img303091388907_jpg.rf.659d83dbedf54e7c4e31c90e8ee1c2d8.jpg,240,240
img303091393939_jpg.rf.0813b1e288032d49e7001d8f3d53043f.jpg,240,240
img303091401500_jpg.rf.6baf72cf278dac9bddc000d0a3ffdc44.jpg,240,240
img303091406602_jpg.rf.4bd1787815372b30bfc51694406d49bb.jpg,240,240
img303091444766_jpg.rf.24b732d4cb423aad0981fe438a1a48a8.jpg,640,640
img303091485932_jpg.rf.367794bb5b2e9044cd7368cd66a9eb36.jpg,240,240
img303091491095_jpg.rf.ea9fa57bdf20848fd99b83b45be225f8.jpg,240,240
img303091535406_jpg.rf.82dd3ca6f58222b2082fc45f926d7cf9.jpg,240,240
img303091591292_jpg.rf.32a73e871fdc738090f84cff236a6bec.jpg,240,240
img303091602015_jpg.rf.1c4ef8e8b3e1f2af0bf68e4f23c83742.jpg,240,240
img30309162639_jpg.rf.dd1245a55880c3faef05d7d3b022dfd8.jpg,240,240
img303091661282_jpg.rf.ac770411331025c58b49e77b0effc44f.jpg,240,240
img30309167331_jpg.rf.137276c1c4b793ddc6ef0cf1f237395b.jpg,240,240
img30309168508_jpg.rf.049e21a493a7ea68761d041eccb81b47.jpg,240,240
img30309169685_jpg.rf.ab794f7f698750232afdaa20b129e43f.jpg,240,240
img303091735229_jpg.rf.b7750b05293ba20955bc01342020cdd8.jpg,240,240
img303091738001_jpg.rf.0104391d71d12081ce41ec7c651f4256.jpg,240,240
img303091749127_jpg.rf.7850fb961e4277c6922c5c3fbad3b1f8.jpg,240,240
img30309185060_jpg.rf.98a6537d755f55d2d0d3ed09b95fadf0.jpg,240,240
img30309191132_jpg.rf.f6ca21c9c6046725e6a7b0136937ad0e.jpg,240,240
img30309194726_jpg.rf.aa37e51a22b20b129b2ef12f335d5789.jpg,640,640
img30309197216_jpg.rf.9402cdfcbb48728b28d5d564044fc3de.jpg,640,640
img30309229814_jpg.rf.8563bd10a4d1d6b2f9c6a655947feaaf.jpg,240,240
img30309242019_jpg.rf.d694e1f99ab67879ccd30bb9c2acf029.jpg,240,240
img30309250602_jpg.rf.36a8932ca8cc556670b38ce690e11bdf.jpg,640,640
img30309251830_jpg.rf.459a60c2b693dcd89b7bfd7a3587eabc.jpg,240,240
img30309253060_jpg.rf.b37be19779e28f5262adcc5d44799c98.jpg,240,240
img3030926107_jpg.rf.e65760d06bf917a749c83fde91d07240.jpg,240,240
img30309274057_jpg.rf.414947afeca28570444789b378ee8392.jpg,240,240
img30309275296_jpg.rf.e63f9c4b659f1bef38312245b2bc1ced.jpg,640,640
img30309277780_jpg.rf.333c33bcf80164d382c0430829eef321.jpg,640,640
img30309280269_jpg.rf.a0c67267347911140386a1d131dd6095.jpg,240,240
img30309284018_jpg.rf.868971a9d292983eaf63fccb3de37878.jpg,640,640
img30309285267_jpg.rf.241cf030fb5c721dc3ca4867b30870f0.jpg,640,640
img30309289012_jpg.rf.bea5f22ddf8b96b4c48666be1446c686.jpg,240,240
img30309290264_jpg.rf.d128b088f61fb71db6e3faf62e2879b5.jpg,640,640
img30309291516_jpg.rf.eccfad0382891778595cbda101a84499.jpg,640,640
img3030929285_jpg.rf.669205c9c7abccac23a05a9c7bc9e1e9.jpg,640,640
img3030930346_jpg.rf.1c9e743a31dd721500caa9c16eb93035.jpg,240,240
img3030930346_jpg.rf.42e1e90028cc8e8d510650d0f5bfa6da.jpg,640,640
img30309304218_jpg.rf.472e86f07720fbbb55d6a0d5464aa105.jpg,240,240
img30309314426_jpg.rf.0d6a02a523269d110ff9635b69ce5fdf.jpg,640,640
img30309314426_jpg.rf.92f515c94aa55f011103a0bacc353703.jpg,640,640
img30309315693_jpg.rf.74af6e7424cd577c687f726cb3bd5410.jpg,640,640
img30309323304_jpg.rf.9ecf80bbd161a472c435fa23b1f35851.jpg,240,240
img30309334776_jpg.rf.57f30d0fca4ca0aae55efee8b8e3fa7a.jpg,240,240
img30309338624_jpg.rf.4dd7547694b3a20e70e86fd4107eba00.jpg,240,240
img30309341184_jpg.rf.03211e3d23db57270166f3fcd3c1be13.jpg,240,240
img30309345032_jpg.rf.c7e507560491b2ab8a75254b77e8302e.jpg,240,240
img30309345032_jpg.rf.f78050c773520d864d8d5f879ab0ef0e.jpg,640,640
img30309346316_jpg.rf.93d6391d2d0e0d6bbe5cdbbec9dcab10.jpg,640,640
img3030934659_jpg.rf.b855d7027323f5cd4b551fb83b90a2fc.jpg,240,240
img30309348926_jpg.rf.e76641926360b190a964a0c7925dc52f.jpg,640,640
img30309348926_jpg.rf.eb303f358de096aaaea45ec4ee4250ce.jpg,240,240
img30309351498_jpg.rf.9b346edc964dd98b7d857752d5fecd06.jpg,640,640
img30309351498_jpg.rf.a7cce587be92e4d29ebbb9e6fd67dc7c.jpg,640,640
img30309352786_jpg.rf.6448b226ae876a2803b85218eba2f320.jpg,240,240
img30309352786_jpg.rf.7a0532f8b8202a6c9fdb0a747d39656a.jpg,640,640
img30309367025_jpg.rf.595261cb5a73752d09b4aad4747fe1cf.jpg,240,240
img30309368320_jpg.rf.cd339f57f967c8ca149f6b3fdbd4bebc.jpg,240,240
img30309369615_jpg.rf.14af32a82141b350168a64e75ed4d0c3.jpg,240,240
img30309380007_jpg.rf.a2875891ca948866b79bebc5941edf27.jpg,640,640
img30309386527_jpg.rf.e66636209704d74800d3b36955893c19.jpg,240,240
img30309387834_jpg.rf.68379b37811fb14bf3a47dc321fc55c9.jpg,240,240
img30309395678_jpg.rf.71d257b7ba51dd4a05e6cd90e4b6d959.jpg,240,240
img3030940013_jpg.rf.b9b8530677928444c20470b3e19201b3.jpg,240,240
img30309402230_jpg.rf.ab50c9a55db0f89d77158d7107d1ccf8.jpg,240,240
img30309403542_jpg.rf.9f889a9d1128a4ef37adcf86b19234da.jpg,640,640
img30309404856_jpg.rf.b99cf06034aeeaf96efc75c081cb65c1.jpg,240,240
img30309406320_jpg.rf.05a8bb6c19190fafbc1c1de8b23fd607.jpg,640,640
img30309406320_jpg.rf.a49c691ab2df304922db898ad86010a5.jpg,240,240
img30309411609_jpg.rf.61c13756d48deae405f39c513eca5559.jpg,240,240
img30309418361_jpg.rf.f0f3029b5a7991137282cb8d078b0c48.jpg,240,240
img3030942163_jpg.rf.e564f333009f9a6e7e272e0fe8ce03dd.jpg,640,640
img30309422363_jpg.rf.89ce9fe79eda0123eb4732cca1b80246.jpg,240,240
img30309425035_jpg.rf.26672570b1a76e0324c573627f9b8d7d.jpg,640,640
img3030943238_jpg.rf.d3b6a037135ad0e535f8ddb3c3ce29e9.jpg,240,240
img30309439933_jpg.rf.7b40ee6441f05cb8ffd77da1c5002acc.jpg,640,640
img3030944313_jpg.rf.5f1750f81869a2fdff55429ac42bc74c.jpg,240,240
img30309443995_jpg.rf.0ec840d8f14cc259e04c9e72568699ec.jpg,640,640
img30309448061_jpg.rf.a58da606b2c85e77b2ee42b385254297.jpg,640,640
img30309457586_jpg.rf.0b9a3d4520cc6df5222ba711420602b7.jpg,240,240
img30309460316_jpg.rf.4d1223e26f00e66e9c02c45e476a3c60.jpg,640,640
img30309461681_jpg.rf.c1a268810ed674e670ef52f5f1f7cf7b.jpg,640,640
img30309463046_jpg.rf.cb5e5774722cffb83e8f168a1f4c93a0.jpg,240,240
img30309467155_jpg.rf.a20010a765d731c7864df7e392a46c1d.jpg,640,640
img30309468525_jpg.rf.6d04cd3672577ede2215a8319aeefa22.jpg,640,640
img3030947548_jpg.rf.238ffa62da332c746cc7065242a3146d.jpg,640,640
img3030947548_jpg.rf.e8066ac312d26cf14d3f72a13e4e8433.jpg,640,640
img30309485045_jpg.rf.1369e2ca03230873671442709f9e6f54.jpg,240,240
img3030948628_jpg.rf.07f55141d170075a09a1ee94468378b8.jpg,640,640
img3030948628_jpg.rf.bf379d4d7637017312a7fa720ea32d3b.jpg,240,240
img30309486429_jpg.rf.72443b2a2685a320a8a9581433343b7c.jpg,240,240
img3030949708_jpg.rf.46ec6ea9cb37c8e3677a99a56c863b68.jpg,640,640
img3030949708_jpg.rf.e165838fe9bebdb2882c29094b435017.jpg,240,240
img3030950788_jpg.rf.26c8c940da5e591fb1e1f1101d752998.jpg,640,640
img3030950788_jpg.rf.5c14c575b8eb95420248c18d36ee8076.jpg,640,640
img30309515689_jpg.rf.a2e9bd6bf30b0bf00d2eec11c4ae24d6.jpg,640,640
img30309517093_jpg.rf.11561c14a0ef7d9fb4e40bd1c9cc8c9e.jpg,640,640
img3030952955_jpg.rf.c8a7540ad57cacaaac69ef2f740be359.jpg,640,640
img30309529754_jpg.rf.ab574ec82955c0999bcaee2e99fd5449.jpg,640,640
img30309531167_jpg.rf.f4beda60e0148b41651deb511f816a27.jpg,240,240
img30309532581_jpg.rf.74ac2d798b9410a85606513dda2096bc.jpg,640,640
img30309532581_jpg.rf.9219b413c030368c0ce699effac6b054.jpg,640,640
img30309533994_jpg.rf.114571800beeddd5e6f725216c77adf6.jpg,240,240
img30309533994_jpg.rf.8e8e0f949228a0afe3853fc2f27cd7ae.jpg,640,640
img30309543909_jpg.rf.08e0a2e306ddb0eb44d18ee1bd06eaee.jpg,240,240
img3030955126_jpg.rf.9418b0e53aa90dd41ac7fe7817ed8f3b.jpg,640,640
img3030955126_jpg.rf.c5fff004f02af871ad8b4f4180b8ddcc.jpg,640,640
img3030956211_jpg.rf.05cfb67066b2d662287515a429d68781.jpg,240,240
img30309580653_jpg.rf.3c88fedd282c52553ebf75caea66b215.jpg,640,640
img30309582475_jpg.rf.64d49fd29c9857f83ac1e0042717ca46.jpg,240,240
img3030958391_jpg.rf.d2d6f8e86ebfb979825eaa4e3401d713.jpg,640,640
img30309593441_jpg.rf.6e6d69491efd0cb1764f832b258ec57a.jpg,640,640
img3030959481_jpg.rf.bcb9dcccc2a05e21d104823d980d7db2.jpg,640,640
img30309606395_jpg.rf.ae3b2bfed4ed3c1226019407bda0388e.jpg,640,640
img30309608247_jpg.rf.160929f2cb2880c44d7817d77cc73bfd.jpg,640,640
img30309608247_jpg.rf.af865a856494170978538fd668c4c9a7.jpg,640,640
img3030961659_jpg.rf.d7a3b1987af478ef486963aca3121aad.jpg,640,640
img30309640198_jpg.rf.c5646c511f311cb6ea56ec828f7311e6.jpg,240,240
img30309649606_jpg.rf.7e8c69e100703747678de9b31b637631.jpg,640,640
img30309651494_jpg.rf.3c36f18dc7177c965c12f81ab2a5b518.jpg,640,640
img30309653381_jpg.rf.cce0781bef4e1b855d3c44fbb2344d2f.jpg,640,640
img30309655271_jpg.rf.018575bf3652c7895353d08ffe85f490.jpg,240,240
img3030968221_jpg.rf.cf1961748d32ae520aea43391f0ff784.jpg,240,240
img3030970420_jpg.rf.21792025c2ec73fe97b73fc19df04155.jpg,640,640
img3030971520_jpg.rf.18cf12ddee219dc9d375f0d2af1169f8.jpg,240,240
img30309716753_jpg.rf.6ff2c9beee943d5d86a8090c4fb7be52.jpg,240,240
img30309722614_jpg.rf.b29ec18b51e94758c2a1bf3d5955ba33.jpg,640,640
img3030973720_jpg.rf.5427fae87c3e7961949606bafa8fc0f0.jpg,240,240
img30309750190_jpg.rf.32997e7ca153616b77f42022e4b9a05d.jpg,640,640
img30309750190_jpg.rf.73402678d5208ff255059117e616c979.jpg,240,240
img3030984987_jpg.rf.f89805791ebe122594ddf22f787674f4.jpg,240,240
img3030986096_jpg.rf.f17e2e1bbb58d06cef0bc5c93ac78802.jpg,640,640
img3030988322_jpg.rf.aa3a3ad777c10fffeb605f37a85d1a10.jpg,240,240
img3030989436_jpg.rf.cf63217c8c1cd1961dbc080a75b288df.jpg,240,240
img3030991664_jpg.rf.242a5982bba1b6f9a952908f7f23a54f.jpg,640,640
img3030991664_jpg.rf.952bec5356433fadd0cc3925a8cbe3ed.jpg,640,640
img3030991664_jpg.rf.a772f6aea6ff154739bf518152d90482.jpg,640,640
img3030993995_jpg.rf.e46c92423ee8d11719822abc48ecb062.jpg,640,640
img3030995112_jpg.rf.08dd7715e331e5b3da8cfd89929a1b2a.jpg,640,640
img3030995112_jpg.rf.bbf9afc5e731362a0fab42dbcb5ab56b.jpg,240,240
img3030996231_jpg.rf.344ddd0ce81161e7e0e26c0691563815.jpg,640,640
img3030996231_jpg.rf.c89942616846bc7ac63943c550b9cfd7.jpg,640,640
img3178046196_jpg.rf.9129c3a1e764228dd72df995d2dc7231.jpg,640,640
img36081310958_jpg.rf.e831454c4ed32395341ca9883befa341.jpg,240,240
img360813116436_jpg.rf.e940bb6438e8cb81df93b7278d7549ac.jpg,640,640
img360813117650_jpg.rf.8f37fcaf8c91b2df37c166ec6ed3e2f1.jpg,640,640
img3608131533_jpg.rf.32f55cbd3cd7afb93329026b8292d3cb.jpg,240,240
img3608131533_jpg.rf.908d1c6d8c11ff2e9a2f27a558ca3e36.jpg,640,640
img3608131565_jpg.rf.e43015fab66876c34548d6a91f9d8fd4.jpg,240,240
img36081317299_jpg.rf.7a9043d48c8bc785bfe9e0ffbd0045e9.jpg,240,240
img36081318362_jpg.rf.87669b5d51cdf33b6481653222281906.jpg,640,640
img36081321024_jpg.rf.d3b5b785fe4c54fcd1fedbe24c2b3c1c.jpg,640,640
img36081321551_jpg.rf.5c398ce8838a60173d353292bf9ffbb0.jpg,640,640
img36081321551_jpg.rf.d20a9259bacd3581997a2ea17f00ff15.jpg,240,240
img36081322197_jpg.rf.e89da972649c90aeb1b8d956d2dd90f6.jpg,240,240
img36081323073_jpg.rf.85c828dbcafdb8d65c738852472d9329.jpg,640,640
img36081323348_jpg.rf.8fed4a7aff32e401731b17d279dce6ad.jpg,640,640
img36081324749_jpg.rf.c4bc6c013fb816f8ef2aaeada88d5451.jpg,240,240
img3608132675_jpg.rf.067848211f1faac381ea34acce306d88.jpg,240,240
img36081330092_jpg.rf.d9bf964317a6890c7d81f3863559c05c.jpg,640,640
img36081330303_jpg.rf.54486f57b7fe147f6f1bc527ecd815f7.jpg,240,240
img36081331165_jpg.rf.57de1f53a01c4c11deed9e91d6266035.jpg,640,640
img36081332614_jpg.rf.d9c9e0fc6db2506b13fcc8645fe271b3.jpg,240,240
img36081336653_jpg.rf.f5d6058372c41f512e702cad5980509b.jpg,640,640
img360813423_jpg.rf.39277c1ea28fc6b5adc271908a9eb50b.jpg,240,240
img36081343608_jpg.rf.380438f9f971a07a6378bd2a434e90bc.jpg,240,240
img36081347558_jpg.rf.a328b76295b28a9a665ec24c2daba233.jpg,640,640
img3608134978_jpg.rf.ee544617b9704add50d5f9f59c05259b.jpg,640,640
img36081350822_jpg.rf.595183883cda60cb32260e81d9634c5c.jpg,640,640
img36081350822_jpg.rf.d26b39c15acbd90f5de2fe1a4859ed78.jpg,240,240
img36081353096_jpg.rf.08861413fdfb21ea20c5c91673478f6a.jpg,640,640
img36081360860_jpg.rf.70051e1cc82e5e33a2ec0c608779b5bd.jpg,640,640
img36081360860_jpg.rf.ea1dace8b8312392a78efa79edaa0c61.jpg,240,240
img3608136745_jpg.rf.7452b2c93eef0e7c20c973c4a163d08b.jpg,240,240
img3608136745_jpg.rf.cde6f438f93223b88a53b7ac4c567ee2.jpg,640,640
img36081372989_jpg.rf.6a7e136cc54ecc658170f323b259e881.jpg,640,640
img36081375203_jpg.rf.6253333eeda77018881336119b74d60e.jpg,640,640
img36081382639_jpg.rf.09f69e2a5d3eef1b8477866bb39f2efe.jpg,640,640
img36081382639_jpg.rf.82c733c96e7fd1c2cc274d9a4cc2ac41.jpg,240,240
img3608138380_jpg.rf.448b347b13857f4a35ef2d3bcf9161f3.jpg,640,640
img3608138850_jpg.rf.3722d7da71074114494a65ac7b20944b.jpg,640,640
img396015109657_jpg.rf.0988261b2e323f67960399322249ee3e.jpg,640,640
img396015109657_jpg.rf.16009c48dd65393e40e5697fc6940dcd.jpg,640,640
img396015113064_jpg.rf.668424e66f09f98493da573a5d4d3251.jpg,640,640
img396015113064_jpg.rf.714b54cc9f0639c988ec4d1fa78240fe.jpg,640,640
img396015114201_jpg.rf.91fd95d87b8b3d2e32d28f5f7bbde99b.jpg,640,640
img396015116477_jpg.rf.e35bd7a7ce004b5c3099d0d67d91151d.jpg,640,640
img396015118758_jpg.rf.46de920568b1e5d47edb849ba5dbf870.jpg,640,640
img396015118758_jpg.rf.70a137e1fb94aafd80dae13c32fa042c.jpg,640,640
img396015118758_jpg.rf.e51846c86ea4764f3c197f0c602526f2.jpg,240,240
img39601512077_jpg.rf.533aaf9e3b0dd39137fdbd7219b97a1f.jpg,240,240
img396015121036_jpg.rf.37dbfd0581eaa3515b9f434d79762237.jpg,640,640
img396015123322_jpg.rf.16f3ebe9f5482965772db94b3a8d8294.jpg,640,640
img396015129053_jpg.rf.3debbe8b12b5d0ac84fe7df52957af56.jpg,240,240
img396015129053_jpg.rf.51a690ccd4008ab01dcc0420ead68fff.jpg,640,640
img39601515236_jpg.rf.30f32096be6110a73b1a580e44bf2ea9.jpg,240,240
img39601518411_jpg.rf.23ad6da50974de24b3687ff98e5b0d45.jpg,640,640
img396015185533_jpg.rf.9c52e40ae3970bceb4f1670f04db2777.jpg,640,640
img396015222967_jpg.rf.9323f723148d8b3a91070a8f75030a5a.jpg,240,240
img396015225401_jpg.rf.8659d152f31295eece9e0f4ce0a09e3e.jpg,640,640
img396015226618_jpg.rf.2fd84aa145ce6dbb2298e35f84afb861.jpg,240,240
img396015230265_jpg.rf.b368a1b12ee5718e3b5d8a5ca0d0ce43.jpg,640,640
img396015236380_jpg.rf.3599550d9438d46a8ed7df7915118e23.jpg,240,240
img39601523718_jpg.rf.43f9edbdd794678d088d760ac09df0a9.jpg,640,640
img396015238829_jpg.rf.c58d9eb4d00117e51ca47f3eef2d3813.jpg,640,640
img396015288430_jpg.rf.2babd9260412379b08151cb72378cc20.jpg,240,240
img396015289700_jpg.rf.8b8731648a41955f5a531a09b4bb3063.jpg,240,240
img396015290957_jpg.rf.a2de248ae63c2e323da0e668f43eacb4.jpg,640,640
img396015290957_jpg.rf.e40866ddcd5e759582d40807635568b4.jpg,240,240
img396015292213_jpg.rf.23d5e330e481d4fdeb4383c775f85752.jpg,640,640
img396015315079_jpg.rf.26824fee5b4282964382e118551f26f2.jpg,640,640
img396015315079_jpg.rf.7cb3db5944d270ad8aed920210c15f6e.jpg,640,640
img396015330376_jpg.rf.f4213c323182337db4ed99109825d798.jpg,240,240
img396015332931_jpg.rf.9c7a7ae3c43113445e26ecc94a330f0c.jpg,640,640
img39601533314_jpg.rf.ea38e3f9df3e9f64a4716314e9e0c1d4.jpg,240,240
img396015356106_jpg.rf.552afe57612660e22116124be4f77b63.jpg,640,640
img396015356106_jpg.rf.e85613967878babb13b0f3a52aa8ea60.jpg,640,640
img396015362601_jpg.rf.485c8c10444e21ad15b63d786e79ccae.jpg,640,640
img39601543006_jpg.rf.a84b8fa36a245e44179ac7ac76d32b6c.jpg,240,240
img39601543006_jpg.rf.d60d1a57af5018a23375da1dd541aa4a.jpg,640,640
img3960154735_jpg.rf.055161075ca66c30cb9c1ace9071cf62.jpg,640,640
img39601549500_jpg.rf.6d1ea996cec62ebaab0f51c1275f475f.jpg,640,640
img39601549500_jpg.rf.8a9b7e85fb3b117f4bb4354d037bd5d0.jpg,640,640
img39601564888_jpg.rf.97b7aca4d35fcae62aa38d68b69691c0.jpg,640,640
img396015651840_jpg.rf.047141e92432b3f8f688105424304106.jpg,640,640
img396015651840_jpg.rf.9b3563bb9dcc453c303363445ddd5a8d.jpg,240,240
img39601568183_jpg.rf.52151716d4c53b23353e5b9108e639ad.jpg,240,240
img3960156832_jpg.rf.5a3025a29cdfdfbb6ec341a1f827d0cb.jpg,640,640
img396015683506_jpg.rf.4dfc20d66311f53f43ed32c79c7b4f87.jpg,640,640
img396015695889_jpg.rf.a394836bd7264a987b7c6de5fe272e40.jpg,240,240
img396015697418_jpg.rf.a971c8bd6215937a5d5c3f5a408a6c9e.jpg,640,640
img396015705077_jpg.rf.0895f153930719c9a75f7a2d01ac2c54.jpg,640,640
img396015705077_jpg.rf.9ccdf3d1d4103cdda860b5c9d8c3955a.jpg,640,640
img396015726625_jpg.rf.398d58aae88d71392ae4847b6d231980.jpg,640,640
img39601573789_jpg.rf.62170330e5c1e29c04fa180f372f0e40.jpg,240,240
img39601574897_jpg.rf.a164c7188962c144f51913e3ef2ee1ca.jpg,640,640
img39601577111_jpg.rf.46c2e2ca231ed664d734287321b9cbc5.jpg,240,240
img39601578219_jpg.rf.2f571d2bc2a0d99a7241c658fa938544.jpg,240,240
img39601578219_jpg.rf.6ce00ff3a271d53bd0f14011cfa7e671.jpg,640,640
img39601579325_jpg.rf.f89fbb6c35fd2c4256f9d40fbfe2b187.jpg,240,240
img39601580435_jpg.rf.0aa25f89c610b6b15f6889bc6818e283.jpg,240,240
img39601581625_jpg.rf.28fb78a5888b9ed5a97d07c1d12e3951.jpg,640,640
img3960159976_jpg.rf.b3b4311f0c38f4b55db20de4de0f6fd5.jpg,640,640
img47422711983_jpg.rf.049711aa20c4c5dda12619738c312a8f.jpg,640,640
img47422711983_jpg.rf.bbdded8c64cac70e29e30160a8359df4.jpg,640,640
img4742271551_jpg.rf.546fbc5c6c6e1c89323d640e1bf4136c.jpg,640,640
img4742271551_jpg.rf.d882825f28c4d95a6fd44a4b3e98de22.jpg,240,240
img4742271613_jpg.rf.aa6f5b363eb19f1408179d5e23231657.jpg,640,640
img4742272671_jpg.rf.85b41847f5a378c6a365e60954aa790a.jpg,640,640
img47422733542_jpg.rf.36206e0ded2c040a3b4324f8deeb353b.jpg,640,640
img4742273677_jpg.rf.ded4336f06f92e0f7e37dc69ff86766b.jpg,640,640
img4742273829_jpg.rf.9c1897353b379a21ffbf779bdac13a10.jpg,240,240
img47422738857_jpg.rf.88ba175bea037a6c3ed6759fe88ae6fb.jpg,640,640
img47422738857_jpg.rf.8cc815746635747e2acb94b083e0dd0f.jpg,240,240
img47422743129_jpg.rf.36ad312b5afbde98a9073cdf75211c14.jpg,240,240
img47422743129_jpg.rf.fbc1c65d3ceb5c875563ee9625b2c748.jpg,640,640
img47422749557_jpg.rf.2c5c11ea7e8136f7244a61d533494e7d.jpg,240,240
img47422786722_jpg.rf.cd61f7d204d31079e220fb4b28cbefb3.jpg,640,640
img47422788936_jpg.rf.d43678cd2c57bd00d1c67778c6da659e.jpg,240,240
img47422792262_jpg.rf.5b3338460768607d3cb7cc194a7ed271.jpg,240,240
img49641310781_jpg.rf.fd1663899dcfe5796a98c9d91d6e1d2e.jpg,240,240
img4964131150773_jpg.rf.486364335835b5c635b0b3346327d84f.jpg,640,640
img4964131188449_jpg.rf.e856470c07417c9839dc3fdbf1fa061f.jpg,240,240
img4964131190849_jpg.rf.5bfeea7add490d1afe59fda351b4e2da.jpg,640,640
img4964131209838_jpg.rf.7f5e4e096ee361174f309e0a069ff006.jpg,240,240
img4964131219385_jpg.rf.047c46770e8286d9f3d579863270552d.jpg,240,240
img4964131219385_jpg.rf.c5bc5db9f80abf5839847c4fd8a30468.jpg,640,640
img4964131224160_jpg.rf.8a33fb9ff70ca3323dba5c40adca4f0d.jpg,640,640
img4964131224160_jpg.rf.91ee2bcef2f8ec5304035f4855119b57.jpg,640,640
img4964131224160_jpg.rf.ddae982b26ff54e630f583790fefe99b.jpg,640,640
img4964131236121_jpg.rf.4c72ca03d81b978a63c03d6397afb743.jpg,640,640
img4964131236121_jpg.rf.aa61c3418fc1a90dcfc2cd1b6c5c7e3d.jpg,240,240
img4964131238519_jpg.rf.4e2aa29624e5e07de5c6b3e9d81a6a4f.jpg,640,640
img4964131238519_jpg.rf.4f9fba7d1d16e94ad4c1b68817d8101b.jpg,240,240
img4964131260178_jpg.rf.c4d775be8ecdc7863be2863a317f9e3c.jpg,640,640
img4964131306439_jpg.rf.cef414bd807a4bafcae5a2aca0669ab4.jpg,640,640
img49641313320_jpg.rf.959ce20dd19832f1fa338fb3bc9ca767.jpg,640,640
img4964131336221_jpg.rf.6f23c055a9bf096774fcd2024e74da40.jpg,640,640
img4964131338700_jpg.rf.841663cb4df59d441b647e43b954c759.jpg,240,240
img4964131348624_jpg.rf.f530f179915494dce50eb2ae0eb522e6.jpg,240,240
img4964131356188_jpg.rf.4b1fdc448936f621d7ec4ef272ad37e7.jpg,640,640
img4964131358673_jpg.rf.8297e35a3e475ec36c72bf608d74d9ae.jpg,240,240
img4964131368640_jpg.rf.f2913ae4b153cd8be8a14c1fba62c231.jpg,640,640
img4964131391193_jpg.rf.b6c2dad3beea53728e881eb96cee4ff2.jpg,240,240
img49641326181_jpg.rf.a5a82f12c307ca3899005f26cb46e284.jpg,240,240
img49641327402_jpg.rf.1e02d6998124032d1f7b63b07c4170e3.jpg,640,640
img49641330778_jpg.rf.35f89cc51c285c4dff941901e39fa969.jpg,640,640
img496413374657_jpg.rf.595f47b0396fc11930bfa30e1af3cd6c.jpg,240,240
img496413392136_jpg.rf.24462be7eb5901c757656f670db301d2.jpg,640,640
img496413392136_jpg.rf.8be055f30f912cc307d5ab2f2b0964d9.jpg,240,240
img496413805808_jpg.rf.3ab6ee6c2cf6eba2858adf502ec326d2.jpg,240,240
img4964138176_jpg.rf.0d78b8d12af916baafdd29a16e56d6c5.jpg,640,640
img4964138176_jpg.rf.2ceeec8fb5ff788e538015f5cd4e1b59.jpg,640,640
img496413828392_jpg.rf.13ddb40dfe151bd23c56961e57c384bd.jpg,640,640
img496413897318_jpg.rf.9b8c7199523ceb645e0351b043791e6a.jpg,640,640
img496413899434_jpg.rf.a00ed52549a13472fae5580460c6cdcd.jpg,240,240
img496413905790_jpg.rf.f52f07177098f5eab79c4400fd584e7f.jpg,240,240
img496413910084_jpg.rf.359fe9c6593397eb3e3d22016e35fb6e.jpg,640,640
img496413916507_jpg.rf.40dd3a4003e9f878966935aca28f1929.jpg,640,640
img496413940195_jpg.rf.a370d6b55c8ce8f11d0c7dc4fb5c2a34.jpg,240,240
img496413955380_jpg.rf.9c5ad03206d730ddc5a04e24e0b95727.jpg,640,640
img496413964074_jpg.rf.6e30c36bfd0b226c5799cd4ac37af831.jpg,640,640
img496413968432_jpg.rf.cf8f4cbce96ebb03b7ffd677a8dbb78b.jpg,640,640
img496413970607_jpg.rf.77071ce5d3aebcbfa171420ec902e11f.jpg,640,640
img51339068186_jpg.rf.a91655424d9ee04771605439e196e7f9.jpg,240,240
img51339071862_jpg.rf.6c5f944868cf63d67e995b3ffb6ac86e.jpg,640,640
img51339076298_jpg.rf.4dd1fee48498f2c0ddfe569f854a3e7d.jpg,640,640
img51339077402_jpg.rf.20746502583f5d575587e63473b0d5d6.jpg,240,240
img51339077402_jpg.rf.4311f19a75882e1ad27cc4a375ea304a.jpg,640,640
img51339078507_jpg.rf.4a30542b127d7c1868f595244e06ce96.jpg,640,640
img51339078507_jpg.rf.565d679b1675dffab694409dba4dc417.jpg,640,640
img51339081822_jpg.rf.2115ccff7ef33e8eb497ea4d41ccfc6e.jpg,640,640
img51339082964_jpg.rf.432c5e039f705f2dc474d7b3218656ef.jpg,240,240
img51339082964_jpg.rf.f778b6b4816bed30ed5ec8f8a064c66a.jpg,640,640
img51339084071_jpg.rf.976e7ce3e62028ecb1f033894353f25e.jpg,240,240
img51339086285_jpg.rf.ce0ab13df9e355d06d152c26148cafb8.jpg,640,640
img51339087399_jpg.rf.23a55d1638e397e68cc8afb69103a4fa.jpg,240,240
img51339088511_jpg.rf.803a6811cf8b6480fbb92cec0b4c7fcf.jpg,640,640
img51339089624_jpg.rf.6375a886332ddcdc9ea86b4cabc69819.jpg,240,240
img51339089624_jpg.rf.81cb333cec713f3edb464269cc2fea3b.jpg,640,640
img51339092965_jpg.rf.0981e8dc97ccb14a64e8be14738c25bb.jpg,640,640
img51339094082_jpg.rf.3fc8d8601f646b37701c395e8e910414.jpg,640,640
img51339095200_jpg.rf.81a548136c876729256908ff2da0486d.jpg,640,640
img5179171002195_jpg.rf.e88104527cfba5af4c1f0952dc21e9b4.jpg,240,240
img5179171003878_jpg.rf.29417cd6311c57fcfd20bb40869d4211.jpg,640,640
img5179171015668_jpg.rf.f5bb576d87199d38188df811afd4e24d.jpg,640,640
img517917101622_jpg.rf.49c1e4f337a15febf814fb98a6c03dd7.jpg,640,640
img517917102743_jpg.rf.cff6f7e408479f71f4e4448447b3a8e1.jpg,240,240
img5179171027510_jpg.rf.8e17739dbec365b50729e5b755e7d2fd.jpg,640,640
img5179171032601_jpg.rf.9e25452fa81d9a4cd04de2399b9690ac.jpg,240,240
img5179171034298_jpg.rf.4748e81c816df285935791cad12814f2.jpg,240,240
img5179171037696_jpg.rf.00e9a38d59b1c29b725b98b4914a592a.jpg,640,640
img5179171037696_jpg.rf.bfa3a308d6ba785b4161c59fb405c5b6.jpg,640,640
img5179171037696_jpg.rf.c10ac90aec179252c86253ee851be17f.jpg,640,640
img517917103864_jpg.rf.a6edfc10c64f5b260d8d3d73f01b83cb.jpg,240,240
img5179171063557_jpg.rf.3cecaa7dbe260c527e727a959d086cf6.jpg,240,240
img5179171065278_jpg.rf.79584e3f49133159c59b5b0ec3cb76ed.jpg,240,240
img5179171065278_jpg.rf.a320f19767419944d7fbcf3e018b57bb.jpg,640,640
img5179171072197_jpg.rf.55ee3dee4122f45326936ed4c69ecd32.jpg,640,640
img5179171073915_jpg.rf.efc20d896ed0f20280eadae2317198e1.jpg,240,240
img5179171087713_jpg.rf.ce40919fc0b6bff75d5f65a94a545827.jpg,240,240
img5179171089439_jpg.rf.2f21949086066792dffb1eaea5dcc5f6.jpg,640,640
img5179171089439_jpg.rf.d91951197d41a43e301b67d24ed14e31.jpg,640,640
img5179171098088_jpg.rf.71255cee50c4bab66375dff77977bc06.jpg,640,640
img5179171105024_jpg.rf.c8cb94b1f53264a0e04e1e866b9fa2d3.jpg,240,240
img5179171106760_jpg.rf.9e4659af7cc3d2e0fb649ee0ffbf1236.jpg,240,240
img5179171108496_jpg.rf.cb3a302f20714c4afcb6518ebf428fb6.jpg,240,240
img5179171117193_jpg.rf.1ea1bc18024a7b741f174fdb09393457.jpg,240,240
img5179171122421_jpg.rf.eae51952ffe7c8272882b6b8b10d0798.jpg,240,240
img517917112891_jpg.rf.0b9e77dfbb4d66188585a82b63b00437.jpg,240,240
img5179171134656_jpg.rf.2ac161804abfd0f0d62a62f86b576666.jpg,240,240
img517917114022_jpg.rf.32ca0e33f21f87ecf548bb70d0829c5c.jpg,640,640
img5179171152214_jpg.rf.510dd8c8a5bf60ed2efd5cf8d214efe7.jpg,240,240
img5179171166335_jpg.rf.2ee204b16d788f284c912b0c172f8289.jpg,240,240
img5179171168106_jpg.rf.50497d9aa6c411fac6fcf449b8becd95.jpg,240,240
img5179171169878_jpg.rf.6a24be9eeffd830160b29967cc9dead6.jpg,240,240
img5179171173422_jpg.rf.c210e5ce4dcd87bf6dd543fccb5394a2.jpg,640,640
img517917117418_jpg.rf.3c53bc9f9e9ea10e27a0cbc80250f6b9.jpg,240,240
img5179171180524_jpg.rf.1c3511e9ab4d140e532bc870269fbdd6.jpg,640,640
img5179171182300_jpg.rf.15a79a813e3b50ded7f257fff184ae8c.jpg,640,640
img5179171192974_jpg.rf.0b464a97e38dc87168e1c310f07609d9.jpg,640,640
img5179171192974_jpg.rf.1372421442736b664c4f731dda831e16.jpg,640,640
img5179171194753_jpg.rf.0913f6dcbbfcf01ad289cf07617de4c2.jpg,640,640
img5179171194753_jpg.rf.78eb4392a9f0d98c62d3e9929649144c.jpg,240,240
img5179171194753_jpg.rf.aca5513003006d3fa74194fc21a4c471.jpg,640,640
img5179171194753_jpg.rf.e8de41e51a0eeab48819e393588db8ca.jpg,640,640
img5179171196536_jpg.rf.29e0b2e7eaa24ab9addb0e442aa640a2.jpg,240,240
img517917119808_jpg.rf.481621645a5e7e8056f9bc2c6a750fd5.jpg,640,640
img5179171203674_jpg.rf.4e07720a5b1ae068c7f8cbe17e4502b0.jpg,240,240
img5179171210834_jpg.rf.8055a828b8111816f1fdb2d30ae31e3b.jpg,240,240
img5179171218204_jpg.rf.c14b325386d27f2e9f3adf9691b53e50.jpg,240,240
img5179171234512_jpg.rf.80420f645283070353d631e22cc5043a.jpg,240,240
img5179171236320_jpg.rf.c7b7a64b92a8cefc9e4b550b22ebbbf6.jpg,240,240
img5179171241879_jpg.rf.0ffbc0cb56a4327472d2f2d14bcd473d.jpg,240,240
img517917124366_jpg.rf.14f103f5a946aabe2884c1d0a3b50dfd.jpg,640,640
img517917124366_jpg.rf.67666ef44651ae9f9bf8bb22d2cd5eeb.jpg,240,240
img517917124366_jpg.rf.f9c61048a4a415e9e87231cb65960907.jpg,640,640
img5179171247414_jpg.rf.2acd9c020472cebc2105eb361bba1c02.jpg,240,240
img5179171247414_jpg.rf.e54d8bedbeebaa91db0c38b00a0c15ec.jpg,640,640
img5179171249228_jpg.rf.17992b297625c5d7a71f6d8cecf97809.jpg,640,640
img5179171249228_jpg.rf.1f6883ef8c172b9d69fa7de705f847f5.jpg,240,240
img5179171249228_jpg.rf.54728145c3b0b1bb758f8d20c0f1c02b.jpg,640,640
img5179171254678_jpg.rf.13b55d7ed2dfa8cda49b50f0c73947b3.jpg,640,640
img517917125509_jpg.rf.595ad132c75f837aac98c5a60f9107dd.jpg,640,640
img5179171256570_jpg.rf.e6929cdf465b7f57019a5c1a3b0a1e96.jpg,640,640
img5179171258390_jpg.rf.5570a3732527b19ee4b3f6bffba70a72.jpg,240,240
img517917127795_jpg.rf.ba391267bb2969b1f5633c63b2f16d5f.jpg,240,240
img517917128992_jpg.rf.0d70fb4282b1ec9598240dd865ac7fbf.jpg,640,640
img517917131297_jpg.rf.28d2fdf3c3efa77677bcac8f16a22b63.jpg,640,640
img517917132450_jpg.rf.17b825db9d092fe5ad4102b1bbbd8d5f.jpg,240,240
img517917132450_jpg.rf.f9566a803ba5edaaca00f2f7c9ecf0bb.jpg,640,640
img5179171335905_jpg.rf.945c549a9350c885ccad0b34b7b0b93c.jpg,240,240
img5179171335905_jpg.rf.d3c64a1747d89ebfd335be0afa3dfed5.jpg,640,640
img517917133603_jpg.rf.dabde125d2b2f91c2b30acd348143a54.jpg,640,640
img5179171337754_jpg.rf.a9c9090109b039cc5d031d932b205844.jpg,240,240
img517917134752_jpg.rf.7f07e4cef0e697b827311bcdb804b208.jpg,640,640
img5179171352641_jpg.rf.26d0d74b01ffeb50eb74da23c67abe22.jpg,240,240
img517917135909_jpg.rf.96fdb86829d7206e0afdbd59b209c080.jpg,640,640
img5179171363885_jpg.rf.6d1773c6a1bf7120d0064ba00dda19bb.jpg,640,640
img517917137065_jpg.rf.07c1631e53b50bb9d790cecf02f22aad.jpg,240,240
img517917137065_jpg.rf.2023fd89286a021ccba42b3718ebf641.jpg,640,640
img517917137065_jpg.rf.79c05265587199a88414183bc47d0eb5.jpg,640,640
img5179171371351_jpg.rf.5ff6b98ba6e30fa1ff7d6687c8862c05.jpg,640,640
img5179171371351_jpg.rf.de406a83edb675a9c34a62b47e46057d.jpg,640,640
img5179171373222_jpg.rf.cc59a0d21673eff0d7a29509ee1a12a7.jpg,240,240
img5179171377036_jpg.rf.26cbeaddcb656cd269be15d1df7dbf1d.jpg,240,240
img517917139378_jpg.rf.5a7ccdacfaa3f668be1c51cf0025502a.jpg,240,240
img5179171397776_jpg.rf.09cd3eadb0a74c149887677972636673.jpg,240,240
img5179171405306_jpg.rf.776b67e9fb7652d78d6571b351394e24.jpg,240,240
img5179171409167_jpg.rf.f831687058a3080a8017cc487d186aa0.jpg,640,640
img51791714122_jpg.rf.cf461e1f8be46dd95c2beacb0dae7c02.jpg,240,240
img5179171424368_jpg.rf.1a3676a23aafc0efb0e61a2d1f41007a.jpg,640,640
img5179171424368_jpg.rf.d9f0bd266409569f5ba9ced43f25c786.jpg,240,240
img5179171443408_jpg.rf.1e434d147abbf32f0ca86ce632a69ca0.jpg,640,640
img5179171447210_jpg.rf.74bda83a7a60097854b7dc23e0f4ad76.jpg,640,640
img5179171447210_jpg.rf.f0ed0026db9ed59361f98a7970a31b11.jpg,640,640
img517917145179_jpg.rf.6ab06b87b79f56280bf98cfd0de8603a.jpg,240,240
img517917148672_jpg.rf.1be90091eeb3e72b5dc7f25a2617dbd7.jpg,640,640
img5179171493356_jpg.rf.e66f0f05d33462cbf23d5fd0e9b0f1db.jpg,640,640
img5179171499216_jpg.rf.980c202bb80840e755734c201ca1db6e.jpg,640,640
img5179171504989_jpg.rf.4d4d79ecdf3d64ea3af719eb89dece0b.jpg,240,240
img5179171512935_jpg.rf.2b5914033be517b5abef39ca2f559921.jpg,640,640
img5179171514857_jpg.rf.1a4d512f9b1c199f76a9421b7b7af890.jpg,640,640
img5179171516782_jpg.rf.ca2d0e023b8fdd9de00194fe7fc97e9a.jpg,240,240
img5179171518705_jpg.rf.82b2b9cda22d44afdd59c431a5554f71.jpg,240,240
img5179171520632_jpg.rf.66d07adbf9a8c3900c46b46ffd96bc70.jpg,640,640
img5179171520632_jpg.rf.8fe80556f824fcd6b10a7be7048b8d5c.jpg,640,640
img5179171524486_jpg.rf.4c70942c01b4795a47fd45e89954c40b.jpg,240,240
img5179171532372_jpg.rf.c51d593e8acc45e50691415930ab5c83.jpg,240,240
img517917154507_jpg.rf.c8960604d052a360ddb35db71d06ca74.jpg,240,240
img5179171569559_jpg.rf.025149d96c729985c918ba2982b8df91.jpg,240,240
img517917168641_jpg.rf.b0b902cbce8e67a61a1c82b09bbad596.jpg,640,640
img517917171005_jpg.rf.499e4d901fd2efe501e66139a2999801.jpg,640,640
img517917171005_jpg.rf.709f939a8680140784a8dddf2e2ed0ce.jpg,240,240
img517917171005_jpg.rf.a50fae54ec52d91193227b4e3b9c04e1.jpg,640,640
img517917180502_jpg.rf.be02557c32a32a5a5d3dc0588b161b5d.jpg,240,240
img517917181694_jpg.rf.6570e4abb75c119f1c71ed600ce2dbfe.jpg,640,640
img517917190058_jpg.rf.aa42acf9a14dd20ec2ffc671b68bb8a0.jpg,240,240
img517917199664_jpg.rf.fc843facfc35839eb618cad8d737f00f.jpg,240,240
img517917200863_jpg.rf.3b43b4dc0ebaec6b69dac14c6ae9006a.jpg,240,240
img517917202062_jpg.rf.677f178ae5f30e788e6db66b8a5a0b99.jpg,240,240
img517917205667_jpg.rf.9ec61b64c17e74bbb152d6c4a0540dee.jpg,640,640
img517917212887_jpg.rf.09d29e508fc0ae863f1b53f0bf9f2bf6.jpg,240,240
img517917221334_jpg.rf.9cc945212a082422bc4acc12b5291576.jpg,240,240
img517917226175_jpg.rf.2bbaaff75425edc867b767e009c302dd.jpg,240,240
img51791723088_jpg.rf.68dd2e7064f5cea8e8dc2e796868464f.jpg,240,240
img517917240910_jpg.rf.6113878f135a5b9342d23022d556e9cf.jpg,240,240
img517917250801_jpg.rf.86ba71634fba09d138368d8afe48ff53.jpg,240,240
img517917258193_jpg.rf.e7c0b4d844cc0a6a4a86556226682d45.jpg,640,640
img517917273040_jpg.rf.77cace9465ad897389f228c3737e54f3.jpg,240,240
img517917274309_jpg.rf.6d2f51b3a93750994917904c0ddcf5cc.jpg,640,640
img517917279285_jpg.rf.cbeb89de1d7b034c5887adb4f3ef18cb.jpg,640,640
img517917286772_jpg.rf.58a1ce37d8b22725c1d230703ce49f13.jpg,240,240
img517917288022_jpg.rf.c45962c6f06e6fb6a98288c8380e1e7e.jpg,240,240
img517917290525_jpg.rf.ae44142bcba66e6c13a87fc985aacb18.jpg,640,640
img517917296790_jpg.rf.21adb9583625416faa96b0dba4cd75a5.jpg,240,240
img517917304335_jpg.rf.ac2283bcfd52e53447c1221df32ab6fc.jpg,240,240
img517917306850_jpg.rf.3585b145a2deb25d2cafb62184040b53.jpg,640,640
img517917310628_jpg.rf.884cc208ee414b5d3d537de2614325ad.jpg,640,640
img517917311890_jpg.rf.84b5a3f00b2e76371bab4cd47a70dfaa.jpg,640,640
img51791733711_jpg.rf.046839fb899a13e9769b833c6058a578.jpg,640,640
img517917339857_jpg.rf.a5a52dfe4838317a81482ed2c4024858.jpg,640,640
img517917347534_jpg.rf.5d5f3927ec2a1c6c9484d2de10562f60.jpg,240,240
img517917347534_jpg.rf.a42603aff2f530d56394293297d62649.jpg,640,640
img517917350100_jpg.rf.c3a6b7fbe6610a7e163c7583eacf2d81.jpg,240,240
img517917368343_jpg.rf.9645076a3660220bbae69a38ab674ac2.jpg,640,640
img517917393132_jpg.rf.3ea88028f14371dfee73420ad0a87f9d.jpg,640,640
img517917394444_jpg.rf.96de52fc93818444ac87b5014398f881.jpg,640,640
img517917395756_jpg.rf.5fef137c45fdea12c6d0438375f8c074.jpg,240,240
img517917397068_jpg.rf.e1994a4f7ca338c3b0f1997f753f68b0.jpg,240,240
img517917398380_jpg.rf.c0123dd9daa30136829d97a8edcb17b1.jpg,640,640
img517917402361_jpg.rf.e97efda3b83134d31b8e6cdfaeefe19b.jpg,640,640
img517917404993_jpg.rf.17e12de5c5333a7ede0782f4ab062108.jpg,640,640
img517917415751_jpg.rf.50dd1780fa7ff861870d0bed46b814ad.jpg,240,240
img517917418412_jpg.rf.15ebdc30d97a188ac16d1c1e56434b50.jpg,240,240
img517917429103_jpg.rf.2090b6e13f18add7a3ad7842bbc096f4.jpg,240,240
img517917435813_jpg.rf.726364d5b22a3568adebfa7f06377bdb.jpg,240,240
img517917442547_jpg.rf.41314048d5732db878dedec4f1cdc781.jpg,240,240
img517917446597_jpg.rf.24a28509295179cd10fcdd29325d56d0.jpg,640,640
img517917446597_jpg.rf.9c7a3d6d944a4e20077f99264901b9d8.jpg,640,640
img517917450656_jpg.rf.f1a695921ba61d93c6f5675158c4d94d.jpg,240,240
img517917452011_jpg.rf.9ffd1f87a3b7b84a377c6626c3585b22.jpg,240,240
img517917465607_jpg.rf.9d0bac14720e77b3ac471080a053a39f.jpg,640,640
img51791746580_jpg.rf.5528a5c8cbd4bd3f10ff1ca5dd0362d4.jpg,240,240
img517917467090_jpg.rf.4cbfad720f55c7034ca735a0db5b3c86.jpg,240,240
img5179174706_jpg.rf.cbe74487db7d15a6c742eacecb975e03.jpg,240,240
img517917497485_jpg.rf.5e2189392eab45c3c87f6febf1383f1e.jpg,640,640
img517917498870_jpg.rf.0bd60e95dc5876a81198de04c5bafc87.jpg,240,240
img517917503037_jpg.rf.e085186dc2bab842b04a6a888466505e.jpg,640,640
img517917504428_jpg.rf.a35bff1e261f8462ebacca3fd4001008.jpg,640,640
img517917505819_jpg.rf.82f18f0a325151600c9cbf27f76a023a.jpg,240,240
img517917525408_jpg.rf.129443f84c4074b0a1184a7dcf848f7c.jpg,640,640
img517917533858_jpg.rf.d5842d5365d89b43d8699cf391b817b4.jpg,240,240
img517917553695_jpg.rf.de3b637caa3ccbf1e5ddc3f5eccbcee9.jpg,640,640
img51791756323_jpg.rf.862cbf7e110c5c536062cf82ab0ff4d2.jpg,240,240
img517917566548_jpg.rf.6749f66bac5b5ac11ed922e50cc11420.jpg,640,640
img517917567978_jpg.rf.a9d191fea1e716ab1049ca98ee17533b.jpg,640,640
img517917572295_jpg.rf.968da1f789bf27556058f02fb0a36c80.jpg,640,640
img517917573730_jpg.rf.c702bbd4536d6130dbeb0c7b331ba2f8.jpg,640,640
img517917576604_jpg.rf.79eeb66998142aad68d27e075d78e9cf.jpg,640,640
img517917578044_jpg.rf.d4531dd6b506ccbe15ebac54595f34bd.jpg,640,640
img517917601190_jpg.rf.a3396fd45e37f3510bd54463eff0e36e.jpg,640,640
img517917608587_jpg.rf.6d45e12c9383b2a18cf7ab8fb414fd38.jpg,640,640
img517917623370_jpg.rf.a3c3788be3c7b87c72d1252cbc67aa98.jpg,240,240
img517917626336_jpg.rf.1626506a18d8ea2caec83070ecf5eb08.jpg,640,640
img517917627819_jpg.rf.58793cc2b46aea1909dc68a352bf6c0d.jpg,640,640
img51791762860_jpg.rf.1c41718ca960ae155454977ea911a0c0.jpg,240,240
img517917630789_jpg.rf.4c217abc9911fe19ad0495b6782ed983.jpg,640,640
img517917632277_jpg.rf.718c12d988dd2a62b9dc44894b5ff308.jpg,240,240
img517917635253_jpg.rf.556a35464a8fed09125345268c4f2971.jpg,640,640
img517917636741_jpg.rf.8254139a079cd8124c63eb27636167e4.jpg,640,640
img517917638229_jpg.rf.87d1c90908f93bdce1702235f4615f9d.jpg,240,240
img51791763952_jpg.rf.ff44a49fd1e442ebb6af9cc4e73d3576.jpg,240,240
img517917639722_jpg.rf.842d049a18269e85ce7a7e618d60edc5.jpg,640,640
img517917639722_jpg.rf.d172df17c4ee1204bd9e2da9d4b5e338.jpg,240,240
img517917644201_jpg.rf.707f431fa32fc8849313aae75b5bebad.jpg,240,240
img517917644201_jpg.rf.99824c2c93c3bd44b254900af546af8c.jpg,640,640
img517917647193_jpg.rf.ee8ccb4065787b8a0736b9a78f926978.jpg,240,240
img517917650183_jpg.rf.14107b53edd402bbcf1710417046378b.jpg,640,640
img517917650183_jpg.rf.2fa0a09dde6eda3a6bb3657c71af9708.jpg,640,640
img517917653172_jpg.rf.ff9387e848c618c32b9b294d2e41a057.jpg,640,640
img517917654669_jpg.rf.33250226d9cb7d9d24a8d061fcc684b2.jpg,640,640
img517917654669_jpg.rf.800c32ebd365f6c0fc461068eed6d023.jpg,240,240
img517917657661_jpg.rf.35a8eca26578579e051b02f9d0bf7e52.jpg,240,240
img517917659157_jpg.rf.ed807428622458782eddd6263cd9be55.jpg,240,240
img517917660653_jpg.rf.c10cc21b8bac43612bfe122c565b1e29.jpg,640,640
img517917663649_jpg.rf.d9473c047287abe9355e5e0873748568.jpg,240,240
img517917669706_jpg.rf.51e0b689e89f1f5abb2b98cf35bcad8d.jpg,640,640
img517917677221_jpg.rf.44e73b800427e1131a90de83512cb3e4.jpg,240,240
img517917677221_jpg.rf.b17baa054c951e13f3b2a1af80da67e8.jpg,640,640
img517917678728_jpg.rf.928412b888352d36ffc46a4f560ddbdf.jpg,640,640
img51791768329_jpg.rf.dba04dab81626e1ced90580c5e011ba5.jpg,240,240
img517917684755_jpg.rf.d1db70aea17fd7b99055f93947db9ae2.jpg,240,240
img517917686261_jpg.rf.91678d2863aeb3ea78548d5ac7339883.jpg,640,640
img517917693814_jpg.rf.f3eed8553ec1570cebe5e6389fae9e21.jpg,640,640
img517917696843_jpg.rf.3f1f1c0e5439780e1eac9bddf3f28bd4.jpg,640,640
img517917696843_jpg.rf.48bb086e0307ee03e6a407310b08ca0f.jpg,640,640
img517917701385_jpg.rf.b78a84ab622b02de6560b3d1149fa613.jpg,240,240
img517917702903_jpg.rf.fe702b044e0344e10d5330a9625d51b1.jpg,640,640
img517917704421_jpg.rf.9211f6508af3c8bb25030b8b4b9efb37.jpg,640,640
img517917710512_jpg.rf.2b9bfd11ca7f70ec6e3f332805dfea88.jpg,640,640
img517917712042_jpg.rf.406d3635afceea41e0f670b60b7d2069.jpg,640,640
img517917713572_jpg.rf.851ae6ff55771e4f493640322a04a10c.jpg,640,640
img517917715102_jpg.rf.05c5ba3d997709b700882729146dfa1f.jpg,640,640
img517917718162_jpg.rf.087ec9c524ca47d503609d6281228a8d.jpg,640,640
img517917718162_jpg.rf.4f502fea24fdb154b6da526bd3680553.jpg,640,640
img517917719696_jpg.rf.1adccb99c5835f61e11b9bd70d780884.jpg,640,640
img517917724298_jpg.rf.1cdd8ab738cb41821b9e3d9fe69b4ca6.jpg,640,640
img517917725832_jpg.rf.c7e908cc19a101c3724fddb8f94d284e.jpg,240,240
img51791772721_jpg.rf.b3b3f7c3c68950e0707ab7073b37c2e2.jpg,640,640
img517917727369_jpg.rf.1ccb629aada45f8e8eb064df74ead355.jpg,640,640
img517917727369_jpg.rf.bcd8bcc9e4f199966009382add6d3102.jpg,640,640
img517917728906_jpg.rf.f9dc1184eee58dffed9be6cfb9acede5.jpg,240,240
img517917733519_jpg.rf.8537f154407260a034ea190d6995ce89.jpg,640,640
img517917735056_jpg.rf.c559f4d1d2bfdc0388652fe753fe6ac0.jpg,240,240
img517917742760_jpg.rf.2ca2529354522594fbf44fcb7d6819c6.jpg,240,240
img517917742760_jpg.rf.feb691d9455974dd511fb74c0c203f9c.jpg,640,640
img517917744418_jpg.rf.61f6723c0c01a6d49618aa631c9887f7.jpg,640,640
img517917755282_jpg.rf.f8fe942c4404dc780dfe93e91f035d0e.jpg,240,240
img517917756884_jpg.rf.a89e5c2a31afc9c2080886a6d005dd4a.jpg,640,640
img517917758437_jpg.rf.62a6184eb8973879a03c5696dd1e825b.jpg,240,240
img51791777128_jpg.rf.693bfc01361bfacd1a37514a7e58d80c.jpg,240,240
img51791784876_jpg.rf.9b63c377556d4e5a0fd3cda8c682c153.jpg,240,240
img51791785985_jpg.rf.01025714d43623c101614dd7a48cbced.jpg,640,640
img517917867182_jpg.rf.79018be275b13555f96814ad4615124b.jpg,640,640
img517917868783_jpg.rf.258393756f08815eb2e2eb408be2592a.jpg,640,640
img517917868783_jpg.rf.cb17e4231c2250624add98c7ea1e8a17.jpg,240,240
img51791787099_jpg.rf.0bad6e7c27181800faf85e9364e95ddb.jpg,240,240
img517917871993_jpg.rf.7309c98318b2f9343887a02ba665a74b.jpg,640,640
img517917873598_jpg.rf.ad4381d7b9d4cda52004ce25d0cfed01.jpg,640,640
img517917876808_jpg.rf.c74a97916215d83abf29af7710fab8ed.jpg,240,240
img5179178874_jpg.rf.9f7bf02a7ed8f2e605fcd00efd9a3c53.jpg,240,240
img51791798259_jpg.rf.52dbb5813e45febc7362b0f4826b955d.jpg,240,240
img517917993804_jpg.rf.74d112881b67079766133543a7df1d29.jpg,240,240
img517917998835_jpg.rf.30c2c7bcad6c15f4057ec85f11ecbc64.jpg,240,240
img521878106706_jpg.rf.e796bed3afb27f70bfb1e9f8cba4ccf3.jpg,640,640
img521878113533_jpg.rf.59e0f6b1f9303fa1a57b06821fa83d1a.jpg,240,240
img521878116962_jpg.rf.db62a529dd35e9b7a4b6d0e859e092db.jpg,640,640
img521878120391_jpg.rf.6164b0df82dd36f2f6904d43cbcce52f.jpg,240,240
img521878123822_jpg.rf.847ad9abbe1d3957728b97764aefc406.jpg,240,240
img521878126130_jpg.rf.557682802a91720e645ce4e30470f67c.jpg,640,640
img521878127276_jpg.rf.5f5d4768976f7b46fcab93a77a70c9bf.jpg,240,240
img521878128422_jpg.rf.940386659d07bbbaf1ae1f172829b85b.jpg,640,640
img521878129571_jpg.rf.8f1026c810f359544b260c6da8fc9d29.jpg,640,640
img521878129571_jpg.rf.d6fd5b63a58455441bbf49f6b2013512.jpg,640,640
img521878141134_jpg.rf.2492e4f747f5cdc0ff2f6af9f3e9cd84.jpg,240,240
img521878144634_jpg.rf.9b913e106869daa8554a54fa0dd89a74.jpg,240,240
img521878158662_jpg.rf.f5e645a233c9540f353ac40b393c5463.jpg,240,240
img521878177731_jpg.rf.fe06a9e8e1abfe007502b52530063f45.jpg,240,240
img521878190928_jpg.rf.ea5920f5358a5c29e5971cece8b6e937.jpg,240,240
img521878192129_jpg.rf.96eb9099aaf35583fb9f042600b67c94.jpg,240,240
img521878193336_jpg.rf.f26cecd37aaa0c037d34eb53f9134ae2.jpg,640,640
img521878221155_jpg.rf.035b2a0dc7ee614870bb8bfefcdfcf7a.jpg,240,240
img521878259221_jpg.rf.e7eeb5527871a42bc9e4dedf37829b2c.jpg,240,240
img521878265414_jpg.rf.4252e69bf83e3c37bd4f53c7b7a58b13.jpg,240,240
img52187828151_jpg.rf.594272da63fd1aeca51226196cdc58d3.jpg,240,240
img52187829220_jpg.rf.04807f4560d0090876705a5d42005cdd.jpg,240,240
img52187831373_jpg.rf.355014897fa0f97f9835f56327c0473f.jpg,240,240
img521878397376_jpg.rf.8a2221938bb762b204a1c65ffdea4de9.jpg,240,240
img521878401321_jpg.rf.e93d925da40279b27df0e4aa6ea45654.jpg,240,240
img521878408236_jpg.rf.8ee4d5d30f0cdaeb7f0dc646651ddacc.jpg,240,240
img521878409568_jpg.rf.b770f3a7ad8e58deb8965a7c7b38c088.jpg,240,240
img521878429663_jpg.rf.8e11fa5a2865b875efd0ce7673aedad8.jpg,240,240
img521878451320_jpg.rf.2cd6ab3838b3d807dc8bb20f1e2ba420.jpg,240,240
img521878454038_jpg.rf.a30c2418cd6d691d81e4585f6f539d81.jpg,240,240
img521878455497_jpg.rf.6672724ccf9c8ac0f688c4adabd98716.jpg,240,240
img521878488720_jpg.rf.a0c89eeeef73aa951af5c627d441ba32.jpg,640,640
img521878492874_jpg.rf.b2ab7f1919c5429e5a8c49780e54dcd3.jpg,240,240
img521878502600_jpg.rf.81989eb74536e456a1db46a156e26243.jpg,240,240
img521878519518_jpg.rf.55324f236f585ec58dc8ac32becdc4b7.jpg,240,240
img521878532300_jpg.rf.53098f1543bb6101d4a06e73d19b7c63.jpg,240,240
img521878533716_jpg.rf.1232d0b3a203a8c2cb50b2605f55245f.jpg,640,640
img521878542316_jpg.rf.3247fa8593e70ced7bb856ee4a63aa22.jpg,240,240
img521878542316_jpg.rf.7adf28a34981dc1c348d959a80280029.jpg,640,640
img521878549421_jpg.rf.7c7fd9e91177c35a17d9eef5d4692ffc.jpg,240,240
img521878563757_jpg.rf.8f14e7d241aec9e3bd29678e82e3fe67.jpg,240,240
img521878572360_jpg.rf.02106e09883a91e7f3e9f3bb18e5554f.jpg,240,240
img521878580995_jpg.rf.967f410285a2557b3c7f91a9b1647bae.jpg,240,240
img521878586788_jpg.rf.9ea7dd5105cd78c4bafeca4ff670e490.jpg,240,240
img521878598419_jpg.rf.036b27e3b876e45de6b8673e0a103744.jpg,240,240
img521878610099_jpg.rf.3b332c6ca762af461347afebcc478841.jpg,240,240
img521878614483_jpg.rf.b975ebecefc3e5b1dc6b7ee5d7c827d0.jpg,240,240
img521878630629_jpg.rf.29a0f228a14f9b08d3ab9a23a6921e65.jpg,240,240
img521878671112_jpg.rf.b850652609e41a8120dbb92c47b49aa3.jpg,240,240
img52187892039_jpg.rf.5e9c309c3153ee4b2a61c3e61834a718.jpg,640,640
img5479104715_jpg.rf.f4c394b63f004bf7dc76d4b8947fc433.jpg,240,240
img600089103609_jpg.rf.c85eac07fab417db5bbeccfad548fd95.jpg,240,240
img600089109275_jpg.rf.fc676dfe4f449adb14a3ddf3d80c4e18.jpg,240,240
img600089116106_jpg.rf.5dcc6af8f634fca9fd42060543b75495.jpg,240,240
img600089118393_jpg.rf.7baf745cd024a66f002bda6cae01c49e.jpg,240,240
img600089124124_jpg.rf.0ce0a8427360fa4df3ca2e98bf789c83.jpg,240,240
img600089144959_jpg.rf.f204825ba37d2013a10ed57eef1f896e.jpg,240,240
img600089148463_jpg.rf.2cbf9a9576b606d34f0cc405e4dbd0c9.jpg,240,240
img600089155487_jpg.rf.9368af97785f4c57ecad771e4e9b7f23.jpg,240,240
img600089157837_jpg.rf.518c1bcfee6ae654d1fc0537279b4473.jpg,240,240
img6000891657_jpg.rf.a9c23a3e6c064c85c3a058ce38739e8d.jpg,240,240
img600089179175_jpg.rf.cb93222c5f6eca51c201262a57ad5b20.jpg,240,240
img600089189967_jpg.rf.fbd2257f504ef83d8df353ef186601d8.jpg,240,240
img600089208263_jpg.rf.ff00ba66976fb4e8f58c0314d0ad0015.jpg,240,240
img600089224093_jpg.rf.33f6be729c375403455a928bbd38c372.jpg,240,240
img600089225315_jpg.rf.2d026d32679619710abfc38258571379.jpg,240,240
img600089226537_jpg.rf.3f154b54b9ebcd14ad66016e2cd19b66.jpg,240,240
img600089277112_jpg.rf.3323de53770e59816fac12b9d08b75bc.jpg,240,240
img600089280859_jpg.rf.4bee98df8456c11da74de6584e55ce5c.jpg,240,240
img600089282108_jpg.rf.8db8e71856b6686bacc18cb11178ca5f.jpg,240,240
img600089285860_jpg.rf.f8b684add654095dd18832e44cb48865.jpg,240,240
img600089287113_jpg.rf.47f4367bbd10e1a5d605c7be0886b97b.jpg,240,240
img600089288368_jpg.rf.572be49ea7e8b1df8e6506a148a8eccf.jpg,240,240
img600089289619_jpg.rf.129ccbd65e42bc27d2ef6425a214c58f.jpg,240,240
img600089294642_jpg.rf.c5e12d0c39f692dc1108371647e84804.jpg,240,240
img600089322707_jpg.rf.c9ca55d96bf374cc31c88f72a2de2718.jpg,240,240
img600089325258_jpg.rf.c3f249ec334470e7ce886f6f891b43bb.jpg,240,240
img600089326533_jpg.rf.18a2213778fcc3ca4f5f14a40f0fb7fe.jpg,240,240
img600089329087_jpg.rf.ee915eaa0772c4b4a06289dfab78e8ae.jpg,240,240
img600089331639_jpg.rf.ffb6cca8ddffe39a4484a8f2cb1eea32.jpg,240,240
img60008946760_jpg.rf.7f18470228b0c29818bca1960bcd16db.jpg,240,240
img60008951112_jpg.rf.5b3340de9f8da936d30661ac6ebddda8.jpg,240,240
img60008952205_jpg.rf.986cb37f3bdec6406fa46c57d6244c6f.jpg,240,240
img60008958773_jpg.rf.43d6ceeac13dbcec9831149386759488.jpg,240,240
img60008962072_jpg.rf.c32e54ff300bb8906bb3c51aa6fa07de.jpg,240,240
img60008963171_jpg.rf.4aa911c9c4b1ef8870dea11e8afe74b3.jpg,240,240
img60008964274_jpg.rf.ca260b32b2f9422f4e5a73409db08e81.jpg,240,240
img60008973122_jpg.rf.e90a33b04c4d0ab3f06996707bd83191.jpg,240,240
img60008990055_jpg.rf.ebfb6aceb7a6b90ced87da8e526d46f8.jpg,240,240
img60008991177_jpg.rf.cae89886a75a01e71c1e520f1891703c.jpg,240,240
img60008995682_jpg.rf.5d135e77cc775c5ca7e2f7a87b2737c9.jpg,240,240
img60008996810_jpg.rf.154d2346eec4240a966249dbab3e2c1e.jpg,240,240
img60008997958_jpg.rf.ce22278e245e224d86dcb227f8b88d64.jpg,240,240
img60008999083_jpg.rf.faae93820f3b57ae6fcd3e7db943bc77.jpg,240,240
img656796272391_jpg.rf.2c879c820e469beceee0a5ae7a56ebe0.jpg,240,240
img656796274901_jpg.rf.126b3dea0adf796cd12b09c08d2a8d77.jpg,240,240
img656796276143_jpg.rf.6e3484696876f823e459a12608e173c6.jpg,240,240
img656796283642_jpg.rf.04d4cbdc8eea77c9b8927bd7f76df99c.jpg,240,240
img656796308887_jpg.rf.3b4106a760c8f7b94b6f490e5d8697de.jpg,240,240
img656796316515_jpg.rf.4434102c3f06d943454210b85fc7a304.jpg,240,240
img656796335905_jpg.rf.9860b07dd8c9d374c8f01c0f957b63c1.jpg,240,240
img656796342353_jpg.rf.b84cb99b038ac9dc2f42e742575cb871.jpg,240,240
img656796350117_jpg.rf.d1a5229793f0bac3caa451eceeef0843.jpg,240,240
img656796377468_jpg.rf.364aa3bf9adc60aa7b7c4d24fd7cebc7.jpg,240,240
img656796384027_jpg.rf.2d595008cfb327f654df1e803a52b784.jpg,240,240
img656796414549_jpg.rf.da9b0364087dc43d8a18c463cba0aa97.jpg,240,240
img656796473152_jpg.rf.1fd5a5bbbace54e270333543e8ca0db3.jpg,240,240
img656796489737_jpg.rf.ed7d46ef7ff7f282a9d0742a279c4737.jpg,240,240
img65679649393_jpg.rf.bc4ecda830384ef7723cce4b0bcb376d.jpg,240,240
img656796498092_jpg.rf.c0de136d555265963ea25b71634af0fb.jpg,240,240
img656796517686_jpg.rf.2d19643464c1d0be3305321ea9c2cd62.jpg,240,240
img65679658050_jpg.rf.d782844c63add8db1b846fc832230b6e.jpg,240,240
img65679667851_jpg.rf.0aebda84f40cefae88eb6664cfee5848.jpg,240,240
img757194129105_jpg.rf.25258630579229b23adab7a37aea9e84.jpg,240,240
img757194131664_jpg.rf.635a764c31c90d6b95b23b0ffbb83ed9.jpg,240,240
img757194132948_jpg.rf.e421865ab54ee30cfd8492557278e3b8.jpg,240,240
img757194134240_jpg.rf.6b060480c0646e8848a9511561dcd6d9.jpg,240,240
img757194259498_jpg.rf.5e2fb449639ad8b6cd875d4b42823e34.jpg,240,240
img757194277082_jpg.rf.28179b4d0856d6afed0594ba671571cf.jpg,240,240
img75719430617_jpg.rf.07eac9d9089850c5a1c34724f9a0f529.jpg,240,240
img757194325174_jpg.rf.0cb2faf2457499a2b6d7a30b71e2110d.jpg,240,240
img757194328236_jpg.rf.f3c4df6ebc1ea8ff1ae38e0e6ad2961a.jpg,240,240
img75719432885_jpg.rf.fa85b7ce22ffa80d0bf533469bf49dba.jpg,240,240
img757194340545_jpg.rf.f023999adf64d4c008ce2831439583e9.jpg,240,240
img75719435144_jpg.rf.d4652e00ab3d2f6cbfd5875f46bcc342.jpg,240,240
img757194353098_jpg.rf.0b23f79b27c04858e84b6b91bea9e5de.jpg,240,240
img757194364092_jpg.rf.8950408ea6126e55ed148d89c6dba416.jpg,240,240
img757194373641_jpg.rf.d6c793d9482c44e99156876a5697f8c4.jpg,240,240
img757194402427_jpg.rf.0c0620411bcfe9ed959a8ed9ebecfc34.jpg,240,240
img757194456612_jpg.rf.9d240a556b28bc022fef6e2d34145aa6.jpg,240,240
img757194473377_jpg.rf.6f213218c55840d2db2762b1b900cced.jpg,240,240
img757194566616_jpg.rf.0488f32391aabb052cd99ca64e228daa.jpg,240,240
img75719461912_jpg.rf.12b872f722296d102ba6813824adb643.jpg,240,240
img75719467842_jpg.rf.e4032e3cb28cc1ff120e7ca108e5b2fb.jpg,240,240
img75719469065_jpg.rf.bc9d9722f1f01a35e4c8a2e88c57e4fd.jpg,240,240
img77869810600_jpg.rf.0384b905626be467e98734e3b25fc1fe.jpg,240,240
img77869816119_jpg.rf.8c05ad2a0d8a49a2fc68043ea677a7b5.jpg,240,240
img7786981897_jpg.rf.1d50c37eff5613691c3da7106588e0ca.jpg,240,240
img77869830019_jpg.rf.506cbc1f4549dcc8dd70acd5196f07af.jpg,240,240
img77869837984_jpg.rf.e8d5ea3bef899937dcc58c0ecab08835.jpg,240,240
img77869839128_jpg.rf.c451f5a3013d74e076d44f0f67e6d2db.jpg,240,240
img77869842569_jpg.rf.9f7340261730c9782698ed0bfa2e48a3.jpg,240,240
img77869849494_jpg.rf.c662066c63745a8a2199fd080f0a2f24.jpg,240,240
img7786989507_jpg.rf.2e4e02c2c353e10c4e07680ca33ec7e6.jpg,240,240
img78528100738_jpg.rf.2d60946857da02079913e5b61b13db04.jpg,240,240
img78528115410_jpg.rf.5cc48a475add4fa39f9960463d43a8fe.jpg,240,240
img785281184851_jpg.rf.d67e7fe21251d21bbf121336b317e577.jpg,240,240
img785281186648_jpg.rf.a9c09bbd0bd12330b10ba54bd5ea395e.jpg,240,240
img785281224548_jpg.rf.d7553780b11fd76758052604cc474530.jpg,240,240
img785281229973_jpg.rf.9532f1849625c74108bf567e56a3788d.jpg,240,240
img785281231784_jpg.rf.25283d2edf02fac8ef637b246fce339f.jpg,240,240
img785281239031_jpg.rf.f213aa7361c21d6c682abee67cab4e35.jpg,240,240
img785281240845_jpg.rf.e31f2c1d1fe08ad2dca7ca3e1685e31c.jpg,240,240
img785281242660_jpg.rf.5da4b8b134f39471e7b23ec42183245d.jpg,240,240
img78528124517_jpg.rf.d1d2f4d919edb539a17d910bb2b488fe.jpg,240,240
img785281275680_jpg.rf.13c76a3b3daa6e28fa6fdbf63d0c8216.jpg,240,240
img785281279338_jpg.rf.dcf99d45d412f95211dd7a78514b7c6d.jpg,240,240
img78528130240_jpg.rf.cf51ac687d203ca1fb4bb0174b3023e3.jpg,240,240
img78528137134_jpg.rf.a73c80f1d9bc34754a51998c73d3e938.jpg,240,240
img78528140704_jpg.rf.c550337e98a6e3034d9a6b1f194af55d.jpg,240,240
img785281430391_jpg.rf.30b01f99ec6529f9a281ac47af8b6695.jpg,240,240
img785281457181_jpg.rf.a5d64d9240a50fca0cacb5d5d26e5586.jpg,240,240
img785281484084_jpg.rf.087067fe3e980341645c447baaaecf4e.jpg,240,240
img785281556531_jpg.rf.88a8d39165ad9684f1fd21316fcf94a6.jpg,240,240
img785281558482_jpg.rf.ee65728d8419da77d27c84645c125262.jpg,240,240
img785281560433_jpg.rf.5ed9c81934510c2d2c905089687794fd.jpg,240,240
img78528157082_jpg.rf.411a3a953ed42e71c768fefc7ed27930.jpg,240,240
img785281576122_jpg.rf.760e46983efd6b0733cf140749fcd3e6.jpg,240,240
img785281578083_jpg.rf.a1f512582fac0c104445273444ebd768.jpg,240,240
img785281611774_jpg.rf.bba9f0fac28c8ad2cd5ad67902b2f4fe.jpg,240,240
img785281615741_jpg.rf.48790b219062327f84d97b702c518960.jpg,240,240
img785281631654_jpg.rf.2a8c39ac02c3e458a305ca6469e6e598.jpg,240,240
img785281641646_jpg.rf.b562ad61bec57272f0500990951a0b8d.jpg,240,240
img785281643642_jpg.rf.bf86c76f98cff84b65626e37aee37f85.jpg,240,240
img785281653642_jpg.rf.382a3d5b43db2e65717190541dfd23bc.jpg,240,240
img785281659760_jpg.rf.098be806e15819a757d3260740208733.jpg,240,240
img785281724501_jpg.rf.69efccf5eedfb24f50971d78625e35ee.jpg,240,240
img785281728570_jpg.rf.12d8c2fd87a1c8987412c772e54bec6f.jpg,240,240
img785281734684_jpg.rf.6b9002b0d851d1943ac75d349191e084.jpg,240,240
img785281744877_jpg.rf.a72bc37c3371b757e059ed7b1203b02b.jpg,240,240
img785281759191_jpg.rf.6de44948614330085dec64c1f083ea89.jpg,240,240
img785281761240_jpg.rf.6db6b1fea31335da135a7e193d9235f4.jpg,240,240
img785281763288_jpg.rf.805c2d12515498433835d97a21cf78a8.jpg,240,240
img785281769447_jpg.rf.8ec337c9329fe7402c7b0cb61a872ccd.jpg,240,240
img785281779721_jpg.rf.218333805d7184af1bdd0312aba4d388.jpg,240,240
img785281802407_jpg.rf.19dc1fef89e106cee3bfc3333f5bef66.jpg,240,240
img785281865657_jpg.rf.48f4175b85ac0e02a9db0bc5d441a4b6.jpg,240,240
img785281880527_jpg.rf.f181453bf725c27ea900c3d0429bf437.jpg,240,240
img785281884771_jpg.rf.24d2ba37dcf2548c8f5a4cbf32277068.jpg,240,240
img785281891144_jpg.rf.0a44899e3b51cc98e07c69b029e41143.jpg,240,240
img785281893268_jpg.rf.121efb655f3863ab29fcac71d6c5d4ac.jpg,240,240
img785281899645_jpg.rf.378ea8c4108da0c0035c76bd8fb3ad3b.jpg,240,240
img785281912434_jpg.rf.2609eae7bdf3f2d755b104adc7214b0b.jpg,240,240
img785281914566_jpg.rf.5e2c67e76ce6475f9d2e43e33fdc0c8a.jpg,240,240
img785281918830_jpg.rf.7500250b4c5c7c5654f26b67fe3ce79a.jpg,240,240
img785281920962_jpg.rf.20ee97d38ec510fce370b99b39b32dc8.jpg,240,240
img785281925234_jpg.rf.08c7527aa708a1599883a2795f72f70d.jpg,240,240
img785281953045_jpg.rf.b85c16384c9a2d64fc9879b1753c20ff.jpg,240,240
img785281955188_jpg.rf.dcf9387e90542b264e6932a43f6153a2.jpg,240,240
img785281968073_jpg.rf.bea6838e8405c0d7aa03bd9f73e5488a.jpg,240,240
img785281972394_jpg.rf.4b0a02402b0ab7784e9d3b6761a97a38.jpg,240,240
img785281980999_jpg.rf.e3318e445eacf64bb3c00b38c802c204.jpg,240,240
img785281994081_jpg.rf.30e1516c040df9361a5c24190cbe3d73.jpg,240,240
img785281996238_jpg.rf.0c081ac279d5b8ae89c9113046af282e.jpg,240,240
img785282004907_jpg.rf.2dea71c8ee36dc10c09c61b2622a60d8.jpg,240,240
img785282015868_jpg.rf.ede9047d19bb2cdb199b55ddb3f60352.jpg,240,240
img785282020210_jpg.rf.26d0050370d432d0199dcfd9ec30829d.jpg,240,240
img785282037718_jpg.rf.834609bc55ca3acf4dc6415099386814.jpg,240,240
img785282039892_jpg.rf.93104e978475c8ac4c74800f4ca29373.jpg,240,240
img785282055151_jpg.rf.d7631d31d58eef3fcd44909df964c18f.jpg,240,240
img78528207251_jpg.rf.0472cd49f962be3fa0a821b04ba241d2.jpg,240,240
img785282118954_jpg.rf.f659dbe98e7f74f66c226acaef55c5dd.jpg,240,240
img785282121154_jpg.rf.523b75f257c1d4d2840693ab9b9648f6.jpg,240,240
img785282123354_jpg.rf.de6d49d1e165cb929a422d34bdfde83a.jpg,240,240
img785282138806_jpg.rf.078b23f04afb515eda5c787af3d6d3c5.jpg,240,240
img785282141010_jpg.rf.a6d6bee8612ee8f458da99d26c88d302.jpg,240,240
img785282154297_jpg.rf.2454ee446b06ca5b80a44f46d7e08795.jpg,240,240
img785282156544_jpg.rf.318545297e7b70fb6c39a50a1d6ec1ca.jpg,240,240
img785282163177_jpg.rf.1a3b5fd19b4add03849d52d4f5875c52.jpg,240,240
img785282165388_jpg.rf.8c60aa1f7e483204041ca31e31ae1270.jpg,240,240
img785282169857_jpg.rf.30b47e61841aecf12525d11ade944617.jpg,240,240
img785282189853_jpg.rf.4293df50fa0936617c762913d8bb82a0.jpg,240,240
img785282216690_jpg.rf.4d11452d0ddc17c79059dde83f6bb28d.jpg,240,240
img785282227985_jpg.rf.c39f95caa3cc36be8a460e42dfc47e06.jpg,240,240
img78528222938_jpg.rf.e9b26211b46a84d7ddd4e26c2742f7ff.jpg,240,240
img785282232459_jpg.rf.af679fe4c1c1501e81c495ea65217056.jpg,240,240
img785282245926_jpg.rf.28a836b7824a3875d3a2956c6589076f.jpg,240,240
img785282264279_jpg.rf.d6393b70adb72b1a83bc3887f9b902bb.jpg,240,240
img785282277863_jpg.rf.418db7d9d30a6ef792765f2c6cecbdf1.jpg,240,240
img785282286917_jpg.rf.750bc084089baca2bd1caa8ebb1bfcf6.jpg,240,240
img785282307348_jpg.rf.157d4e35efb6dbf1e6a9e91fa36bff8b.jpg,240,240
img78528231435_jpg.rf.3e587862c2a003139a31278f60928ca3.jpg,240,240
img785282330156_jpg.rf.f9901a603a4645ea08255afda5aa9f4c.jpg,240,240
img785282337001_jpg.rf.c1f968fd158f51822a0fa64527aa8d48.jpg,240,240
img785282341573_jpg.rf.7c84ace848c48aa68492a00cb8937d32.jpg,240,240
img785282343940_jpg.rf.5765cd517dbce6fcdc8317c196f21589.jpg,240,240
img78528235086_jpg.rf.0f8ae3c28acef46693f9277cd1267697.jpg,240,240
img78528238746_jpg.rf.c0a12bc51d6b6c87fa224a329389076e.jpg,240,240
img785282399311_jpg.rf.94a344749a28fb894f9d1b1b5c47756e.jpg,240,240
img785282408583_jpg.rf.39f84fd9d1d08f57d2279c050ef6b475.jpg,240,240
img785282422522_jpg.rf.2c1dd5604c245166b5f2564e3b4d1be5.jpg,240,240
img785282427160_jpg.rf.b33ce67a38e67d4c7e4d333f93210c09.jpg,240,240
img785282448478_jpg.rf.2169f35796326097010f00069981b7e0.jpg,240,240
img785282450810_jpg.rf.f5d10f52d24df905e0112c23b78c20aa.jpg,240,240
img785282457808_jpg.rf.ea915c858dd6b65b733302f98ddfe1f2.jpg,240,240
img785282471884_jpg.rf.8bd39836ad8f9c8c5d987af63f292e69.jpg,240,240
img785282481293_jpg.rf.64d1021d40e8e370acb9693f08f2b25f.jpg,240,240
img785282483635_jpg.rf.12f4f8bc25457c5a765dad0a1cd9325d.jpg,240,240
img785282488329_jpg.rf.56219dd9d34271bf529c26a04444b06d.jpg,240,240
img785282523758_jpg.rf.7ad27c031f4679a0d10f5b573f4994a7.jpg,240,240
img785282533240_jpg.rf.f6198109307f7ed1cac9c2c20071bfc9.jpg,240,240
img78528253595-_jpg.rf.6ccbc4e8a0612d2442642292423ac059.jpg,240,240
img785282554570_jpg.rf.eae0460cb72be7c6a5017bbe1f9dfb8f.jpg,240,240
img785282568863_jpg.rf.dbb5746d1b44642542762a8b1176acd7.jpg,240,240
img785282587975_jpg.rf.54c3dd9799634d6d7f68ec91bd1051c2.jpg,240,240
img785282592787_jpg.rf.0b8d3d546bf841f52ad717e109185386.jpg,240,240
img785282604749_jpg.rf.084fde4ac9ce9271f42d0c2c7ccd34fc.jpg,240,240
img785282609529_jpg.rf.0ff45e4a5e129a12a0deddc9374469f1.jpg,240,240
img785282643158_jpg.rf.4e7f8cbfefdcd8e50a2600909d1a3e9f.jpg,240,240
img785282655219_jpg.rf.d8fed355764c556051dc7e2901302275.jpg,240,240
img785282669837_jpg.rf.9acb7c6e8bb9f1294a37ae0931d23886.jpg,240,240
img785282677130_jpg.rf.646ae05fb27269c4a502904a37d29fab.jpg,240,240
img785282684587_jpg.rf.00ff6a14ed61fb48256d49efa0ef2db9.jpg,240,240
img785282689449_jpg.rf.bd5ec3f8d99164a5cef96a6b9d3415fc.jpg,240,240
img785282706644_jpg.rf.bb9cac780c2b5d0b667f08a1882d1c81.jpg,240,240
img78528270987_jpg.rf.fa1d1d8ff53286ad1795d07a45621afa.jpg,240,240
img785282716440_jpg.rf.15a537383f320289a5449e659dba7115.jpg,240,240
img785282721326_jpg.rf.a882d20d9f31b217dbb892f2897f216b.jpg,240,240
img785282723769_jpg.rf.dd97280a7345afe2d72f3c0dd5d43640.jpg,240,240
img785282728683_jpg.rf.b9a9160be1852225245faa15092b017f.jpg,240,240
img785282736030_jpg.rf.8b382677402f140acd5817ecd0969d3b.jpg,240,240
img785282738479_jpg.rf.e3b2de7af7f76b90dc575d2ec4ef02bc.jpg,240,240
img785282750761_jpg.rf.ae23b146a29c5e57454ea3f866569f12.jpg,240,240
img785282760588_jpg.rf.c9631a5ab7b3f29ff252c2518ce84e7e.jpg,240,240
img785282770443_jpg.rf.67aca5755338b8f4639b11582fa1dffb.jpg,240,240
img78528277201_jpg.rf.9d53ab446546e2288f814cb9c86d0afa.jpg,240,240
img785282795108_jpg.rf.bbc37284ab897c5bd35bdeed142ac5da.jpg,240,240
img785282797577_jpg.rf.69b494e49445fa2aa7b9ac83981b6172.jpg,240,240
img785282812397_jpg.rf.708430ba0ebcf16289d8dac4fb9eccb5.jpg,240,240
img785282817342_jpg.rf.d328eaa6754642edb9aa2bc5856d1fa3.jpg,240,240
img785282822293_jpg.rf.275a8c559a6d845cf1ac5ba59abd3a0c.jpg,240,240
img785282824794_jpg.rf.535e73510efb4f29973dd0d737d091de.jpg,240,240
img785282827266_jpg.rf.6c9bf7c26238ff79b0893e91f7601199.jpg,240,240
img785282829742_jpg.rf.9eff1dc7ddaba57d21f96e631fa93169.jpg,240,240
img785282837179_jpg.rf.e710f88772c14d2f924d743f22458f6f.jpg,240,240
img785282842139_jpg.rf.e5c4ab046ac3966bf24b675d34850a1e.jpg,240,240
img78528285950_jpg.rf.5ff95a5da5487c53cce1b2e4cf8fa245.jpg,240,240
img78528287199_jpg.rf.ab6f2c6304bc5d054662f5e57ba13002.jpg,240,240
img785282957282_jpg.rf.432b716fb0b272e59fb4acd18e5635b0.jpg,240,240
img78528297218_jpg.rf.7bcb66deb27d99099cebdc9428c47df6.jpg,240,240
img78528302245_jpg.rf.0fec159d947bec4fea4fbfdd773f973a.jpg,240,240
img785283100035_jpg.rf.5a492b89fb6a1c64ef5a8f6020cd782e.jpg,240,240
img785283146753_jpg.rf.1c2c94ccec1535c3b4bd980ca37c3f21.jpg,240,240
img785283149342_jpg.rf.261631ca2e2ba698da77ac1f1cfca01a.jpg,240,240
img78528316148_jpg.rf.378fe1d66610883bde52a72376701a77.jpg,240,240
img785283193646_jpg.rf.88f070772480f180e7960e55f604d3ae.jpg,240,240
img785283211991_jpg.rf.f478e10023665aab30ac64784615249a.jpg,240,240
img78528328843_jpg.rf.d201ae77a94d83c24a20d287c4f924dd.jpg,240,240
img78528330136_jpg.rf.228c5fb39edd369c2ad2dd48aa633314.jpg,240,240
img78528335234_jpg.rf.576f255a29fa9c4815030fef7cde5bc8.jpg,240,240
img78528360938_jpg.rf.ce64e5853e867f1a09f893bdff14eb47.jpg,240,240
img785283912424_jpg.rf.06706e77f92d91a3254c81132841262e.jpg,240,240
img78528402792_jpg.rf.5fb6eb59b7cc06cca26bb5aab7b19407.jpg,240,240
img785284062371_jpg.rf.3ee8ecded70a74fd87979818303b08d1.jpg,240,240
img785284065242_jpg.rf.2699885717324209126b83314424f46c.jpg,240,240
img78528412226_jpg.rf.3acfa4c232bdca041f04b7916894e6eb.jpg,240,240
img785284187165_jpg.rf.d9d96e037599080b40df0b34ef642970.jpg,240,240
img785284204742_jpg.rf.34d4dfa413c0ba9862d10de4e6f3413e.jpg,240,240
img785284239959_jpg.rf.6c34b9172192c56305f5860effc4c493.jpg,240,240
img785284340547_jpg.rf.8fd75ca115271bf22a186f76a53a7845.jpg,240,240
img785284355396_jpg.rf.d5fb20343605fcbefd18b5ac8eeef30e.jpg,240,240
img785284358367_jpg.rf.2be0ed05399d6b1c7f97afd96f97ce0d.jpg,240,240
img785284361338_jpg.rf.b18e867177d7b848f114d657c78222cf.jpg,240,240
img785284400066_jpg.rf.68cdce8cec1e1a08a681582fc7a51c48.jpg,240,240
img78528440375_jpg.rf.880f7278ae98e0b33d3fe94301a94409.jpg,240,240
img785284478518_jpg.rf.91dd329d19337855afe143da51945b47.jpg,240,240
img785284484582_jpg.rf.13c9eeb3d4737a7a352ae1d4c73f7bc9.jpg,240,240
img785284496748_jpg.rf.0b0eaa3f7c3a040d5f99a506db48d421.jpg,240,240
img785284542713_jpg.rf.95b4aa1e82f9ac8e38e7a735ed1ec1ac.jpg,240,240
img785284564394_jpg.rf.ceaae0dedf8b47f0b7963275e8fb472b.jpg,240,240
img785284567443_jpg.rf.5b35c08577a02ce76cd2a468aa4e8147.jpg,240,240
img785284604575_jpg.rf.e272805bf84e912cd22c3836247436ed.jpg,240,240
img785284616877_jpg.rf.ecca065457b112aa542e25df75aec2bd.jpg,240,240
img785284629126_jpg.rf.be1b22a472778a46aa6edc7cbe4361d7.jpg,240,240
img785284638318_jpg.rf.ac85cfa94ec9a813e29bded596eb3725.jpg,240,240
img785284641385_jpg.rf.ad185cc25bed837db3b0977ae0f1ac93.jpg,240,240
img785284653873_jpg.rf.ea9a1f25453e4a6bf3274ee75ffe36fe.jpg,240,240
img785284672304_jpg.rf.ae0a950b949fe0c0d4ac0d3386a41d49.jpg,240,240
img785284693821_jpg.rf.bc57ef05396b4095c19aa737cdfaed9f.jpg,240,240
img785284703050_jpg.rf.51134a757de354e80cc3e877ed13f8c7.jpg,240,240
img785284730803_jpg.rf.806743d6b399f3c511e1c54003f4145b.jpg,240,240
img78528475700_jpg.rf.20db08ed4089ac623e12e56fe3287ef2.jpg,240,240
img785284811554_jpg.rf.cedb2af3361a1aea29694e587d291171.jpg,240,240
img785284817767_jpg.rf.87921f79ac89559ce274e4853214c7ea.jpg,240,240
img785284823982_jpg.rf.345463262c43b4ff89abe19d43765382.jpg,240,240
img785284833309_jpg.rf.7ada46ccae05078c8ce230a30a3a6aae.jpg,240,240
img785284836418_jpg.rf.78dfc56a7b5d776fc713585e5e3bd58c.jpg,240,240
img785284842644_jpg.rf.449d5b157ac50191ab9d5d7b7000c644.jpg,240,240
img785284867559_jpg.rf.94f75e363bd4749205969bbfce840183.jpg,240,240
img785284876917_jpg.rf.0ab6086b5fc2181c2d6321cf7b835a8b.jpg,240,240
img785284958263_jpg.rf.66764cd9aab1fa0c6bdb4234a6dc5de1.jpg,240,240
img785284964540_jpg.rf.c99aa0197a8a1590212c908d6b02128c.jpg,240,240
img785284980243_jpg.rf.d2bc4de8bacc948cedbe22ed8011b3ea.jpg,240,240
img785284986527_jpg.rf.45cd94aa6332d6bc82bd2ee7a92f37c6.jpg,240,240
img785284989673_jpg.rf.df9166d34b62fcfdef0539cbdff956dc.jpg,240,240
img7852849937_jpg.rf.7b0fc591ed434bddeb7dd6bdf2b805e5.jpg,240,240
img785285056267_jpg.rf.42418b9559013ecba996124a56e29e9d.jpg,240,240
img785285171049_jpg.rf.778105075ea63dfb097b6ff0a76699ac.jpg,240,240
img785285206880_jpg.rf.6e073343fa8dd291c83c7eb12740f6f6.jpg,240,240
img785285216531_jpg.rf.d166bbab5c34eb72fe9184afdf6403df.jpg,240,240
img7852858651_jpg.rf.b0735d9226605950cc98f2b47df01a10.jpg,240,240
img78528592953_jpg.rf.c4d7430c858169b3b71e7b6f310dc4f3.jpg,240,240
img78528600208_jpg.rf.4e7f3eec46a3e6200c91ee17724ed537.jpg,240,240
img78528635510_jpg.rf.5a176c0106fcfa30581cdd6a21f10e99.jpg,240,240
img78528647595_jpg.rf.49c56fd347e1a61f0e7abe3ad8a5bc70.jpg,240,240
img7852867398_jpg.rf.3945c2241e382f975b0eb5978ff29bdc.jpg,240,240
img7852899613_jpg.rf.04cee138218421ba5279b13681ecd817.jpg,240,240
img880510970_jpg.rf.9dbe62075142d1af52ef7aa1fb2287a6.jpg,240,240
img880514106_jpg.rf.ce6ad72bc91a21893ff2c988ad667704.jpg,240,240
img880517284_jpg.rf.6ad5407abe51527ea780d0fd59062607.jpg,240,240
img880521525_jpg.rf.7c1ca8f668d3607bd46c26dddf132f5e.jpg,240,240
img88690210046_jpg.rf.f2509194249fd0bafea3c8c93edcce6d.jpg,240,240
img88690211089_jpg.rf.b5be087b570927bc151b58667d240565.jpg,240,240
img886902116413_jpg.rf.142a512f763aab153007bf89ee8959a5.jpg,240,240
img886902125594_jpg.rf.ecc1381a80dcddad6a7459df5e7e4209.jpg,240,240
img88690214679_jpg.rf.e5ebcc19b3252ca3448f412aa044c4e3.jpg,240,240
img886902161474_jpg.rf.7be95f30ac61d3f3424a17014a6c3fd4.jpg,240,240
img886902163842_jpg.rf.c3c21589ccc09fcf3ee4834872bec192.jpg,240,240
img886902170942_jpg.rf.55174fa04878c66c805a6d3c33123a1d.jpg,240,240
img88690221031_jpg.rf.5d30b4c4b16776a87c95ada2c97de86f.jpg,240,240
img886902242200_jpg.rf.936d01f066b2ab90056adcb50f91afd4.jpg,240,240
img886902249550_jpg.rf.a1542d2ba1e8c2458b8c82725a5630a2.jpg,240,240
img886902253226_jpg.rf.a1e4ae76b645c43adf52b8bba4c74b58.jpg,240,240
img88690228490_jpg.rf.ee3a787128962b947a7170b81d2ffa4f.jpg,240,240
img886902400196_jpg.rf.2dd0540d3b96d30c65b747616a3132aa.jpg,240,240
img88690240254_jpg.rf.44fd15075fef80fd909816e516ac3ab1.jpg,240,240
img886902418814_jpg.rf.b1b6948151552b0111c22a40a4e2f356.jpg,240,240
img886902426791_jpg.rf.708de66bb570b02211c466a88d5c1412.jpg,240,240
img886902438821_jpg.rf.da87c9e65326d3fdc5f1e8affc4c7ab7.jpg,240,240
img886902449575_jpg.rf.85c65955dc9dd3050137ff9655caa01b.jpg,240,240
img88690245638_jpg.rf.972995e87e01c3b100f9ee25956288ec.jpg,240,240
img88690248866_jpg.rf.a5402763779621298143af129f7c79cf.jpg,240,240
img886902522719_jpg.rf.2ecb8ba8978155448b51408cf4c99492.jpg,240,240
img886902599690_jpg.rf.1f9c9d3c150d478789bddb2e5ab35586.jpg,240,240
img886902716786_jpg.rf.557761dc7ce9b8575733cdccbb7026e7.jpg,240,240
img886902719846_jpg.rf.ce35d999796922e6885a67a1b479f663.jpg,240,240
img891430102293_jpg.rf.84a187b9fcef77651335c19bb9643f80.jpg,240,240
img891430112401_jpg.rf.090fe06fe40b4aac3926a09ad45439b1.jpg,240,240
img891430114682_jpg.rf.6e163a92de60654a948c36eb98a40406.jpg,240,240
img891430116941_jpg.rf.7548ec0659bfd08deea18d80ce8fa763.jpg,240,240
img891430124922_jpg.rf.f379d83d21d0c97e8e50b94791dc07f3.jpg,240,240
img89143041777_jpg.rf.80a956676451d1c3c89c6ba4a15d6d52.jpg,240,240
img89143042849_jpg.rf.cd6da2de633e27f5fcddf2769bc8bdb5.jpg,240,240
img89143043921_jpg.rf.9b48596fd432e0c308a0721eac56d783.jpg,240,240
img8914304742_jpg.rf.a733e13719eb100dc8614ef606239983.jpg,240,240
img89143055787_jpg.rf.9d2edda891c9248b6a8645ad05764b3a.jpg,240,240
img89143059044_jpg.rf.bc6de35196b520afef6e71549e2c2f2c.jpg,240,240
img89143061215_jpg.rf.6a15de12c8b43e352a677d0484f67c06.jpg,240,240
img89143078799_jpg.rf.8bd73f454ccce03372e41084454eff69.jpg,240,240
img89143091130_jpg.rf.e34f8a99c02a632ca374fb653f365418.jpg,240,240
img91757715867_jpg.rf.4ddc6e19c372b2356edc3fb3e906a79a.jpg,240,240
img931275219184_jpg.rf.63c9d62385a1f1a2650a7e2ae6253d3d.jpg,240,240
img931275229178_jpg.rf.06f8a454dcdb80b1058e7b87f2ea4bd9.jpg,240,240
img931275243469_jpg.rf.14ddae28d7461c1cbeda82a80fe9e209.jpg,240,240
img931275269714_jpg.rf.4ecc306399ef66be71356c8866f60d89.jpg,240,240
img931275284518_jpg.rf.a945df5fdff928207b109760adaca133.jpg,240,240
img931275285998_jpg.rf.216958fe9d39fdcfbdda1e7f4def70c1.jpg,240,240
img9312754014_jpg.rf.4a8bbe77bde23109273913d73829d099.jpg,240,240
img93127563432_jpg.rf.e38b6a4a0bde64adeb8d965a599fb088.jpg,240,240
img93127566971_jpg.rf.ddb9a22c5a79dd202ec97230a947af0b.jpg,240,240
img93964913045_jpg.rf.10dd66a72f6724dcc300b002d21ad67e.jpg,240,240
img93964956113_jpg.rf.9d9547e784cb28fe003b03f9fd3bf230.jpg,240,240
img93964957199_jpg.rf.12a48b54bdc004ecaf1b98d7b75d849c.jpg,240,240
img93964967017_jpg.rf.10c4838a70ce76ef02ec10463b589f90.jpg,240,240
img9396499906_jpg.rf.b2b8adb9c5ad4bb679b4fa301597da4e.jpg,240,240
img95504100685_jpg.rf.2eb470d5deca97aa741175226dee89bb.jpg,240,240
img95504107442_jpg.rf.fad7bbf779a33f887055cd4ddaad51f3.jpg,240,240
img95504110818_jpg.rf.e6731d390f4dd77565876060482dbafc.jpg,240,240
img95504129485_jpg.rf.9a19eb71dd10f0cd37e381f7bd254f1f.jpg,240,240
img95504138667_jpg.rf.7be98fb7451bf0471d26fc9eab91f59d.jpg,240,240
img95504139819_jpg.rf.2ecda15d1487c90f743b18cd2b94ed37.jpg,240,240
img95504150241_jpg.rf.0312e4f47d9836220d1344d52897f75e.jpg,240,240
img95504154907_jpg.rf.4eda062afde2e563390b47184ed330bb.jpg,240,240
img95504159570_jpg.rf.9e1efa79cb1611747e7813883619d29d.jpg,240,240
img95504160736_jpg.rf.b57414b771568e6df161d332d1b9bfd3.jpg,240,240
img95504161907_jpg.rf.81a864c88d613b00193a76773cb5f1ef.jpg,240,240
img9550422926_jpg.rf.6bf4988e5c8f456ec0308cabc6a5ed45.jpg,240,240
img9550423977_jpg.rf.62fb5f99b9fd03857cb1d80ddbd52517.jpg,240,240
img9550430318_jpg.rf.856010cdd2f5a5d990b1bd420fadff54.jpg,240,240
img9550437782_jpg.rf.eb9b6e9c0818864f33babc4c99b092ba.jpg,240,240
img9550450708_jpg.rf.8d73dab0e105983a9b84008e8daf4f49.jpg,240,240
img9550457193_jpg.rf.5ca07731e9c064eca5d454e31cd36680.jpg,240,240
img9550470268_jpg.rf.3f9a23d298d76af59d1c672202c128fe.jpg,240,240
img9550474767_jpg.rf.7717e9a0a3f55cad4c59be6aa8cd1207.jpg,240,240
img955048220_jpg.rf.0e7418c6e17485ac71eace5113aaf288.jpg,240,240
img965796112609_jpg.rf.dc0eb81f98a6a4cb20f7a764172152c1.jpg,240,240
img965796113852_jpg.rf.522da61171c3786f800c6d4679f7022b.jpg,240,240
img965796115103_jpg.rf.d8a70c6ab9b69a38c66b57c227920642.jpg,240,240
img965796141822_jpg.rf.4243e37fca7e21dcef4baff461b68869.jpg,240,240
img965796145708_jpg.rf.e16f4656ae06a0e06c50f1ae72b90c7d.jpg,240,240
img96579615779_jpg.rf.d9eada0f9e7f07b76f35c870a50646c8.jpg,240,240
img965796160061_jpg.rf.4c40a331f5b7a591112912652b2e2a7e.jpg,240,240
img965796165331_jpg.rf.31b0802ab5e3f75035371a4c21caac94.jpg,240,240
img96579616879_jpg.rf.3c2e0578592000079aeb5014e9213e2c.jpg,240,240
img965796176008_jpg.rf.78a863cce352f27b12c8e794e4142236.jpg,240,240
img965796193569_jpg.rf.07f257f3165d9c2f5cb570ff70b4cd82.jpg,240,240
img965796199038_jpg.rf.ad0790d3f39ce893e03e63376fca91a0.jpg,240,240
img96579620183_jpg.rf.79ad9d28e5c87a823eff29593287da3a.jpg,240,240
img965796221262_jpg.rf.748b93b00f149876b470f0e021840368.jpg,240,240
img965796222779_jpg.rf.fabca8c628679dbb4092db024862f09f.jpg,240,240
img965796228396_jpg.rf.d4022870c0535a6e470a272a1185b9d5.jpg,240,240
img96579625750_jpg.rf.2c3278ca65f79c1705fa64fabc861464.jpg,240,240
img96579626867_jpg.rf.dae6f76f08d19d3826bceef41c8cc311.jpg,240,240
img965796287586_jpg.rf.cdacdf1d621864dafbe4a34fc1840346.jpg,240,240
img965796299420_jpg.rf.19ba2dccb73e3c69d99a6e2e4416b7c5.jpg,240,240
img965796300906_jpg.rf.d7bba5bed2168e6e964f289389de77e8.jpg,240,240
img965796314362_jpg.rf.63e868d9bb259e3fb860c2d2c7380d40.jpg,240,240
img965796318884_jpg.rf.ae598f2f24b5008cb43e0df58370d779.jpg,240,240
img965796321902_jpg.rf.6d0a111190699e02fcd3b5320e06c609.jpg,240,240
img965796335591_jpg.rf.61b941dcb625d0b5cd1ed20b05055616.jpg,240,240
img965796401513_jpg.rf.2830ad0d8acd62ddba15c73dad5fb93e.jpg,240,240
img965796416077_jpg.rf.2d61ebf42183ad6564ece09c128a2178.jpg,240,240
img965796434070_jpg.rf.fb6388220d53b874db40d8a410062365.jpg,240,240
img965796439025_jpg.rf.a5471688bd2e0cceec802d12cd4987b6.jpg,240,240
img965796442334_jpg.rf.ca589df18baecb496f7a75f8b4dd6cfd.jpg,240,240
img96579647811_jpg.rf.8e0244b8273b80e864ba97055ece285a.jpg,240,240
img96579648958_jpg.rf.72c0331939f23d4fee4b9f5ba1597581.jpg,240,240
img96579652431_jpg.rf.11eefbc9b39670a245e8810a418a293a.jpg,240,240
img96579657062_jpg.rf.5689fc646386b9a0110c8e685dccf69a.jpg,240,240
img96579670007_jpg.rf.a1c7fa724691b5a55e288fa3b3fd2bf1.jpg,240,240
img96579671192_jpg.rf.71c53185c1382bf854fa9a6df3315d14.jpg,240,240
img9657968103_jpg.rf.de205222474551fc95c8a6a96b8669ee.jpg,240,240
img970324102660_jpg.rf.a4c2e89f26074820076f5a496519d70a.jpg,240,240
img970324106049_jpg.rf.e99f5bf5b2fcf0eead3bca0ed836fd19.jpg,240,240
img970324108311_jpg.rf.47aaf5a2b45499abf6d2decf1a398c0c.jpg,240,240
img970324113987_jpg.rf.9d66ffcb3d0d96b916015caa9c637004.jpg,240,240
img970324115123_jpg.rf.23a6460f163ad06cd418cc65b161d9e4.jpg,240,240
img970324116258_jpg.rf.b8724164d757bcd335facd14fb740f76.jpg,240,240
img97032412077_jpg.rf.68b71c517f195c8fcf6280827f6c2315.jpg,240,240
img970324120820_jpg.rf.646e6434c9b83d235fc7f62b846d5465.jpg,240,240
img970324121961_jpg.rf.7063f6d17805be6be200ebb4e6c83830.jpg,240,240
img970324137018_jpg.rf.ef167434e69a7543877cfb655b11b375.jpg,240,240
img970324138174_jpg.rf.f9e2aebe96f740afa15ffe7c9c0cb383.jpg,240,240
img970324139330_jpg.rf.5ce6075deffe61cb245c051aecf9670c.jpg,240,240
img970324142809_jpg.rf.ea5cc0c86a387f0a670a7521686a103b.jpg,240,240
img970324151024_jpg.rf.d3d01d161fe8a682fcb2f5a6cbdf840c.jpg,240,240
img970324153362_jpg.rf.53ff55dcfbb15440fe4d55c2346a05ce.jpg,240,240
img970324165121_jpg.rf.e39332d7bcc34b4556e6db5c055ca5e9.jpg,240,240
img97032425840_jpg.rf.e2511caf9a2396fe6dc65919f9e1c1e4.jpg,240,240
img97032434443_jpg.rf.0e543c7f267d9988fd473c709ddc3353.jpg,240,240
img97032452807_jpg.rf.6907bf5e055b2ca3f69084e5f838058e.jpg,240,240
img97032456073_jpg.rf.a6f3abb5c9d8d95067090603cedd0b09.jpg,240,240
img97032464826_jpg.rf.2d9e2e923c08966580d11983dd5f62bc.jpg,240,240
img9703247878_jpg.rf.1406d00895e6ba680d9e54ed1e2f7091.jpg,240,240
img97032479171_jpg.rf.543e9f0c5b3aecdafe1eb1ccadabd5b4.jpg,240,240
img97032483616_jpg.rf.76f1ef6d4468e8b94577d08fd4b396b2.jpg,240,240
img97032494791_jpg.rf.4d5e901a0a6ec8fc43a57a9731b804b3.jpg,240,240
img97032495912_jpg.rf.1835d6810f762988573b95cef9d9cc29.jpg,240,240
img97032497034_jpg.rf.faf364daa2aa8741ac8bf6320885a8bd.jpg,240,240
img973602100883_jpg.rf.b4d35fe5898c239c989997b1af9fbf09.jpg,240,240
img97360211078_jpg.rf.323c620e3989ff27a247d72dc8495e6f.jpg,240,240
img973602114464_jpg.rf.cc8219de2219900ab21af56f587d6149.jpg,240,240
img973602119001_jpg.rf.fa2f022cdfb83aa8abd912b890ede21b.jpg,240,240
img973602127003_jpg.rf.226bd84e1a588e9c4d8e56f3fa484fd4.jpg,240,240
img973602146637_jpg.rf.013f0314c23d4a22bfbf9b5391cd574d.jpg,240,240
img973602155977_jpg.rf.ee7a0fc05a41f17cbe43e9943ac95cfa.jpg,240,240
img9736021598_jpg.rf.335a4fa7f8ff32593c863a6d237aefc8.jpg,240,240
img973602164179_jpg.rf.bb37803ee7f4bc512608f67e7f0167cb.jpg,240,240
img97360220604_jpg.rf.31472668628e9216b78b68f843cd6756.jpg,240,240
img97360224897_jpg.rf.a93fa5ceb08347d9040d12714f264bfc.jpg,240,240
img97360225958_jpg.rf.2a2836113255fc14df140ff6093deb0d.jpg,240,240
img97360238826_jpg.rf.8cfef64ea991f1797c02095faa69f0b8.jpg,240,240
img97360242086_jpg.rf.86969d9f16f493b8442fb5f486b2a877.jpg,240,240
img97360243159_jpg.rf.613a86d417d6e79862851a20548918ae.jpg,240,240
img97360249661_jpg.rf.c1a91909c5bb3bda60f43c89f3a975f5.jpg,240,240
img97360279362_jpg.rf.6556e4d263bc81b6f5d238c746afdd73.jpg,240,240
img97360291875_jpg.rf.7f25f44e8989552f30e3e7984698170e.jpg,240,240
IMG_1916_jpeg.rf.70563c104574caf2c015b31d783293ec.jpg,5712,4284
IMG_1917_jpeg.rf.c95875270c103358b1139740ba24d6ec.jpg,5712,4284
IMG_1918_jpeg.rf.2c61545b43f1d0e1fe8030f2ae3b7fef.jpg,5712,4284
IMG_1919_jpeg.rf.36d1b4c779db0ee12c0ce7bc467a91af.jpg,5712,4284
IMG_1920_jpeg.rf.9720f727742a863180d5bf4e586593e2.jpg,5712,4284
IMG_1921_jpeg.rf.9d0e1a65cf8cb6d354a75d3dae84c051.jpg,5712,4284
IMG_1922_jpeg.rf.7f80591ee0a3c54308ded2273b24bf0e.jpg,5712,4284
IMG_1923_jpeg.rf.bcbcbc6c2c7ffd918ac6ae8e55696109.jpg,5712,4284
IMG_1924_jpeg.rf.c9db9f2978ba80c49b4b05c7ce313206.jpg,5712,4284
IMG_1925_jpeg.rf.6a3d1a89645ac0a8fb1584fa3eaa5863.jpg,5712,4284
IMG_1926_jpeg.rf.0874925c1e1d77a2151f24fd0986908a.jpg,5712,4284
IMG_1927_jpeg.rf.76c8b632ff3805dbcf4b6b77437ec469.jpg,5712,4284
IMG_20181004_165744_jpg.rf.1ae2788a7ee6a7184c9cbb7a3ea7e870.jpg,640,640
IMG_20181004_165744_jpg.rf.1e94c9666bc4a64fcf65d000ce69f10b.jpg,640,640
IMG_20181004_165744_jpg.rf.2b400802a7d6f0ca0c86aab53f50e66a.jpg,640,640
IMG_20181004_165744_jpg.rf.40fcd658d6b93078c73a3fca7300a9e0.jpg,640,640
IMG_20181004_165744_jpg.rf.4c888e984ccc6a01d612f6ee13f07e5a.jpg,640,640
IMG_20181004_165744_jpg.rf.91b76399d1e434d270710bbe66936bc4.jpg,640,640
IMG_20181004_165744_jpg.rf.a1e5bffd385531ff6ba4b2b6be7f2e3d.jpg,640,640
IMG_20181004_165744_jpg.rf.cffc88034502b63744d4fb846fe4e30a.jpg,640,640
IMG_20181004_165744_jpg.rf.e0fb3ae320a6b42875b926c06cc825d9.jpg,640,640
IMG_20181004_170521_flipped_jpg.rf.55e8ccf80758a586e9c7bcef8c81a1bf.jpg,640,640
IMG_20181004_170521_flipped_jpg.rf.64241f1140cb41564cb56d836d319bc1.jpg,640,640
IMG_20181004_170521_flipped_jpg.rf.9132183207c4969c56292976cd419bdf.jpg,640,640
IMG_20181004_170521_flipped_jpg.rf.987e7f0712944a955f52d65267971673.jpg,640,640
IMG_20181004_170521_flipped_jpg.rf.9d88def872ad68300d24663ba96fc0d2.jpg,640,640
IMG_20181004_170521_flipped_jpg.rf.a1abd0ea0bffdfb382ee9aa6a92cb3e8.jpg,640,640
IMG_20181004_170521_flipped_jpg.rf.ac45248a3d37b01ce7b708658521f772.jpg,640,640
IMG_20181004_170521_flipped_jpg.rf.b452297006a3d8634e4c97ce36854727.jpg,640,640
IMG_20181004_170521_flipped_jpg.rf.de07ccc5f57a5651ff97e56975f8bafe.jpg,640,640
IMG_20181004_170624_flipped_jpg.rf.0a899926a6c665d584d72eedd864df2d.jpg,640,640
IMG_20181004_170624_flipped_jpg.rf.151920a99c886866d1221e1eafd1e3d7.jpg,640,640
IMG_20181004_170624_flipped_jpg.rf.249f95c5051b737eb0b1e2d960f1418c.jpg,640,640
IMG_20181004_170624_flipped_jpg.rf.390e791057be1f986a11f9ace0fab4bf.jpg,640,640
IMG_20181004_170624_flipped_jpg.rf.5f682f2d946b2c4bbd280ad099003dc2.jpg,640,640
IMG_20181004_170624_flipped_jpg.rf.a07c01839123bbb2b903b7b2531b45dd.jpg,640,640
IMG_20181004_170624_flipped_jpg.rf.a5c5de7a9c337e470c221397c200ec10.jpg,640,640
IMG_20181004_170624_flipped_jpg.rf.ac209c0c20a5652dd609cca9f69e0041.jpg,640,640
IMG_20181004_170624_flipped_jpg.rf.c3ba3abf90a786b14d226f855fcdf876.jpg,640,640
IMG_20181004_171014_jpg.rf.22588cc244c6aeb855edeaa0bf438daf.jpg,640,640
IMG_20181004_171014_jpg.rf.38c5abab6ec3f3a4904b69df21a889b1.jpg,640,640
IMG_20181004_171014_jpg.rf.5167c943cad9e448472df0387da3859c.jpg,640,640
IMG_20181004_171014_jpg.rf.54446054f607aef0dfb5a2f6480ea8b9.jpg,640,640
IMG_20181004_171014_jpg.rf.5c0201690812716ef05d3b471249a83a.jpg,640,640
IMG_20181004_171014_jpg.rf.6deeade512d4dc27371fdca8209d0e8d.jpg,640,640
IMG_20181004_171014_jpg.rf.7a3ab12d15b627b6cde0bfa337cef09a.jpg,640,640
IMG_20181004_171014_jpg.rf.bd9b783fb990d17eeede1ee175cf5bf9.jpg,640,640
IMG_20181004_171014_jpg.rf.e72fa4c19abc2f0dd0785231167514fb.jpg,640,640
IMG_20181004_171135_flipped_jpg.rf.0ef503d0f21ffd007cc5916ddf45254c.jpg,640,640
IMG_20181004_171135_flipped_jpg.rf.2e57f54df06e83693801d5d92596c435.jpg,640,640
IMG_20181004_171135_flipped_jpg.rf.3a26b727f310596bfd2411b957432dbc.jpg,640,640
IMG_20181004_171135_flipped_jpg.rf.4dbe9c3fa4bfb85656ee1384cc29075f.jpg,640,640
IMG_20181004_171135_flipped_jpg.rf.57e65c2d5810b6509f3d47832ca4f3bb.jpg,640,640
IMG_20181004_171135_flipped_jpg.rf.5e06c8a9b8e608f56b135607712f436c.jpg,640,640
IMG_20181004_171135_flipped_jpg.rf.83bb8225e92ce9a802736b8e162225fb.jpg,640,640
IMG_20181004_171135_flipped_jpg.rf.bf79edaa05c611348ae6bb0bc30614b6.jpg,640,640
IMG_20181004_171135_flipped_jpg.rf.cbf06024bb65db19b3d34d45ce1c07dd.jpg,640,640
IMG_20181004_171444_flipped_jpg.rf.0a323433775c0b299beb2e502b0ceb66.jpg,640,640
IMG_20181004_171444_flipped_jpg.rf.38f541e18e142c0e8261c76bf269e910.jpg,640,640
IMG_20181004_171444_flipped_jpg.rf.772e1c4106c7379a91528f519794d9c5.jpg,640,640
IMG_20181004_171444_flipped_jpg.rf.7979f58a9e0890b80c0335fb5f546413.jpg,640,640
IMG_20181004_171444_flipped_jpg.rf.835fa8175832a25213e4e591c81adb70.jpg,640,640
IMG_20181004_171444_flipped_jpg.rf.8ccca768d3121bad236e7f0de7a3ea19.jpg,640,640
IMG_20181004_171444_flipped_jpg.rf.9f8db5e86abaf2fba2bab9a97e6260cd.jpg,640,640
IMG_20181004_171444_flipped_jpg.rf.a3236cafb4492d3195af4e95b4b36ed0.jpg,640,640
IMG_20181004_171444_flipped_jpg.rf.bae4fd8dda69e98529e09eebb3ebe778.jpg,640,640
IMG_20181004_172840_jpg.rf.020e5eac2147cbb5d9a6f8bb70ec7a3a.jpg,640,640
IMG_20181004_172840_jpg.rf.048fc14d1c2040cc190852506c72d63c.jpg,640,640
IMG_20181004_172840_jpg.rf.1a726a6eec93a110eb5a74b48beb2e3e.jpg,640,640
IMG_20181004_172840_jpg.rf.5e111c56771fc7e8861a4a55b90df358.jpg,640,640
IMG_20181004_172840_jpg.rf.5fb11d0c797e0edc51ebf609f743890b.jpg,640,640
IMG_20181004_172840_jpg.rf.715e9b3815e965ddcce06b25398c4343.jpg,640,640
IMG_20181004_172840_jpg.rf.a53874f4fd3331871c128d84cc8a7199.jpg,640,640
IMG_20181004_172840_jpg.rf.c442d2f8e5ad163bd108a1f1be51cca7.jpg,640,640
IMG_20181004_172840_jpg.rf.cbb4f2110719a213605ceb06380bd91c.jpg,640,640
IMG_20181004_175202_jpg.rf.09aac84984f542fd75c2ce07f8b00821.jpg,640,640
IMG_20181004_175202_jpg.rf.204d4b5d72c626556fc0df678c4ce608.jpg,640,640
IMG_20181004_175202_jpg.rf.3ea38c28b82ded7ea3fc741f7579c277.jpg,640,640
IMG_20181004_175202_jpg.rf.3f724e7f0ed3676c5f2d53fd91cf50c3.jpg,640,640
IMG_20181004_175202_jpg.rf.4b7abe71ff4f07086ec3d7e21cdd7c90.jpg,640,640
IMG_20181004_175202_jpg.rf.57468e4bdf282969cd3ae0a334c18b6a.jpg,640,640
IMG_20181004_175202_jpg.rf.885657715519cf3874e14405c1d0e8a5.jpg,640,640
IMG_20181004_175202_jpg.rf.956310bea121453d63a3dc14fe45772d.jpg,640,640
IMG_20181004_175202_jpg.rf.eeb546c23e660860223d4050433db0a4.jpg,640,640
IMG_20181004_175512_jpg.rf.27dafa6e6704a1f156e0576ad011ddf5.jpg,640,640
IMG_20181022_000718_jpg.rf.593b0dc3cafd1a5a225edaf09ef3dbc5.jpg,640,640
IMG_20181022_000718_jpg.rf.7422dbe19f9be4412e4effbd19281f51.jpg,640,640
IMG_20181022_000718_jpg.rf.84830df86e1cc4eef038daef06d64485.jpg,640,640
IMG_20181022_000718_jpg.rf.91e617a8d8f329994175415e559efe44.jpg,640,640
IMG_20181022_000718_jpg.rf.969249a2de1c999429550ac29fd1a994.jpg,640,640
IMG_20181022_000718_jpg.rf.9d49f9a0a5b1c872720101bb478baefd.jpg,640,640
IMG_20181022_000718_jpg.rf.c39b4d6cb5d5c4dc514774c334225a03.jpg,640,640
IMG_20181022_000718_jpg.rf.d20af3975d46d656ea930dd600178908.jpg,640,640
IMG_20181022_000718_jpg.rf.f0732fbd736c4bdacb08e1bbe624e8f9.jpg,640,640
IMG_20181027_172332_flipped_jpg.rf.0307ed2ef740eb1473191991219e1eb3.jpg,640,640
IMG_20181029_143229-1-_jpg.rf.205343e4b130d1ed72363d510e87cc79.jpg,640,640
IMG_20181029_143229-1-_jpg.rf.3313115e100d41900219ce4d3b043ac5.jpg,640,640
IMG_20181029_143229-1-_jpg.rf.5fcf9f74f86a45c4d7e611676c3a996a.jpg,640,640
IMG_20181029_143229-1-_jpg.rf.606ecc02d84ae5dda1ff4190e4de2943.jpg,640,640
IMG_20181029_143229-1-_jpg.rf.77f3bdcb8df075ec0d518b127e47b29c.jpg,640,640
IMG_20181029_143229-1-_jpg.rf.7c26f541d27d80cbc4b717ea675ab3fc.jpg,640,640
IMG_20181029_143229-1-_jpg.rf.7e81f4a1167572f2b6a888c3719e174d.jpg,640,640
IMG_20181029_143229-1-_jpg.rf.c10dfc639f5654f263cdf72cc071843c.jpg,640,640
IMG_20181029_143229-1-_jpg.rf.f015ce196a7f5f591fe3830aa0c16bff.jpg,640,640
IMG_20181029_143536-1-_flipped_jpg.rf.6594ef710310306c4f888d5d84d003c7.jpg,640,640
IMG_20181029_143541_jpg.rf.064b05edfce3e3d972ad98e15f36113e.jpg,640,640
IMG_20181029_143541_jpg.rf.2a1573681fe122a5a8e2621464108b1a.jpg,640,640
IMG_20181029_143541_jpg.rf.5a8887e4ec985c1c2b5aacd389dcf7b6.jpg,640,640
IMG_20181029_143541_jpg.rf.b5deac592445d88b32231d745ed05e6b.jpg,640,640
IMG_20181029_143541_jpg.rf.c2ee374a0bd654f0fc9fdd0774f57364.jpg,640,640
IMG_20181029_143541_jpg.rf.dc1f94932de4acddcda630cf6826c011.jpg,640,640
IMG_20181029_143541_jpg.rf.eb216a1ef8d2e9e09af20d2bce5a13e9.jpg,640,640
IMG_20181029_143541_jpg.rf.ec565538b1593570c37f0333ef45f732.jpg,640,640
IMG_20181029_143541_jpg.rf.f162a7ab33afb2c238de3158c2beda80.jpg,640,640
IMG_20181029_143749_jpg.rf.0b74550c716c749ca68a7acdd321c9b6.jpg,640,640
IMG_20181029_143749_jpg.rf.0bc242a8440ad43f2a88c09f841d308e.jpg,640,640
IMG_20181029_143749_jpg.rf.29dadca1cf4ab72f14bf9115a81251f7.jpg,640,640
IMG_20181029_143749_jpg.rf.326870973767d9243ca9653ab9364e27.jpg,640,640
IMG_20181029_143749_jpg.rf.698571caf1c425c70467812f6cd5102b.jpg,640,640
IMG_20181029_143749_jpg.rf.6cbafe92104d9fb33a4a26b82a3c528f.jpg,640,640
IMG_20181029_143749_jpg.rf.8d28181f8e3f964b74b9ee2e27a3fc39.jpg,640,640
IMG_20181029_143749_jpg.rf.a6983add6acc58867272bbba3e98bfd2.jpg,640,640
IMG_20181029_143749_jpg.rf.f897c45bf22f130f6526f7d639c614d1.jpg,640,640
IMG_20181029_145543_flipped_jpg.rf.32cbd70ce92cb8ea04c6be7864e1d02d.jpg,640,640
IMG_20181029_145543_flipped_jpg.rf.3cb2b3c2e69a95c64d2a81f8a67af318.jpg,640,640
IMG_20181029_145543_flipped_jpg.rf.3f62d75a1aee79684f47aa03702ed954.jpg,640,640
IMG_20181029_145543_flipped_jpg.rf.4152e91ac2c5c6280f5d54a7a478fc21.jpg,640,640
IMG_20181029_145543_flipped_jpg.rf.6cca9798ef30e0e335212bf37e0d287d.jpg,640,640
IMG_20181029_145543_flipped_jpg.rf.763f43bf022382367604344e9feb6b6b.jpg,640,640
IMG_20181029_145543_flipped_jpg.rf.c1d0b61cf1f524e685c7a2a33295671f.jpg,640,640
IMG_20181029_145543_flipped_jpg.rf.e0cbc029ea1b314604efbedfdb2d6363.jpg,640,640
IMG_20181029_145543_flipped_jpg.rf.f90f16ef5c1cc298d9cf31dce7c4c5c9.jpg,640,640
IMG_20181029_145545_jpg.rf.0d6279c43ed72de167bd3e025394f890.jpg,640,640
IMG_20181029_145545_jpg.rf.2c718724382a03c5a55253b8f3d70d24.jpg,640,640
IMG_20181029_145545_jpg.rf.6844a025c8d942451ed45398dd506396.jpg,640,640
IMG_20181029_145545_jpg.rf.76593ed2086dad66d658ebba8f5e268b.jpg,640,640
IMG_20181029_145545_jpg.rf.9928934413cb40ac75a9a875cb5398e4.jpg,640,640
IMG_20181029_145545_jpg.rf.bc821bc1576253db4000a57cfabf5747.jpg,640,640
IMG_20181029_145545_jpg.rf.be3833d4efcd8b2bf8787ef9a27e7d14.jpg,640,640
IMG_20181029_145545_jpg.rf.d1c71fccb4880e1c79893c734c9f218a.jpg,640,640
IMG_20181029_145545_jpg.rf.f4112a0e82e3448d7a9ebcb72e043ae3.jpg,640,640
IMG_20181029_151418_jpg.rf.2313be3f78f32e90c09b0906892dc601.jpg,640,640
IMG_20181029_153439_flipped_jpg.rf.249bed0bb53b108e4f485b1cf75da95d.jpg,640,640
IMG_20181029_153439_flipped_jpg.rf.53937593e4bf2d4e6138182bf1895326.jpg,640,640
IMG_20181029_153439_flipped_jpg.rf.65c9391c6f7a25bc432294ce621c25cf.jpg,640,640
IMG_20181029_153439_flipped_jpg.rf.699536441bc1d0ece44228797403ed55.jpg,640,640
IMG_20181029_153439_flipped_jpg.rf.74790c1d3da673a3538ad06c30f4b0da.jpg,640,640
IMG_20181029_153439_flipped_jpg.rf.793c184d8bfd80419b365e07328d53db.jpg,640,640
IMG_20181029_153439_flipped_jpg.rf.b9f1a3c7fe68a835dab27ae4777e5b6a.jpg,640,640
IMG_20181029_153439_flipped_jpg.rf.c4d2363b7dd329cdecf7cab242b6d59f.jpg,640,640
IMG_20181029_153439_flipped_jpg.rf.eba157e4bd82f62236ca6eff4b46c89c.jpg,640,640
IMG_20181029_153536_jpg.rf.3989cb4fa379e13e3746aa0ba7df179b.jpg,640,640
IMG_20181029_153536_jpg.rf.4b34eb3f9b697db55b706ac6e634b6b2.jpg,640,640
IMG_20181029_153536_jpg.rf.a600a7fdf8c6f2e0ffba9573426fb0b8.jpg,640,640
IMG_20181029_153536_jpg.rf.a9ff6693ec7e521e1bbe1ba4b7c4332a.jpg,640,640
IMG_20181029_153536_jpg.rf.b30c495511164da4e0e787d7440dfa63.jpg,640,640
IMG_20181029_153536_jpg.rf.be6d16cfc68373df572179f90afb3057.jpg,640,640
IMG_20181029_153536_jpg.rf.d1403a40cdc8a43676caee7bc8dc8411.jpg,640,640
IMG_20181029_153536_jpg.rf.e77fa89a3a88703fb48646cd968a4fd5.jpg,640,640
IMG_20181029_153536_jpg.rf.ef1b55a494935a7df4bdef097d9f037b.jpg,640,640
IMG_20181029_153606_jpg.rf.02f5339ace0b07735989b8891a8f5db0.jpg,640,640
IMG_20181029_153606_jpg.rf.0684bf7b02dbe688afb0c49423a29799.jpg,640,640
IMG_20181029_153606_jpg.rf.1fe7afbf35d53be18c23448b870c0cf6.jpg,640,640
IMG_20181029_153606_jpg.rf.30780bdbbaafad043a3890a35bdc6839.jpg,640,640
IMG_20181029_153606_jpg.rf.7cc69aad76276c16e36b0d6669ac8f23.jpg,640,640
IMG_20181029_153606_jpg.rf.95d954ff20838f00c0f1049caf0be610.jpg,640,640
IMG_20181029_153606_jpg.rf.ba713b648e9579490d0538338db72c72.jpg,640,640
IMG_20181029_153606_jpg.rf.dcaa1a411dfea34ced472c96191c45fe.jpg,640,640
IMG_20181029_153606_jpg.rf.f26b5986f9b9ab3a82a0bcc371046413.jpg,640,640
IMG_20181029_153823_jpg.rf.0f107773991dd83b62e03e47587c9c55.jpg,640,640
IMG_20210829_195817_745_output_output_jpg.rf.13144b42c304c9d0acd7f0a8f685d3c9.jpg,640,640
IMG_20210829_195817_745_output_output_jpg.rf.2cd3355b844825724450392dca61ff92.jpg,640,640
IMG_20210829_195817_745_output_output_jpg.rf.63b6501161fc8657a2732863b2f18141.jpg,640,640
IMG_20210829_195817_745_output_output_jpg.rf.8aa2604b73e6f38abaa3016c5cb1a25f.jpg,640,640
IMG_20210920_111132_output_jpg.rf.0b313ce047f642478ffa9499a53feda0.jpg,640,640
IMG_20210920_111132_output_jpg.rf.63a7881a7cc03a810334493229f04dbf.jpg,640,640
IMG_20210920_111132_output_jpg.rf.aa50c07c2501c38d307c20e33a8b2c87.jpg,640,640
IMG_20210920_111132_output_jpg.rf.b5fbb9cbbe7e989882d5e2a4a0ae7cf8.jpg,640,640
IMG_20210920_111132_output_jpg.rf.c63bf773ca697a068c3fb9d4f3079126.jpg,640,640
IMG_20210920_111132_output_jpg.rf.f30cf886c508f3a445222c78a21e3b13.jpg,640,640
IMG_20210920_111231flip_output_jpg.rf.176fc27186ca2c648ad0d6201468e3f5.jpg,640,640
IMG_20210920_111231flip_output_jpg.rf.86f2a9beedf608d2d3ddfdb555c1fc9d.jpg,640,640
IMG_20210920_111231flip_output_jpg.rf.8b34a1844b43da8a8d743be8a142ddcf.jpg,640,640
IMG_20210920_111231flip_output_jpg.rf.9559bd08400b8cfe9756c1e11d5912c0.jpg,640,640
IMG_20210920_111231flip_output_jpg.rf.d50fa3a39e4266e13a7c01dbead5b9f3.jpg,640,640
IMG_20210920_111231flip_output_jpg.rf.ea5fc01695892a0e1238301c419c6345.jpg,640,640
IMG_20210920_111231_output_jpg.rf.34aa05dc84d00906c322df417c27c14f.jpg,640,640
IMG_20210920_111231_output_jpg.rf.967bfe4cb333a561dc705d37db0a0aa1.jpg,640,640
IMG_20210920_111231_output_jpg.rf.b1e7813bd85194190079bbf0018a5608.jpg,640,640
IMG_20210920_111231_output_jpg.rf.b7134ef1ecb4d9ab3b0037f662504079.jpg,640,640
IMG_20210920_111445_output_jpg.rf.12dbd86bb803f0abdd545a4c710a7b9a.jpg,640,640
IMG_20210920_111445_output_jpg.rf.553398a0d82770d16b468ef745f26a47.jpg,640,640
IMG_20210920_111445_output_jpg.rf.818f35e06881f33991234eab7625cb15.jpg,640,640
IMG_20210920_111445_output_jpg.rf.a0918984f113701be1ad8c64c78fe322.jpg,640,640
IMG_20210920_111445_output_jpg.rf.e7cc17b35d2125c90e13aa890682fa26.jpg,640,640
IMG_20210920_111445_output_jpg.rf.eb378dfe87a600cb895363fe82acd787.jpg,640,640
IMG_20210920_112730_output-jpg_flip_jpg.rf.52a21af52c12b7241e2b6148dc52d9cf.jpg,640,640
IMG_20210920_112730_output-jpg_flip_jpg.rf.59ce4910a2475a03b663d6830022d37a.jpg,640,640
IMG_20210920_112730_output-jpg_flip_jpg.rf.be9964a15ce6e410c6b3d2deceaa2277.jpg,640,640
IMG_20210920_112730_output-jpg_flip_jpg.rf.f10f078f195258163f57f18f83883090.jpg,640,640
IMG_20210920_112730_output_jpg.rf.41f566b5ce4daf1c025732400e7dc8a0.jpg,640,640
IMG_20210920_112730_output_jpg.rf.79955cb5cc8e8d59a73a08dac83ffaa2.jpg,640,640
IMG_20210920_112730_output_jpg.rf.7b73e5635be3ce0795c25c3326e13159.jpg,640,640
IMG_20210920_112730_output_jpg.rf.906240490ecbe181a00db6a383828e45.jpg,640,640
IMG_20210920_112817_output-jpg_flip_png_jpg.rf.0845dcaca030cd95f77dd5f827d89b33.jpg,640,640
IMG_20210920_112817_output-jpg_flip_png_jpg.rf.d31c3c088b66092c10d732132a87ccee.jpg,640,640
IMG_20210920_112817_output-jpg_flip_png_jpg.rf.d6998c8dfea9d3134f7220a763a98c31.jpg,640,640
IMG_20210920_112817_output_jpg.rf.246fd8f0a90a05e7f9ca0aa143a92ca1.jpg,640,640
IMG_20210920_112817_output_jpg.rf.37f99b419c8b51bbec606e867484d7eb.jpg,640,640
IMG_20210920_112817_output_jpg.rf.a7c4b6eb5ea796d7ef9ca0723f43c600.jpg,640,640
IMG_20210920_112817_output_jpg.rf.bc36d1d514da555bc0529e57b0e0019c.jpg,640,640
IMG_20210920_112817_output_jpg.rf.d04d09e455ae7f35c72d7e8facdd2629.jpg,640,640
IMG_20210920_112817_output_jpg.rf.fe19fc8242cb4557aa0c16fae77369ef.jpg,640,640
IMG_20210920_112844_output-jpg_flip_png_jpg.rf.3ff92862ab38b72085fd43690c70fba9.jpg,640,640
IMG_20210920_112844_output-jpg_flip_png_jpg.rf.6ea3141f233355338b76fbff2618f251.jpg,640,640
IMG_20210920_112844_output-jpg_flip_png_jpg.rf.cb1d1a434c7a8132329d8ae3e5156e9a.jpg,640,640
IMG_20210920_112844_output-jpg_flip_png_jpg.rf.e85a987680016b1d2ad6c76ef1c2d485.jpg,640,640
IMG_20210920_112844_output_jpg.rf.032dcdce4e8d22b58a10488d7c8d3a44.jpg,640,640
IMG_20210920_112844_output_jpg.rf.61989953ef1eae8b31646eb424a1cb93.jpg,640,640
IMG_20210920_112844_output_jpg.rf.84795f5c239c479ad134c5b9816f61db.jpg,640,640
IMG_20210920_112844_output_jpg.rf.8c0ee169d1576f104e77d42c6abfc5f5.jpg,640,640
IMG_20210920_112844_output_jpg.rf.a1af629854785d35d309e98bc88be4d1.jpg,640,640
IMG_20210920_112844_output_jpg.rf.c68b6ac5d22ba182e336ab083408d51b.jpg,640,640
IMG_20210920_114117_output_jpg.rf.28d4560c20d745f0d8a0f9319f410b14.jpg,640,640
IMG_20210920_114117_output_jpg.rf.57d4b24eb9641773692a208bad404139.jpg,640,640
IMG_20210920_114117_output_jpg.rf.804de2c2bb3671090ee532ee7adb4b1b.jpg,640,640
IMG_20210920_114117_output_jpg.rf.92de582d4554b1a834ad15226304b98f.jpg,640,640
IMG_20210920_114117_output_jpg.rf.a60b9ac29d06f9571a6754814cef825b.jpg,640,640
IMG_20210920_114117_output_jpg.rf.cf981d25b70479179d78983a1b9f3e75.jpg,640,640
IMG_20210920_114131_output_jpg.rf.16ddb265657cd4a79ab5b181c82a3b64.jpg,640,640
IMG_20210920_114131_output_jpg.rf.1896cd47ea4513df9fe48ce944519cf5.jpg,640,640
IMG_20210920_114131_output_jpg.rf.2e9179db91488bf73c77a6d5363fad58.jpg,640,640
IMG_20210920_114131_output_jpg.rf.486e2f393a96c7f29341fa03b4039e37.jpg,640,640
IMG_20210920_114131_output_jpg.rf.56d233c6599411beeaae520f7e5dc96b.jpg,640,640
IMG_20210920_114131_output_jpg.rf.b01eb8bb9188f87d00520e90265728cb.jpg,640,640
IMG_20210920_114223_output-jpg_flip_png_jpg.rf.05a99953f6b996825e20f7895214dfe8.jpg,640,640
IMG_20210920_114223_output-jpg_flip_png_jpg.rf.0a56ae82cc2258d340f4d96068af3845.jpg,640,640
IMG_20210920_114223_output-jpg_flip_png_jpg.rf.0d757fe322de2298e9d21c0c02162822.jpg,640,640
IMG_20210920_114223_output-jpg_flip_png_jpg.rf.237ab039e9a527da46807068e851e2f0.jpg,640,640
IMG_20210920_114223_output-jpg_flip_png_jpg.rf.4ffa16eece58ddfaa798dc6f61b60988.jpg,640,640
IMG_20210920_114223_output-jpg_flip_png_jpg.rf.914036ab941d7042f9e483fbaa284d77.jpg,640,640
IMG_20210920_114223_output-jpg_flip_png_jpg.rf.9ab081a50b125f3b818086b4b913f276.jpg,640,640
IMG_20210920_114223_output_jpg.rf.14375d360bcdb16d5a975ba26e5db02c.jpg,640,640
IMG_20210920_114223_output_jpg.rf.574112e1329d61387fd9b106bf993bd8.jpg,640,640
IMG_20210920_114223_output_jpg.rf.f5a8e153a17ee268b6883f72bd0360ed.jpg,640,640
IMG_20210920_145022_output-jpg_flip_png_jpg.rf.5a634b5a6056a57f957cdc8b39c09356.jpg,640,640
IMG_20210920_145022_output-jpg_flip_png_jpg.rf.850927b5f10f71137558aee7d5efacbb.jpg,640,640
IMG_20210920_145022_output-jpg_flip_png_jpg.rf.e4feb457d3c003063944b209655b9ec6.jpg,640,640
IMG_20210920_145022_output-jpg_flip_png_jpg.rf.ecb5b8fc579ee9eac6e61d45c54c1a3d.jpg,640,640
IMG_20210920_145022_output_jpg.rf.1d4b1d31b331e2c1a74d09f2b30b20fe.jpg,640,640
IMG_20210920_145022_output_jpg.rf.3004ebdc05792d5f71482fd2e09f8a35.jpg,640,640
IMG_20210920_145022_output_jpg.rf.3a0630ce54811fac1535f33ec07bd186.jpg,640,640
IMG_20210920_145022_output_jpg.rf.6ae993d21f39a73abbe8a6859ea27da8.jpg,640,640
IMG_20210920_145022_output_jpg.rf.7761d0cead12236b06e1c3fcc7a1a965.jpg,640,640
IMG_20210920_145022_output_jpg.rf.b93783fdf299a691ada672d77e689da0.jpg,640,640
IMG_20210920_145022_output_jpg.rf.e1aec9504b2e9a05785599f889d93f0d.jpg,640,640
IMG_20210920_145044_output-jpg_flip_png_jpg.rf.849603611f542ffc2449d8087c412f3a.jpg,640,640
IMG_20210920_145044_output-jpg_flip_png_jpg.rf.c3d9c68fd5187a5720d6452d58c4c5db.jpg,640,640
IMG_20210920_145044_output_jpg.rf.6f1934481acce24d35dc06f93d6d2117.jpg,640,640
IMG_20210920_145044_output_jpg.rf.a53f8b1281bad847cd33ddcecdc185e4.jpg,640,640
IMG_20210920_145044_output_jpg.rf.c49d0208ec2c7ffd6bd44387f25d2966.jpg,640,640
IMG_20210920_145859_output-jpg_flip_png_jpg.rf.207808f1dc7bed92d4cdfe937bf6498f.jpg,640,640
IMG_20210920_145859_output-jpg_flip_png_jpg.rf.4051af1d89389fe2e0e6980b46781343.jpg,640,640
IMG_20210920_145859_output-jpg_flip_png_jpg.rf.6ee69066dfb9b052efb9e0635fdb9ddd.jpg,640,640
IMG_20210920_145859_output-jpg_flip_png_jpg.rf.72a1d9029550f02038091bda6e440c11.jpg,640,640
IMG_20210920_145859_output-jpg_flip_png_jpg.rf.7ad1b0a0a0e898e68cd877115582e1a7.jpg,640,640
IMG_20210920_145859_output-jpg_flip_png_jpg.rf.e6ee1a67757f6ee2abb9e6380bb591ed.jpg,640,640
IMG_20210920_145859_output_jpg.rf.252d9ecf7a043ff8d8e7c77875e0bca9.jpg,640,640
IMG_20210920_145859_output_jpg.rf.3373cf2b16010402e602ca364fec2f08.jpg,640,640
IMG_20210920_145859_output_jpg.rf.417b77c7dc9bf675b520211e26a554ce.jpg,640,640
IMG_20210920_145859_output_jpg.rf.581eafd7dbaff3e4936ba7f202689281.jpg,640,640
IMG_20210920_145859_output_jpg.rf.59a93da435d9f210482f2cba9dee7214.jpg,640,640
IMG_20210920_145859_output_jpg.rf.60a25f332114463d63711a1c01a4066b.jpg,640,640
IMG_20210920_145859_output_jpg.rf.6ada7405efff3e07de47c26f2ca07ef6.jpg,640,640
IMG_20210920_145859_output_jpg.rf.756c48a280b7fba854d5f089815ca22a.jpg,640,640
IMG_20210920_145859_output_jpg.rf.78d20c045a7195f6ebd923c5588bf20c.jpg,640,640
IMG_20210920_145859_output_jpg.rf.9d87f9494a815330b358956c44774c29.jpg,640,640
IMG_20210920_145859_output_jpg.rf.b4d44bfb9f9298a322f2e00740f5f33c.jpg,640,640
IMG_20210920_145859_output_jpg.rf.c86bda8824d26557bc9fad9bde07d0e0.jpg,640,640
IMG_20210920_145859_output_jpg.rf.fab3a100b3e25d6b0871a7c2d9fab475.jpg,640,640
IMG_20210920_145859_output_jpg.rf.fc656ec12eb3aadccccc52ba2f23fea3.jpg,640,640
IMG_20210920_145859_output_jpg.rf.ffd561648285c1938960b755762e64e6.jpg,640,640
IMG_20210920_150148_output-jpg_flip_png_jpg.rf.05bf2b9814bc750ea964a4ec4e50477f.jpg,640,640
IMG_20210920_150148_output-jpg_flip_png_jpg.rf.08bce26b167ebaaf437e8e149b585c5d.jpg,640,640
IMG_20210920_150148_output-jpg_flip_png_jpg.rf.09bf05e1a47ced3d1875a6f476888a4c.jpg,640,640
IMG_20210920_150148_output-jpg_flip_png_jpg.rf.2de400bd0ec8539f0cf4669871cbfb98.jpg,640,640
IMG_20210920_150148_output-jpg_flip_png_jpg.rf.30bce7d476dd9ddd2f862134cc5fa2c6.jpg,640,640
IMG_20210920_150148_output-jpg_flip_png_jpg.rf.d0514bc156d4033f478e9468fbfd5765.jpg,640,640
IMG_20210920_150148_output_jpg.rf.24c06d49d478329707a9cc70842efdaf.jpg,640,640
IMG_20210920_150148_output_jpg.rf.6914da5d59cf147f9570aa8f9a2dff2f.jpg,640,640
IMG_20210920_150148_output_jpg.rf.b175c04f8126ce9260e6946a47420bae.jpg,640,640
IMG_20210920_152938_output_jpg.rf.05f170c91a2040c7677899b8a988867b.jpg,640,640
IMG_20210920_152938_output_jpg.rf.9f20475097927990fc548b3a98967082.jpg,640,640
IMG_20210920_152938_output_jpg.rf.ae2e53e2319c5d1b3cfbd7a823973a5c.jpg,640,640
IMG_20210920_152938_output_jpg.rf.ee4fb5f2d07c6cad4be471b04b4ae5f7.jpg,640,640
IMG_20210920_155334_output_jpg.rf.2e4958d8f529d554dec55bae4c8ccc23.jpg,640,640
IMG_20210920_155339_output_jpg.rf.ba9c3a343fab1bb379c16ddfa9c726c6.jpg,640,640
IMG_20210920_155339_output_jpg.rf.c6680027a5dc66ae730fdc0a44f55b3c.jpg,640,640
IMG_20210920_155339_output_jpg.rf.c710f98c77213bda993481c114592d7c.jpg,640,640
IMG_20210920_155339_output_jpg.rf.ea0319a5d288e2249b050d143c51e63b.jpg,640,640
IMG_20210920_155453_output_jpg.rf.113fecf8a395a488288857103df7b4ba.jpg,640,640
IMG_20210920_155453_output_jpg.rf.5c7ce4a2db44473b7af8cae04f12bf2e.jpg,640,640
IMG_20210920_155453_output_jpg.rf.65a7a193b2cb94d045f3164c84c24d00.jpg,640,640
IMG_20210920_155455_output_jpg.rf.0bf1f7443469a32a3fe58750ea5b3050.jpg,640,640
IMG_20210920_155455_output_jpg.rf.43ec7c2589dc80e0b244a8b3eda6ef76.jpg,640,640
IMG_20210920_155455_output_jpg.rf.9044ed5067ece79757dded8dfa1a5b1a.jpg,640,640
IMG_20210920_155455_output_jpg.rf.d0aa614a972387a44099114fadcdd39a.jpg,640,640
IMG_20210920_155540_output-jpg_flip_png_jpg.rf.14535e8939c3a760971c76024bc55341.jpg,640,640
IMG_20210920_155540_output-jpg_flip_png_jpg.rf.467a4a48c35e56626af1d34487328e8c.jpg,640,640
IMG_20210920_155540_output-jpg_flip_png_jpg.rf.5dd69746149953ec469b9007cb8aac0a.jpg,640,640
IMG_20210920_155540_output-jpg_flip_png_jpg.rf.923a71c5caf9470646563e0c0d933801.jpg,640,640
IMG_20210920_155540_output-jpg_flip_png_jpg.rf.b6db9773f90317fb5ecd0631ac62bf1b.jpg,640,640
IMG_20210920_155540_output-jpg_flip_png_jpg.rf.f732235df58bb5ef46e0e7ef5d2323ca.jpg,640,640
IMG_20210920_155540_output_jpg.rf.1917a33d20075a8d904375f12980ffd5.jpg,640,640
IMG_20210920_155540_output_jpg.rf.2c5876b362e88e0b8f8226ec5b0bf0af.jpg,640,640
IMG_20210920_155540_output_jpg.rf.4e13bffeb1c1b297d448d105096ab0bf.jpg,640,640
IMG_20210920_155540_output_jpg.rf.5223748ca71f35a009f31b7e98db022d.jpg,640,640
IMG_20210920_155540_output_jpg.rf.9d2dd5745c23901851737b4a279cbc57.jpg,640,640
IMG_20210920_155540_output_jpg.rf.a421ab38b98e959efa516adccd4cc42c.jpg,640,640
IMG_20210920_160819_output_jpg.rf.0d89d465f08e42ca08693f3830d1ad2c.jpg,640,640
IMG_20210920_160819_output_jpg.rf.5159c6b9da62d87a244fce2d84b30f25.jpg,640,640
IMG_20210920_160819_output_jpg.rf.525f5557cb161fc878a10fa74afaf9c7.jpg,640,640
IMG_20210920_160819_output_jpg.rf.57177bc382cdde94cee1cb5832d8aeaf.jpg,640,640
IMG_20210920_160819_output_jpg.rf.ae7b01e1f3fd9f3284444ec08e79ebde.jpg,640,640
IMG_20210920_160819_output_jpg.rf.b26db0995200cb73b5658c8b966e04d2.jpg,640,640
IMG_20210920_161229_output_jpg.rf.00d011090de61a69cf1300967da5e56e.jpg,640,640
IMG_20210920_161229_output_jpg.rf.942d8acae70afc168f62634467764d69.jpg,640,640
IMG_20210920_161229_output_jpg.rf.dff8b48df1242e06212b82f1606d78ed.jpg,640,640
IMG_20210920_161229_output_jpg.rf.fbfb6b17cc827df8f11096faea5554b6.jpg,640,640
IMG_20210920_161238_output_jpg.rf.514ccdb011b1362acf15efaa5670ffd3.jpg,640,640
IMG_20210920_161238_output_jpg.rf.7f7c93bffe51a9c538fb915e3088a54d.jpg,640,640
IMG_20210920_161238_output_jpg.rf.887c1ea5685edf23851bd6d07f941d19.jpg,640,640
IMG_20210920_161238_output_jpg.rf.aa94da7fe2c32a9f014ada5f4ee9bc51.jpg,640,640
IMG_20210920_161333_output_jpg.rf.100e3f61ac8cc764559f8536cf2c9f8e.jpg,640,640
IMG_20210920_161333_output_jpg.rf.1774d600ce868631fe9e33e4fed81498.jpg,640,640
IMG_20210920_161333_output_jpg.rf.5dc3d752e10bd1d46453d330a3683915.jpg,640,640
IMG_20210920_161333_output_jpg.rf.883c53e99ce96e43868ab3b8ab63ffcd.jpg,640,640
IMG_20210920_161712_output_jpg.rf.8e182d5c19d04340f30618707cd9bd72.jpg,640,640
IMG_20220601_130429_jpg.rf.0e5852d9c463460e03ea26ff069e66df.jpg,416,416
IMG_20220601_130429_jpg.rf.2a6e0269cdcc13f4a43c199ee8070dd2.jpg,416,416
IMG_20220601_130429_jpg.rf.540e03755dfc6ff017a1db92f7489bc0.jpg,640,640
IMG_20220601_130429_jpg.rf.bcfb4c7e9e036e7fa6f42523812dabff.jpg,640,640
IMG_20220601_130429_jpg.rf.fca3212374168675cc8c0e631c6b6852.jpg,640,640
IMG_20220601_130429_jpg.rf.fd6514248ec016a915f47a4706607faa.jpg,416,416
IMG_20220601_130431_jpg.rf.21eec1d449ad9dafdf99562cf15ace2c.jpg,640,640
IMG_20220601_130431_jpg.rf.267236630c565e63e15edd4dfcaa9a34.jpg,640,640
IMG_20220601_130431_jpg.rf.71d03c4d5d142ca588171ad1a682c363.jpg,416,416
IMG_20220601_130431_jpg.rf.9b535c47e0137adc2f96dce115bcdae2.jpg,640,640
IMG_20220601_130431_jpg.rf.b913a08a8619b28b71d932a1875cef66.jpg,416,416
IMG_20220601_130431_jpg.rf.cb948c95b391ec91ef6ebc64474f2e1b.jpg,416,416
IMG_20220601_130431_jpg.rf.f49bdb468ade9c488692d75172ab5d77.jpg,640,640
IMG_20220601_130435_jpg.rf.3af6b709d1f791d43a0814006619a342.jpg,416,416
IMG_20220601_130435_jpg.rf.743fee3f73b8b5936acaf22aa131cb16.jpg,416,416
IMG_20220601_130435_jpg.rf.7f4489d615a6add1b6c06a8ef5f0dad5.jpg,640,640
IMG_20220601_130435_jpg.rf.a4efb1f1b4edef63fd2c0dd6a4c25d9d.jpg,640,640
IMG_20220601_130435_jpg.rf.aafcca0ad7a1916f49ee1ea37c8fd90d.jpg,640,640
IMG_20220601_130435_jpg.rf.b40528df9c98159d9d239da99bb0b763.jpg,416,416
IMG_20220601_130435_jpg.rf.f223732675fd19fe126ef4fc7e45b92a.jpg,640,640
IMG_20220601_130438_jpg.rf.54960c055ef802d605af610403bdf473.jpg,640,640
IMG_20220601_130438_jpg.rf.6cb78844a2d377a113c375409be7309c.jpg,640,640
IMG_20220601_130438_jpg.rf.92fe0c937c2e85d5110d3c8b53069136.jpg,416,416
IMG_20220601_130438_jpg.rf.9821cf0e4cab8d2149d74177e4063e9f.jpg,640,640
IMG_20220601_130438_jpg.rf.af888c66ab36378650b1368bf34444b8.jpg,640,640
IMG_20220601_130438_jpg.rf.c95a77bdcf4b2c39756bb3229ecf4c54.jpg,416,416
IMG_20220601_130438_jpg.rf.d747a25f360c5d282430583725dec7e0.jpg,416,416
IMG_20220601_130443_jpg.rf.0ba55697214f6f21a7c35809040c561c.jpg,640,640
IMG_20220601_130443_jpg.rf.20c0be8a7b437e9cd38540eaf553defe.jpg,416,416
IMG_20220601_130443_jpg.rf.36bfaf936632b119860d716218945d86.jpg,640,640
IMG_20220601_130443_jpg.rf.53b3b8c5034a7803fc37aee286a8ac42.jpg,416,416
IMG_20220601_130443_jpg.rf.7776654e4f3529212b0d68ca2f549ab4.jpg,640,640
IMG_20220601_130443_jpg.rf.77d6b6bcda3833852c14ab4fb881ca49.jpg,416,416
IMG_20220601_130443_jpg.rf.969c871e9363ca82016e10ed33087c4d.jpg,640,640
IMG_20220601_130443_jpg.rf.ad7641c0a39706189afbdf52a451d8d5.jpg,640,640
IMG_20220601_130445_jpg.rf.46d5e40355376bbd0ff7d4ee4ded624f.jpg,416,416
IMG_20220601_130449_jpg.rf.39e499684cff800f9e77732d92852219.jpg,640,640
IMG_20220601_130449_jpg.rf.601a897f7174dd41b1d923faf71ee816.jpg,640,640
IMG_20220601_130449_jpg.rf.6390c5e83da2a7e3e3922896ecfa3877.jpg,416,416
IMG_20220601_130449_jpg.rf.a24e2936399a2e9de16f4b482a59d037.jpg,416,416
IMG_20220601_130449_jpg.rf.c7e780c13faddb128937b14cd6d78b54.jpg,640,640
IMG_20220601_130449_jpg.rf.eab75e2b1dac05b7a24e2e9fa7299235.jpg,416,416
IMG_20220601_130453_jpg.rf.b7170ba630d2930b4574978d7e39eb0e.jpg,416,416
IMG_20220601_130456_jpg.rf.0f69f050af2ad124c23b91151cad9064.jpg,640,640
IMG_20220601_130456_jpg.rf.14e698eeed92fc08e5d60a2175f692eb.jpg,416,416
IMG_20220601_130456_jpg.rf.7dd5fe188e19d0c3ea64e88f0a11b6f1.jpg,640,640
IMG_20220601_130456_jpg.rf.915c476129b6d6f342931948f7f71382.jpg,416,416
IMG_20220601_130456_jpg.rf.d7514feaedb71d5c3fd9d50ab1479af7.jpg,640,640
IMG_20220601_130456_jpg.rf.e9d42d7e5fc984522404048815641918.jpg,416,416
IMG_20220601_130501_jpg.rf.ec8e0b55e80d173bddfede5a042b95cf.jpg,416,416
IMG_20220601_130504_jpg.rf.8bd7cc8fac6146692b0dd09b2281dbe8.jpg,416,416
IMG_20220601_130520_jpg.rf.455784b9fdd7674bf9cce44624c6c4c4.jpg,416,416
IMG_20220601_130536_jpg.rf.749f9c622461792f1e1805ae24e2b996.jpg,416,416
IMG_20220601_130536_jpg.rf.81f1f9d1af312ddd21d1635c1ed8e8dc.jpg,416,416
IMG_20220601_130536_jpg.rf.9f71e84b0c45c4d4ec4ca7935e763693.jpg,416,416
IMG_20220601_130536_jpg.rf.b004fef033ff45291bcbe6534c0fc006.jpg,640,640
IMG_20220601_130536_jpg.rf.ce763181eec2835e23759faad3cf35e3.jpg,640,640
IMG_20220601_130540_jpg.rf.0403e632d8ae17b0dba0fb530f4dc751.jpg,416,416
IMG_20220601_130540_jpg.rf.2021897095476e89dc4f4f7308c8c302.jpg,640,640
IMG_20220601_130540_jpg.rf.2dc35d2db2c8512d6ed4791d1833f7ad.jpg,416,416
IMG_20220601_130540_jpg.rf.d097603c638077aeef9e1c20f7eb3469.jpg,416,416
IMG_20220601_130551_jpg.rf.6cf4d8cb18697dc501296dd1a89c3849.jpg,416,416
IMG_20220601_130554_jpg.rf.1c77b2bf2e2800541d57a15defc29e36.jpg,416,416
IMG_20220601_130554_jpg.rf.24ca79160ad4523fe44437339261b6db.jpg,640,640
IMG_20220601_130554_jpg.rf.63680a26d71469f9359ae638d26d8a30.jpg,416,416
IMG_20220601_130554_jpg.rf.a62f0a078b644377038d68193dee46ba.jpg,416,416
IMG_20220601_130555_jpg.rf.571c290669074af2eb32b9cb5dbb7de5.jpg,416,416
IMG_20220601_130555_jpg.rf.6cf15ffac8298c31c18f78807c70c13b.jpg,416,416
IMG_20220601_130555_jpg.rf.90611581e96995346c9df05ba32c7b1a.jpg,416,416
IMG_20220601_130609_jpg.rf.003fe91c9cab3a2b12c1b9b5f3ec0f1a.jpg,416,416
IMG_20220601_130609_jpg.rf.1321232c3a68bd99f7d981e9370533fe.jpg,416,416
IMG_20220601_130609_jpg.rf.3bbfdc3c6842e5b87f85bd89d411ed46.jpg,640,640
IMG_20220601_130609_jpg.rf.57b46e0f0079076a97c3ce3866c49c6c.jpg,416,416
IMG_20220601_130615_jpg.rf.40f717c0d882f9132bb69cd8c53ae357.jpg,416,416
IMG_20220601_130619_jpg.rf.d47e58e767486358c5226deffb7584be.jpg,416,416
IMG_20220601_130619_jpg.rf.d80b69cc9ce2ca3803d44cff2e861bb2.jpg,416,416
IMG_20220601_130620_jpg.rf.1efda31ffe02da81d4e7a9cee9693f57.jpg,416,416
IMG_20220601_130620_jpg.rf.253ced58ba6b76b89f54e42f6dfd422d.jpg,416,416
IMG_20220601_130620_jpg.rf.43d94fa9cd647112405980c9244a547d.jpg,416,416
IMG_20220601_130622_jpg.rf.7d79c14f5d6bba20347339ca6136c27f.jpg,416,416
IMG_20220601_130623_jpg.rf.0a1c2c5ee2b81c35cd826f1114a64555.jpg,416,416
IMG_20220601_130623_jpg.rf.7fdb43e64e381e0d49cb45f5f3baa49b.jpg,416,416
IMG_20220601_130623_jpg.rf.aa23cb2e3fe82f67c3fb646d6ecee3f0.jpg,416,416
IMG_20220601_130625_jpg.rf.66be55a09fb09d4d0552c52e0b4c0888.jpg,416,416
IMG_20220601_130629_jpg.rf.a8e36970454aaba7e754c47e1c66595b.jpg,416,416
IMG_20220601_130927_jpg.rf.b0d062799d503e2585b238b08d8e0f38.jpg,416,416
IMG_20220601_130930_jpg.rf.320b951648b11ab4fc1563be218c3971.jpg,416,416
IMG_20220601_130930_jpg.rf.4aa43acdbbfbee5e879bb4077593c1ac.jpg,416,416
IMG_20220601_130930_jpg.rf.4ac04b1c2b80c501bb5c8d71e077edfa.jpg,416,416
IMG_20220601_130932_jpg.rf.490644284b5861193d05cf4748b41271.jpg,416,416
IMG_20220601_130937_jpg.rf.190c2b2e9f3a0cd816cd40bb534d220c.jpg,416,416
IMG_20220601_130937_jpg.rf.3e9889f42279c7981a340054c9fb0ddb.jpg,416,416
IMG_20220601_130937_jpg.rf.760153cbd677cb91d236caca47dd3ea6.jpg,416,416
IMG_20220601_130945_jpg.rf.490e12fd905dad19116ccbe62adf99ad.jpg,416,416
IMG_20220601_130945_jpg.rf.7e0799d1ad716cb900180f4e0fd5b9de.jpg,416,416
IMG_20220601_130945_jpg.rf.83eb1a478151dc45684e070833d4ac5c.jpg,416,416
IMG_20220601_130950_jpg.rf.7bf67dc51a935e628f069b353b93a71e.jpg,416,416
IMG_20230814_090803_jpg.rf.6cf01a024f3e9c38f70a3896f70fecc7.jpg,3000,4000
IMG_20230814_090803_jpg.rf.7316ffca6d8e0b82f800afeccbc66e11.jpg,640,640
IMG_20230814_090803_jpg.rf.7f8febabd1730dd02e417a40848f3536.jpg,640,640
IMG_20230814_090806_jpg.rf.5efc655ce3f58d4d973bb81ee61098c2.jpg,640,640
IMG_20230814_090806_jpg.rf.b388593e6a5a86511cc586ac10d0dccb.jpg,3000,4000
IMG_20230814_090806_jpg.rf.bfbc84cbcaabd0aee457bece542c333f.jpg,640,640
IMG_20230814_090841_jpg.rf.1469ce07ed6c37d01c9869952f558bc0.jpg,3000,4000
IMG_20230814_090841_jpg.rf.226c9e4437c01b394e3e7bdfbb756f1a.jpg,640,640
IMG_20230814_090841_jpg.rf.b912b90322d730854b02c4d5dcd405b3.jpg,640,640
IMG_20230814_090846_jpg.rf.73653040060db0ef706f16e59c542d7f.jpg,640,640
IMG_20230814_090846_jpg.rf.7af39f86b898370f8eb2591caef75073.jpg,4000,3000
IMG_20230814_090846_jpg.rf.c9aef47ec8ba2652e1fedf20eb3119d6.jpg,640,640
IMG_20230814_090854_jpg.rf.03e4929fc7970b515649452f582c038a.jpg,3000,4000
IMG_20230814_090854_jpg.rf.379905e0e5742789372dce4939e4ca51.jpg,640,640
IMG_20230814_090854_jpg.rf.e870f834314523965123a2c072c03c98.jpg,640,640
IMG_20241105_112638_jpg.rf.743f30a78d474c59df7737a158232c13.jpg,4080,3072
IMG_20241105_112639_jpg.rf.bdb939c9bd7070005e7b1b3f3cc6bdba.jpg,4080,3072
IMG_20241105_112640_jpg.rf.45f17ed90c7a058febe9460836b00b7e.jpg,4080,3072
IMG_20241105_112641_jpg.rf.6d0f8b574f6a7f86a86335dbb53837ff.jpg,4080,3072
IMG_20241105_112642_jpg.rf.88576a545cfecf642cb1dff7ff305f51.jpg,4080,3072
IMG_20241105_112643_jpg.rf.409ac4347695c4dd85b75e2700a55334.jpg,4080,3072
IMG_20241105_112644_1_jpg.rf.0495eef3f6c76117c551270a9e76f556.jpg,4080,3072
IMG_20241105_112644_jpg.rf.6d4629b95e93a45be5782b3da3bf3989.jpg,4080,3072
IMG_20241105_112646_jpg.rf.799adbd41b681a5c5ec64f0333b89248.jpg,4080,3072
IMG_20241105_112647_jpg.rf.07af5108af8d437be416b91b9444f3e1.jpg,4080,3072
IMG_20241105_112648_jpg.rf.d75cf8484b82bcf86fffaf6beed77c10.jpg,4080,3072
IMG_20241105_112649_1_jpg.rf.b7548774e3780e3fb456eb7d89b851cc.jpg,4080,3072
IMG_20241105_112649_jpg.rf.9dd12a44f051f2ac9e7a686e851ead0c.jpg,4080,3072
IMG_20241105_112650_1_jpg.rf.ca6f9087070815b001ffb74089cfe7ea.jpg,4080,3072
IMG_20241105_112650_jpg.rf.6cfe436176329e11c1a8d992d101c1bd.jpg,4080,3072
IMG_20241105_112652_jpg.rf.73e94a592b8ddad09b606fa2996b0545.jpg,4080,3072
IMG_20241105_112654_jpg.rf.00994a406e621abdfeaca74b04104b1a.jpg,4080,3072
IMG_20241105_112704_jpg.rf.4407f21034f8e238cd4786e150e015ae.jpg,4080,3072
IMG_20241105_112706_jpg.rf.e53ce4a01a23bfeb97b7a075ccf0fdd5.jpg,4080,3072
IMG_20241105_112708_jpg.rf.0cdd68f2f5e122baf0cbe2ecf5b22ae2.jpg,4080,3072
IMG_20241112_114509_jpg.rf.c0712de858a674095be19bb1f8125e6f.jpg,3072,4080
IMG_20241112_114545_jpg.rf.34384799bc2012db4b2712fad363549d.jpg,3072,4080
IMG_20241112_114551_jpg.rf.2a033af3ced19086a31a1f7eefebc974.jpg,3072,4080
IMG_20241112_114615_jpg.rf.5075e2611b0589396a63b8385d8a3a48.jpg,3072,4080
IMG_20241112_114931_jpg.rf.a0a0e9f6885b462f59a1f61d94f01fe6.jpg,3072,4080
IMG_20241112_114937_jpg.rf.eef7b433d0621ea172aca98613664b17.jpg,3072,4080
IMG_20241112_114958_jpg.rf.5be9b1474e4ef6a8aa55e615c4a2e1cf.jpg,3072,4080
IMG_20241112_115014_jpg.rf.c3802f56d66982cdb7a691cb9923862b.jpg,3072,4080
IMG_4732_png_jpg.rf.0a2bd57c71e3e7327a884098a5b3e52a.jpg,640,640
IMG_4741_mp4-10_jpg.rf.87868b050f05fad7e567f7a10a139d36.jpg,640,640
IMG_4741_mp4-19_jpg.rf.0e5cf06360d59fc393058f63e931bc54.jpg,640,640
IMG_4741_mp4-24_jpg.rf.3f09a8cddd212d8986b0159734ac1a38.jpg,640,640
IMG_4741_mp4-29_jpg.rf.23db0779da7402f6af65e7b32fa6d69b.jpg,640,640
IMG_4741_mp4-30_jpg.rf.ed53fdc488579b2a396d11ffa43eed4c.jpg,640,640
IMG_4741_mp4-31_jpg.rf.5851b68f104ea18d0c1ee54fc1ab91aa.jpg,640,640
IMG_4741_mp4-32_jpg.rf.91153fd84362d579a471efeb24693a92.jpg,640,640
IMG_4741_mp4-33_jpg.rf.143c0df989519d04c9928cdc75a83390.jpg,640,640
IMG_4741_mp4-35_jpg.rf.eee01a38da18b5c94beb2a069b442638.jpg,640,640
IMG_4741_mp4-38_jpg.rf.0540d09045e854440888a9e424a91f94.jpg,640,640
IMG_4741_mp4-38_jpg.rf.10ce7e9c1c29f9f48a6eb53d89643109.jpg,640,640
istockphoto-1074547564-612x612_jpg.rf.06793c824677dad06b05288212fd4f13.jpg,640,640
istockphoto-1077116946-612x612_jpg.rf.8260c2871748a04d37e4d2f91186521c.jpg,640,640
istockphoto-1079149608-612x612_jpg.rf.42bb836acfcb67f9287ce869d24bdaef.jpg,640,640
istockphoto-1083119552-612x612_jpg.rf.c32a7a62df55d1fd0a48afb283a55bfd.jpg,640,640
istockphoto-1083119558-612x612_jpg.rf.c0b0811e4e4daf45d463c9103a95660a.jpg,640,640
istockphoto-1084285442-612x612_jpg.rf.913174bafa625cf0106fd452f8cdad0e.jpg,640,640
istockphoto-108679173-612x612_jpg.rf.b7c27e513594e8d7cf92ef981f090468.jpg,640,640
istockphoto-1094185184-612x612_jpg.rf.4405c3913889d7c4014a4511df9f9eea.jpg,640,640
istockphoto-1094185204-612x612_jpg.rf.d6cb614fe1c517dec8fb82bcabbd5ef1.jpg,640,640
istockphoto-1094785344-612x612_jpg.rf.34a9c722a926deca5edd60a52f2a32ae.jpg,640,640
istockphoto-1095044000-612x612_jpg.rf.fea479e7f0b0edb63dc63909368a71fb.jpg,640,640
istockphoto-1095774512-612x612_jpg.rf.3a9edf2f15d18de838df52e92f6d9817.jpg,640,640
istockphoto-1097674494-612x612_jpg.rf.0c41ff03231a77731bc80b24a77afcdc.jpg,640,640
istockphoto-1097674910-612x612_jpg.rf.5cd1b8a301af32351b97e341b6f10bed.jpg,640,640
istockphoto-1097676248-612x612_jpg.rf.1c20d59e792d6c781ba41ed9c082bc02.jpg,640,640
istockphoto-1097676332-612x612_jpg.rf.b18e2cee063ebf2e8a2735ef3cf1bd94.jpg,640,640
istockphoto-1097676454-612x612_jpg.rf.4cb106cbe6cd359f57c98de2204656ba.jpg,640,640
istockphoto-1097676626-612x612_jpg.rf.fabcd54b06ae371a75bda324b2b4d93b.jpg,640,640
istockphoto-1097676812-612x612_jpg.rf.3c33926a6d7be0ec3896236629a643d6.jpg,640,640
istockphoto-1097676832-612x612_jpg.rf.d77b08aa4be8cb5102e5fded07402a83.jpg,640,640
istockphoto-1097676940-612x612_jpg.rf.b34e9e964d83f912e19d9e48805b8202.jpg,640,640
istockphoto-1097680194-612x612_jpg.rf.9276ccc0900eecfea67248c0736fdf2a.jpg,640,640
istockphoto-1098030898-612x612_jpg.rf.9d7f6f337c91d2b8911e8317165f335f.jpg,640,640
istockphoto-1098285724-612x612_jpg.rf.6b5d249272f30dd47b173533eb91b91c.jpg,640,640
istockphoto-1126158285-612x612_jpg.rf.4795bb4543e2b75152b2e9db30ddf2de.jpg,640,640
istockphoto-1127074972-612x612_jpg.rf.269a734a9baf09b852a3470c9987a4eb.jpg,640,640
istockphoto-1129266872-612x612_jpg.rf.ef6995a41606364af8404d2ba7489612.jpg,640,640
istockphoto-1131306466-612x612_jpg.rf.cb09d4623bf55f9d4ea0b863c98bb1bb.jpg,640,640
istockphoto-1131703584-612x612_jpg.rf.8be961b4296cb2bb3e855f7034b794ec.jpg,640,640
istockphoto-1132075897-612x612_jpg.rf.2d4b85fef0370ed61e4a715ad948960f.jpg,640,640
istockphoto-1132221237-612x612_jpg.rf.788decc4f60dc3c8d76176ad05bc3918.jpg,640,640
istockphoto-1134949640-612x612_jpg.rf.006615802edc7829d4b515f327584725.jpg,640,640
istockphoto-1136044402-612x612_jpg.rf.882b7de28f2799444ae84bd0dfe29142.jpg,640,640
istockphoto-1136997710-612x612_jpg.rf.fc0ca7303ef9822555e9ae7d3450adbc.jpg,640,640
istockphoto-1139593074-612x612_jpg.rf.1d8c8a9f98637e82a29e6a6dc0a3b6a7.jpg,640,640
istockphoto-1140821789-612x612_jpg.rf.e26d44d0e1fe5624411bed3f10fb3bcf.jpg,640,640
istockphoto-1140824177-612x612_jpg.rf.ad5cc8578f7f88e5b79a0d0a19fbdd42.jpg,640,640
istockphoto-1140824208-612x612_jpg.rf.dd23f020ae56eecc88afc5426c279fa4.jpg,640,640
istockphoto-1140824730-612x612_jpg.rf.71baca965994d0242b99a69064174a19.jpg,640,640
istockphoto-1142118649-612x612_jpg.rf.492b0ea7cbc19098f2f69c0d622ab579.jpg,640,640
istockphoto-1143085531-612x612_jpg.rf.a1a0fdaf9083081c3e54d7c83952fc3b.jpg,640,640
istockphoto-1145005671-612x612_jpg.rf.e2049dbe5065e98b5c0b045d8c618b71.jpg,640,640
istockphoto-1145675378-612x612_jpg.rf.2ddfab7a8e2b1a4138854175aa39658a.jpg,640,640
istockphoto-1145675408-612x612_jpg.rf.389936a3001708ec00a1bda2f9b9c752.jpg,640,640
istockphoto-1149243837-612x612_jpg.rf.d9bd081cd465f2bca5554204f1626f10.jpg,640,640
istockphoto-1149281780-612x612_jpg.rf.cee568d2730e4dc69a30da4e2e303992.jpg,640,640
istockphoto-1149996157-612x612_jpg.rf.f7c187fe356c19c3545881373c6b0275.jpg,640,640
istockphoto-1153064528-612x612_jpg.rf.701659e6b07c5842fdd2812cfe2afc75.jpg,640,640
istockphoto-1153064535-612x612_jpg.rf.e436ff2b85c5c79cea8efb24dc81fa77.jpg,640,640
istockphoto-1153064542-612x612_jpg.rf.d0fc39489d5b3a666cef810402f815de.jpg,640,640
istockphoto-1153064651-612x612_jpg.rf.edc8436853ccc22417709ab5b13b2de1.jpg,640,640
istockphoto-1153537533-612x612_jpg.rf.990690f0bfc5028595f858b8cb0ae471.jpg,640,640
istockphoto-1156305656-612x612_jpg.rf.6f33856de0d0f8e128c9a3b41ac6ff48.jpg,640,640
istockphoto-1156306015-612x612_jpg.rf.3e50e3a2dfdda54a205b91a7a2a9dd2a.jpg,640,640
istockphoto-1156319986-612x612_jpg.rf.2c81880f5d118c9a630e378288e249f8.jpg,640,640
istockphoto-1156320658-612x612_jpg.rf.eacab848f16999ab84f2b102a536b950.jpg,640,640
istockphoto-1156320773-612x612_jpg.rf.1ddc8b26d17f65e78f169d6e1564b162.jpg,640,640
istockphoto-1157009333-612x612_jpg.rf.cf4b59abeb9af351761bcfeb4f59ba25.jpg,640,640
istockphoto-1157099210-612x612_jpg.rf.ab78faedad4bccff3b2d89d2ebacb2b9.jpg,640,640
istockphoto-1157099409-612x612_jpg.rf.3221e8eadfc10edf3629261e8059006f.jpg,640,640
istockphoto-1157100374-612x612_jpg.rf.325c09c983d35f3b87f94b09ee02d65f.jpg,640,640
istockphoto-1157100436-612x612_jpg.rf.40dc8ddb8ae9f0217c24b878dfed81cc.jpg,640,640
istockphoto-1157405966-612x612_jpg.rf.623eaba5995bb48a106a1e01cab34d0e.jpg,640,640
istockphoto-1157534512-612x612_jpg.rf.66129177c9aaa74c3c82f13b0e0cf4a0.jpg,640,640
istockphoto-1158148425-612x612_jpg.rf.c9c52139aa6ee018c63c99bfb15f9b7d.jpg,640,640
istockphoto-1158667352-612x612_jpg.rf.a2000a801b22b58a21b39b6373789fe9.jpg,640,640
istockphoto-1159947944-612x612_jpg.rf.354d525eea7c1781fc6888d372c6e344.jpg,640,640
istockphoto-1160671884-612x612_jpg.rf.7ec2ced2a38579a40cf61335ce5dffca.jpg,640,640
istockphoto-1161176490-612x612_jpg.rf.87282f5daf19a1b0b98e1a6ddc77ec16.jpg,640,640
istockphoto-1166257735-612x612_jpg.rf.83fc3ba9ba48b4b3ac278f2a38cf4c0f.jpg,640,640
istockphoto-1166260129-612x612_jpg.rf.3f4958bed2499062c56801e26fe1bce6.jpg,640,640
istockphoto-1166863039-612x612_jpg.rf.dd9260e81bc72abd7c7b595b72098ce6.jpg,640,640
istockphoto-1167890969-612x612_jpg.rf.8e90a1738ee503e57c6710395e396c19.jpg,640,640
istockphoto-1167962532-612x612_jpg.rf.c1db7eed7545aa70095eae0db35cfbd7.jpg,640,640
istockphoto-1167964126-612x612_jpg.rf.f7f57e074371cea369a878133f06ef4b.jpg,640,640
istockphoto-1167964880-612x612_jpg.rf.8b1fb9a01dbea6801c23bc25dc76c022.jpg,640,640
istockphoto-1168524240-612x612_jpg.rf.38c31d2ab51cebdf68a398dd3451d017.jpg,640,640
istockphoto-1168781129-612x612_jpg.rf.5659acebe5b8c1571dcf8ef4a1c16bec.jpg,640,640
istockphoto-1168793747-612x612_jpg.rf.32c5804a55ab61db9b02e2419c0ed05b.jpg,640,640
istockphoto-1169412978-612x612_jpg.rf.be43b50e8ee8256f6902a6557ed6cf0d.jpg,640,640
istockphoto-1170428170-612x612_jpg.rf.7abc56d09fba035d5c9f38c43bf0f1d1.jpg,640,640
istockphoto-1171308255-612x612_jpg.rf.2ffdd82fa25b8c4ec69019c18c3eb0b4.jpg,640,640
istockphoto-1172901319-612x612_jpg.rf.c7e405e2eaa6373b32e305cd86d15f4f.jpg,640,640
istockphoto-1173584586-612x612_jpg.rf.66e5e527cfbd98b3352147dedc681d3c.jpg,640,640
istockphoto-1175666642-612x612_jpg.rf.eb2652d04ac04f8b9ca13d6747ed2097.jpg,640,640
istockphoto-1177840443-612x612_jpg.rf.31348f94834a036619ebee7a2e4212e8.jpg,640,640
istockphoto-1178582030-612x612_output_jpg.rf.2674c971ce86dbd802bc1f918c830d90.jpg,640,640
istockphoto-1178582030-612x612_output_jpg.rf.3c5baa567e0289b7cb6c64ba9aafc28a.jpg,640,640
istockphoto-1178582030-612x612_output_jpg.rf.3ce146d9e6b1515854b7dcbfc60ac801.jpg,640,640
istockphoto-1178582030-612x612_output_jpg.rf.c5df583090430ccd49dea21f80676dc0.jpg,640,640
istockphoto-1178974978-612x612_jpg.rf.2c7c9b26f229382c8d015db2f289e4d6.jpg,640,640
istockphoto-1180027409-612x612_jpg.rf.e0ed089e66c02df336d1a1e214bc2663.jpg,640,640
istockphoto-1180174241-612x612_jpg.rf.a9418364632b0353a0f8cd9eaf5dda1b.jpg,640,640
istockphoto-1182573750-612x612_jpg.rf.2ed3065b0d742ad752960fa9fca0874d.jpg,640,640
istockphoto-1182732776-612x612_jpg.rf.0532e19d66346f31ac38b6afd852651e.jpg,640,640
istockphoto-1183323453-612x612_jpg.rf.e8ca0c997262d4c7b5087a1b4f63d18a.jpg,640,640
istockphoto-1186316343-612x612_jpg.rf.00468e3e9c6a915492927d916eb9c34a.jpg,640,640
istockphoto-1186743884-612x612_jpg.rf.1b8992e0115e7fe0ca5ffbc690144602.jpg,640,640
istockphoto-1187080109-612x612_jpg.rf.2d603b14d7f52212cedb7311621a33ac.jpg,640,640
istockphoto-1187562163-612x612_jpg.rf.d44c595eb00d1a1fc88aead9e2da3093.jpg,640,640
istockphoto-1187563156-612x612_jpg.rf.e5ecf472f6d582365e8d3d2b099beb46.jpg,640,640
istockphoto-1189557933-612x612_jpg.rf.6f0ad93ae02d87e8acdfbbd686e1921b.jpg,640,640
istockphoto-1189557953-612x612_jpg.rf.e3ef5a511fad6c82a49c27a2d87ec1d0.jpg,640,640
istockphoto-1189557989-612x612_jpg.rf.0bc5dfb38c3ab74d71ab3e6b7aff3e50.jpg,640,640
istockphoto-1189558530-612x612_jpg.rf.698f8a2cfb5a2620a76d94c330ff6e17.jpg,640,640
istockphoto-1189558570-612x612_jpg.rf.024567c95a203f2c949fd4ab97da6124.jpg,640,640
istockphoto-1189558687-612x612_jpg.rf.38bc7d311e6b5668aada79f958f55296.jpg,640,640
istockphoto-1190303326-612x612_jpg.rf.8f9943dbb7c14add91eb4110e83ca2e1.jpg,640,640
istockphoto-1191351409-612x612_jpg.rf.bd557c2dd61d179aa0c98d62628adc3c.jpg,640,640
istockphoto-1191417540-612x612_jpg.rf.824dd6d856861b4042e3efdbfca0edd7.jpg,640,640
istockphoto-1191982687-612x612_jpg.rf.1f64e556f954e19f76ae785aab225424.jpg,640,640
istockphoto-1192610982-612x612_jpg.rf.28de1d99b6ce1a09d4a420bbdc8b5185.jpg,640,640
istockphoto-1194387690-612x612_jpg.rf.cf81df69aa63628055cbf38e96cbaf3d.jpg,640,640
istockphoto-1194511824-612x612_jpg.rf.74f50c8d5410a236e23784faef6c76c3.jpg,640,640
istockphoto-1194754546-612x612_jpg.rf.edd9c491d94155af97eb4296db686a86.jpg,640,640
istockphoto-1194899608-612x612_jpg.rf.61239ca4827fd1bfc15d6f52bda35dc0.jpg,640,640
istockphoto-1194899650-612x612_jpg.rf.a56cfcd3e95e4ded8afbb41c8142b79d.jpg,640,640
istockphoto-1198679191-612x612_jpg.rf.2535cad91e23f825f85d2686b18a31f6.jpg,640,640
istockphoto-1199420639-612x612_jpg.rf.ad8e5f91017e085176e40f3ee77eb880.jpg,640,640
istockphoto-1200750995-612x612_jpg.rf.cf3694272426f7d1ee13b932fbeb423a.jpg,640,640
istockphoto-1204176415-612x612_jpg.rf.fe2769af968d16b3e595e75f903d5f51.jpg,640,640
istockphoto-1205058520-612x612_jpg.rf.bdf88961fc73ebcdb5eaf200934d6959.jpg,640,640
istockphoto-1205763316-612x612_jpg.rf.4d6717e5894c8fe81f8f3d9be7cecadd.jpg,640,640
istockphoto-1206056645-612x612_jpg.rf.cb1736e9d6704b8f01a2befd47929a9c.jpg,640,640
istockphoto-1207114331-612x612_jpg.rf.e51ebdc5b53577abd4ea2fc4555b49c0.jpg,640,640
istockphoto-1208061686-612x612_jpg.rf.b03f2d1eea362d9694c76f6cf44d78ef.jpg,640,640
istockphoto-1208151197-612x612_jpg.rf.032b52a362923bef0a4cb75b3f565a75.jpg,640,640
istockphoto-1213924809-612x612_jpg.rf.58185b4c97d35eb9e2663338bfa1494b.jpg,640,640
istockphoto-1214818879-612x612_webp.rf.f042bbbfc8efd58ea980fb4161ec0b57.jpg,640,640
istockphoto-1214818905-612x612_jpg.rf.57b52e4a087e16a96e5249cb5340c28a.jpg,640,640
istockphoto-1215105663-612x612_jpg.rf.80d28dff16a2b44982e3eb88e239f191.jpg,640,640
istockphoto-121543267-612x612_jpg.rf.ce06b0cc12fff6ae0730838e15d760d0.jpg,640,640
istockphoto-1215633777-612x612_jpg.rf.d9ea2a9fc85b54ba11836e87271b1f9b.jpg,640,640
istockphoto-1219145475-612x612_jpg.rf.7dbdccfa7b84553bc186b7114dbb7c7d.jpg,640,640
istockphoto-1219198238-612x612_jpg.rf.3e446490e30cee56cc3999319c113437.jpg,640,640
istockphoto-1219592709-612x612_jpg.rf.2ecbfb6609d660f7e18337beb61914e9.jpg,640,640
istockphoto-1220505087-612x612_jpg.rf.5da2476ef08dca2087482639eab585ae.jpg,640,640
istockphoto-1221421962-612x612_jpg.rf.e5bc4da7ee65403850bc3df6ddb5ed64.jpg,640,640
istockphoto-122187426-612x612_jpg.rf.b2ab664e18b404d79784dbc81d05fb5e.jpg,640,640
istockphoto-1222395508-612x612_jpg.rf.b3f5e7f6402cc18a4f9663c518c4cbd9.jpg,640,640
istockphoto-1222462404-612x612_jpg.rf.4bba6862866c11f6e11d39b6dbef0da3.jpg,640,640
istockphoto-1222872886-612x612_jpg.rf.0c25f0bcf8cb7a195fc6042aa8b5760b.jpg,640,640
istockphoto-1223619130-612x612_jpg.rf.a7020483acae71a75cd78f34c22c6ed6.jpg,640,640
istockphoto-1224537368-612x612_jpg.rf.a4a264050237258a0dbcfcf373fabe04.jpg,640,640
istockphoto-1225108733-612x612_jpg.rf.11ad01a8eed9b1309990f50326e0b133.jpg,640,640
istockphoto-1226737757-612x612_jpg.rf.44b9f7be2162e707f47a0f7ee609b127.jpg,640,640
istockphoto-1228592053-612x612_jpg.rf.79ef1646d6d6cec1ed9c9fbae36cc505.jpg,640,640
istockphoto-1249698772-612x612_jpg.rf.8df76ae24e7dcb656bbcad7badda4870.jpg,640,640
istockphoto-1249708579-612x612_jpg.rf.66fe348d3644bb8b341e49bcc060f94e.jpg,640,640
istockphoto-1249708765-612x612_jpg.rf.7b3f62914e629549340cb6daa5086a6d.jpg,640,640
istockphoto-1249708864-612x612_jpg.rf.34cf3c29120e307d616e25596247d803.jpg,640,640
istockphoto-1249708929-612x612_jpg.rf.e725a864bc471c886daf20a0b5ca51dd.jpg,640,640
istockphoto-1249709544-612x612_jpg.rf.e819e00c715b74428a0a0a158008f479.jpg,640,640
istockphoto-1251470430-612x612_jpg.rf.a04ee087e186d64370f77905a8c172af.jpg,640,640
istockphoto-1251826306-612x612_jpg.rf.485a5a3abf000ebd9c59b2ec0cf47323.jpg,640,640
istockphoto-1255176956-612x612_jpg.rf.cdfc60721c4dde3422df5ad36457e0a7.jpg,640,640
istockphoto-1265011968-612x612_jpg.rf.b8081bf552191ffeaea8c59d80d00e23.jpg,640,640
istockphoto-1265618656-612x612_jpg.rf.e40f66250e125107538d071384bf9d8a.jpg,640,640
istockphoto-1266407322-612x612_jpg.rf.c2e61f8b5b622b102873ddcd74252c10.jpg,640,640
istockphoto-1267102763-612x612_jpg.rf.390eb6bfad6bb76ac426509ea8196ae7.jpg,640,640
istockphoto-1269074800-612x612_jpg.rf.d78d5e8acc0373609051164cb16c64ce.jpg,640,640
istockphoto-1269075571-612x612_jpg.rf.5f82c743ee6dd06b179840fd0551ea51.jpg,640,640
istockphoto-1271259120-612x612_jpg.rf.1dd2274934fab87a43ddae7d7bee1c78.jpg,640,640
istockphoto-1271669018-612x612_jpg.rf.3caa594ceca75eb6a308f139e0ad28db.jpg,640,640
istockphoto-1272435534-612x612_jpg.rf.4739e9b8257412725af6b227adc020bd.jpg,640,640
istockphoto-1272482543-612x612_jpg.rf.6b90142adbf1d7c0db60b9a42b380759.jpg,640,640
istockphoto-1279509563-612x612_jpg.rf.084bcdeb41a2b7a2ac4307ee36b054c4.jpg,640,640
istockphoto-1281415239-612x612_jpg.rf.52ced02f7fa5299ebbe37f4475243aeb.jpg,640,640
istockphoto-1282441159-612x612_jpg.rf.3294443dc541027ec4b355dc82a68c3e.jpg,640,640
istockphoto-1283310720-612x612_jpg.rf.2ee898faf770adc95b7c7d80fcbad7eb.jpg,640,640
istockphoto-1283850733-612x612_jpg.rf.0bf09a9d4c89d6112f917c9cbafcf0b6.jpg,640,640
istockphoto-1285062409-612x612_jpg.rf.f60e3429e5b701b97729c285359c631d.jpg,640,640
istockphoto-1285204288-612x612_jpg.rf.80325cee6473a61651d7e043b3d87fcc.jpg,640,640
istockphoto-1285205959-612x612_jpg.rf.f7b137f34eab101f4d271045ff9bc536.jpg,640,640
istockphoto-1285223367-612x612_jpg.rf.bf9692eae08feca29ed496665e3a854b.jpg,640,640
istockphoto-1285614708-612x612_jpg.rf.496707f0d31f16ea6d66d47f09aeb232.jpg,640,640
istockphoto-1285615124-612x612_jpg.rf.d8dae61f68e4ccd36ee1d6144951d40c.jpg,640,640
istockphoto-1285870280-612x612_jpg.rf.960b8cb9802b082d8902ab0337df5306.jpg,640,640
istockphoto-1285873738-612x612_jpg.rf.bc895efa9d84b937c4aa64cba7cbe7f0.jpg,640,640
istockphoto-1285962285-612x612_jpg.rf.f4eb79f8cb17342eb96a504c4d39f0ea.jpg,640,640
istockphoto-1286128500-612x612_jpg.rf.13a530a2ea6d3e499bfef591e6b87dc9.jpg,640,640
istockphoto-1286882711-612x612_jpg.rf.f5979576aca8ceca6d3ad31779e62f9d.jpg,640,640
istockphoto-1287029603-612x612_jpg.rf.43e13619711d268776e351dde1ea1722.jpg,640,640
istockphoto-1290072692-612x612_output_jpg.rf.7aae73bba4fbcd53bdbcbf866ec13b0d.jpg,640,640
istockphoto-1290072692-612x612_output_jpg.rf.92aa51ecef56623184c9e8a84d6f726b.jpg,640,640
istockphoto-1290072692-612x612_output_jpg.rf.c2f71af701f0ccf6c02a2fa03c95d24c.jpg,640,640
istockphoto-1290072692-612x612_output_jpg.rf.e2e9a2c5ee45e27a8ec1face535695e3.jpg,640,640
istockphoto-1292519971-612x612_jpg.rf.5a0899fad3b1ea53f9280597df068cec.jpg,640,640
istockphoto-1292718123-612x612_jpg.rf.baccfb610d37714d83e050055a675953.jpg,640,640
istockphoto-1293533017-612x612_jpg.rf.3d6ddfea68650a7b26b670171815a53f.jpg,640,640
istockphoto-1294813711-612x612_jpg.rf.13578d2c17f6330405509a28e0b009d2.jpg,640,640
istockphoto-1296106330-612x612_jpg.rf.63f3feda8477f852f0a48f0f907c054b.jpg,640,640
istockphoto-1296504053-612x612_jpg.rf.02542ff57a03baf0f884e4d6f96546cc.jpg,640,640
istockphoto-1296774357-612x612_jpg.rf.193c16aacf25ef3d0eeeb873cbb9cf7f.jpg,640,640
istockphoto-1298089385-612x612_jpg.rf.5a51a1a04799168924c044804e81cfd8.jpg,640,640
istockphoto-1298832756-612x612_jpg.rf.4ddf9aca2eca8156588dfdd162e217f0.jpg,640,640
istockphoto-1303118392-612x612_jpg.rf.62f256fffae87f49882a66085ad87731.jpg,640,640
istockphoto-1305192888-612x612_jpg.rf.8db50d75fc890412ffe1cb3d75c67626.jpg,640,640
istockphoto-1305819181-612x612_jpg.rf.69833f3e2a7da08d91f71526eefb6694.jpg,640,640
istockphoto-1309136984-612x612_jpg.rf.a3b40cec3b4fa030f2318b4765edc059.jpg,640,640
istockphoto-1311097632-612x612_jpg.rf.e431f74ca920fe8700c206a830466fa5.jpg,640,640
istockphoto-1313000535-612x612_jpg.rf.3111338a41fb803b2a73ea61cef499c5.jpg,640,640
istockphoto-1313120659-612x612_jpg.rf.f129a76557f56290766512e917e62008.jpg,640,640
istockphoto-1313121921-612x612_jpg.rf.50472e6c531c002764da4482347b020c.jpg,640,640
istockphoto-1313723440-612x612_jpg.rf.891dc79a2fdd61fa8028477856cb5215.jpg,640,640
istockphoto-1314301793-612x612_jpg.rf.4c4229f22d532da34cd4351603e68b65.jpg,640,640
istockphoto-1314928441-612x612_jpg.rf.60ca72584deef2f542f7a8faa1bb98d3.jpg,640,640
istockphoto-1316153855-612x612_jpg.rf.2741feb955ad22f73e0b63458c1047cc.jpg,640,640
istockphoto-1318022911-612x612_jpg.rf.dd7ab51433fa1c2a07af9013fd2f2fd0.jpg,640,640
istockphoto-1318855197-612x612_jpg.rf.c3a59847643e934c9424c97f95dd124e.jpg,640,640
istockphoto-131936828-612x612_jpg.rf.84b95378e22107431ec4e79e5a030dff.jpg,640,640
istockphoto-1322296949-612x612_jpg.rf.5c9d7f2e792d98b3154e50d8b764442b.jpg,640,640
istockphoto-1322680000-612x612_jpg.rf.c2ce4480e48f18f7bcfe4621c63443b2.jpg,640,640
istockphoto-1323473199-612x612_jpg.rf.116865f2c5807eff1b0758594b24b6c9.jpg,640,640
istockphoto-1325054032-612x612_jpg.rf.4d1fe7440d33eaeb672b5640731efac4.jpg,640,640
istockphoto-1327421683-612x612_jpg.rf.97f8b462660baec057f6bd544ed9cb98.jpg,640,640
istockphoto-1327421685-612x612_jpg.rf.0e254f61a6159b0206d12f1c714b270b.jpg,640,640
istockphoto-1327422034-612x612_jpg.rf.5d84b8a676aa2ba0c401c90861aeb430.jpg,640,640
istockphoto-1327422277-612x612_jpg.rf.4870adc76036d639d95cd9645fc25f67.jpg,640,640
istockphoto-1327425421-612x612_jpg.rf.006961a07e4ed4399ae24fab0e2d7678.jpg,640,640
istockphoto-1327425891-612x612_jpg.rf.c3b25b5af0d6f65eb4faa6b854969f32.jpg,640,640
istockphoto-1327428379-612x612_jpg.rf.a91aaf9d7b961f82d1c775991bde527e.jpg,640,640
istockphoto-1327429236-612x612_jpg.rf.ad3a4e10d8abeeadcfc8b5e90a81861a.jpg,640,640
istockphoto-1327429246-612x612_jpg.rf.ea14dd93ba8af5d0bb0f20ca09ce6b12.jpg,640,640
istockphoto-1327429346-612x612_jpg.rf.cb3bb137b2b9ea886166194698139288.jpg,640,640
istockphoto-1328418238-612x612_jpg.rf.1f144edef0cee4a8073ab9c966c8becc.jpg,640,640
istockphoto-1330711988-612x612_jpg.rf.f51712ca41051a869bc974f29852c3d5.jpg,640,640
istockphoto-1332053746-612x612_jpg.rf.05838a27492cac0b0abd7452bc0a7131.jpg,640,640
istockphoto-1332231544-612x612_jpg.rf.7f2f3c59f2e6986edcb536fe475e5652.jpg,640,640
istockphoto-1337581200-612x612_jpg.rf.3fd16a6daa16f998e319047e2fb86972.jpg,640,640
istockphoto-1338104420-612x612_jpg.rf.4b6513318be8d7ec5a540ccf6a7e70e7.jpg,640,640
istockphoto-1338105930-612x612_jpg.rf.d336f6a356d30bc667d51a82c7cc8b19.jpg,640,640
istockphoto-133884820-612x612_jpg.rf.650195f0dda809bf2b2f8797ae99688d.jpg,640,640
istockphoto-133901350-612x612_jpg.rf.f6cd72544b5915537e511b489360618d.jpg,640,640
istockphoto-134021653-612x612_jpg.rf.7cf16598ad7726bc152bbc58dd5d2f40.jpg,640,640
istockphoto-134036901-612x612_jpg.rf.2bc251c5da8220ec488d04185e2cc31d.jpg,640,640
istockphoto-1340457284-612x612_jpg.rf.08e637811f86e4877afc282c4a703c7d.jpg,640,640
istockphoto-134461233-612x612_jpg.rf.cdf9a60f4b4661c74a1a2f5a6b74de9b.jpg,640,640
istockphoto-1347273895-612x612_jpg.rf.34431b92c6f179875dbf0da1449e4f21.jpg,640,640
istockphoto-1347848387-612x612_jpg.rf.ba5b8fa3fe3645aa19ae5f2344094fe4.jpg,640,640
istockphoto-1347848650-612x612_jpg.rf.f912597ca1aea055e6097b4687b4a035.jpg,640,640
istockphoto-1350318937-612x612_jpg.rf.b82a2081b520e372f751aa808e355367.jpg,640,640
istockphoto-1351465345-612x612_jpg.rf.7580b4b27899a5c4a8f821ea674e4a20.jpg,640,640
istockphoto-1352010288-612x612_jpg.rf.e8a17ffd9ed2160960fd8b2a4f211a84.jpg,640,640
istockphoto-1353764867-612x612_jpg.rf.5f3a9f55bef1be2e4820033e71cdda15.jpg,640,640
istockphoto-1353769391-612x612_jpg.rf.a875e8d7ba69e8e76c39febe1e2c6e69.jpg,640,640
istockphoto-1353770315-612x612_jpg.rf.fb0614513aeadd42f5186f936b7f413f.jpg,640,640
istockphoto-1353843302-612x612_jpg.rf.30d9f6aca9493a1dcec5b3f991800957.jpg,640,640
istockphoto-1353843320-612x612_jpg.rf.6403ba9059ee50ab3199beb442e60a5f.jpg,640,640
istockphoto-1354472785-612x612_jpg.rf.d51d79102141f73269c00f773b7a15b1.jpg,640,640
istockphoto-1354476596-612x612_jpg.rf.52213de5a3296bbbc1ac43465b1b0102.jpg,640,640
istockphoto-1354476615-612x612_jpg.rf.6530f02bbcd7c108f3c75721c4f62ee0.jpg,640,640
istockphoto-1354476909-612x612_jpg.rf.045234c91146726ad3991250eb90d587.jpg,640,640
istockphoto-1354839667-612x612_jpg.rf.bfa6e4c5d85028799d0eddd9736e6624.jpg,640,640
istockphoto-1354889737-612x612_jpg.rf.535f166d4d68639430440dc708546281.jpg,640,640
istockphoto-1355969943-612x612_jpg.rf.cb7a4155aaab2d57460ac1a12a97e510.jpg,640,640
istockphoto-1356102123-612x612_jpg.rf.9ba1ba4f877740a530f3dd402aa4f5e8.jpg,640,640
istockphoto-1356196544-612x612_jpg.rf.d2b4be1daec6724c59c500f64768086b.jpg,640,640
istockphoto-1356518457-612x612_jpg.rf.d4ffee31a2da145b17a02dca5b81a8bb.jpg,640,640
istockphoto-1356535000-612x612_jpg.rf.d934fd726f477cc886103b542e970d46.jpg,640,640
istockphoto-1356907298-612x612_jpg.rf.f8a6b9e418fdd33b47bb2e19f402d194.jpg,640,640
istockphoto-1356907345-612x612_jpg.rf.cb732b30bbf838ac076a471bc1882331.jpg,640,640
istockphoto-1357286783-612x612_jpg.rf.2b862bab088b4d38c08ee5c6ad83436b.jpg,640,640
istockphoto-1357287530-612x612_jpg.rf.5a9424d04f845660f7171d11d8c0d3b6.jpg,640,640
istockphoto-1357289142-612x612_jpg.rf.da85f4a797fc4a8cf0c9c35a5d67e2f2.jpg,640,640
istockphoto-1357289219-612x612_jpg.rf.41ca6d9756c384456a415738395db42d.jpg,640,640
istockphoto-1357289366-612x612_jpg.rf.88a228755d722ef0ce9cdf5b1981733a.jpg,640,640
istockphoto-1357289421-612x612_jpg.rf.a586d5b0ed614a5b0c42f83919f2fb5f.jpg,640,640
istockphoto-1357423752-612x612_jpg.rf.d0ac1fadca54424694b3c85c55967197.jpg,640,640
istockphoto-1357423754-612x612_jpg.rf.f2ed895e1ffe7ab3c73b54d0fe7a31a3.jpg,640,640
istockphoto-1357423755-612x612_jpg.rf.2db0d348c04417c643245badf28a5865.jpg,640,640
istockphoto-1357423757-612x612_jpg.rf.53cc385841a6f311e6049e602a9d76eb.jpg,640,640
istockphoto-1357423787-612x612_jpg.rf.babd0ffeebda03bc9171320040f11858.jpg,640,640
istockphoto-1357424014-612x612_jpg.rf.eb8d6c152d2054a36bab119aa831e5eb.jpg,640,640
istockphoto-1357424017-612x612_jpg.rf.572f43bf5069fba924652becb1538028.jpg,640,640
istockphoto-1357424018-612x612_jpg.rf.18d04c247576e5a7371a05d03ea605dd.jpg,640,640
istockphoto-1357424021-612x612_jpg.rf.41331db63cda00a8fcda3b931ce5560d.jpg,640,640
istockphoto-1357424022-612x612_jpg.rf.6c85e42b7bf4f98ca912ef0354ba099d.jpg,640,640
istockphoto-1357424382-612x612_jpg.rf.09d8727aa4121906b74f30434b0a4676.jpg,640,640
istockphoto-1357424388-612x612_jpg.rf.9af8e6d06181033e6f243b9e6e9ef55c.jpg,640,640
istockphoto-1357424398-612x612_jpg.rf.9f281fadcec3dc30a5d36eb3e20f6ef9.jpg,640,640
istockphoto-1357425067-612x612_jpg.rf.877da50f2fa6e18abb47834a580ed14e.jpg,640,640
istockphoto-1357425159-612x612_jpg.rf.fff930065629958d3a56a755adfa9f2b.jpg,640,640
istockphoto-1357425275-612x612_jpg.rf.67fb1abc5d96b330549683f86a6d4ae8.jpg,640,640
istockphoto-1357425438-612x612_jpg.rf.864bde06a5a26322ae3b10e17c3e617a.jpg,640,640
istockphoto-1357425439-612x612_jpg.rf.c39733ae9d394980e4020f1103483c0e.jpg,640,640
istockphoto-1357426454-612x612_jpg.rf.4fb0ba1b80d6a493999d4b52191a103c.jpg,640,640
istockphoto-1357426708-612x612_jpg.rf.83878b0c2ced44569fdd59ea7da169bb.jpg,640,640
istockphoto-1357426923-612x612_jpg.rf.e164a1226ed997c75d21d31b74ba2f03.jpg,640,640
istockphoto-1357427206-612x612_jpg.rf.9a46be40e924e59f67cb751f41980311.jpg,640,640
istockphoto-1357428297-612x612_jpg.rf.36bb2956ee5af9890bcb37eef3171364.jpg,640,640
istockphoto-1357428298-612x612_jpg.rf.40bcd59f1d90e05a789a3cdcb873ff22.jpg,640,640
istockphoto-1357428563-612x612_jpg.rf.8a5879bb12505957fd7a76d57e31447a.jpg,640,640
istockphoto-1357428569-612x612_jpg.rf.c2797603a15515296cceed6a5c85805c.jpg,640,640
istockphoto-1357428576-612x612_jpg.rf.80149bfb860df0fc72051004a56b4702.jpg,640,640
istockphoto-1357429372-612x612_jpg.rf.687e79e010483287274cc66d104b4dc4.jpg,640,640
istockphoto-1357429431-612x612_jpg.rf.06cf1c6edc80f4dd1a44c1a62b6811dc.jpg,640,640
istockphoto-1357429470-612x612_jpg.rf.6844e8ec4cdb9b398190fab161356c70.jpg,640,640
istockphoto-1357429471-612x612_jpg.rf.babdf361e251cd70092fd1596360bde2.jpg,640,640
istockphoto-1357429472-612x612_jpg.rf.9887fd70f2527a4fd26c92649ad088fc.jpg,640,640
istockphoto-1357517053-612x612_jpg.rf.bd0a1fb65a45622cefcaaa36f5e35e5b.jpg,640,640
istockphoto-1357517243-612x612_jpg.rf.28028a01480049f4c90dcc6b882e69f1.jpg,640,640
istockphoto-1357517472-612x612_jpg.rf.e78ebb12671dd2386552feb15b4f5bca.jpg,640,640
istockphoto-1357518386-612x612_jpg.rf.c61126832a9928fb143401a1c66043c3.jpg,640,640
istockphoto-1359034205-612x612_jpg.rf.9347d982ad61dac52459abfa412a817e.jpg,640,640
istockphoto-1359545660-612x612_jpg.rf.31de01c5f92dfd0737a7016c01dc3689.jpg,640,640
istockphoto-1363119924-612x612_jpg.rf.a4940aea6a99aaefe6c553972cc3eef7.jpg,640,640
istockphoto-1363119984-612x612_jpg.rf.c7f5b1756dd99c530e2013f7a700d416.jpg,640,640
istockphoto-1363119991-612x612_jpg.rf.c6f10f35cfe3c13817d9a84ec36e88c9.jpg,640,640
istockphoto-1364569602-612x612_jpg.rf.a115375da5f4cb69796d257bad755cf9.jpg,640,640
istockphoto-1365301471-612x612_jpg.rf.99824bd3d5b30e0ac5e681c429b603f2.jpg,640,640
istockphoto-1365900623-612x612_jpg.rf.4dff8ecf0fc146ae98383c72d412edd4.jpg,640,640
istockphoto-1366593172-612x612_jpg.rf.30bd3a18d4c3f891c37740e01f6acbb6.jpg,640,640
istockphoto-136736402-612x612_jpg.rf.4932b50f8e93d566a1d83bc98f890655.jpg,640,640
istockphoto-1367854235-612x612_jpg.rf.f2b27a0c8311a7522647f26115ee83d2.jpg,640,640
istockphoto-1367854322-612x612_jpg.rf.d00800eb0fffab2206fb9906d8f1e35f.jpg,640,640
istockphoto-1368189908-612x612_jpg.rf.845483c3379167b63d813b6a206fec01.jpg,640,640
istockphoto-1369202684-612x612_jpg.rf.7358311e0aed01862fbf6e351f4a6bb0.jpg,640,640
istockphoto-137037517-612x612_jpg.rf.45066bd0106c4fa30b47c9ff80510fa8.jpg,640,640
istockphoto-1370437301-612x612_jpg.rf.873dfb845721de6f1bf376473b56d032.jpg,640,640
istockphoto-137059566-612x612_jpg.rf.3d24f21b197c28a48f4e513d473aebfb.jpg,640,640
istockphoto-1371015462-612x612_jpg.rf.93ae1ef401335a07cd5dde29b5900cc2.jpg,640,640
istockphoto-1372033584-612x612_jpg.rf.bceb3d7a6933141a568fb5ef4214c8f9.jpg,640,640
istockphoto-1381408197-612x612_jpg.rf.7b6587bcca8eb5c74a3b19c1ac631e7f.jpg,640,640
istockphoto-1383547472-612x612_jpg.rf.a1c37d41a4bc8d7cf0f547d91f931460.jpg,640,640
istockphoto-1384867926-612x612_jpg.rf.47975670da678883ef644fe22cf14a2d.jpg,640,640
istockphoto-1387287522-612x612_jpg.rf.55f70f6ba7c6eb5276f23f7f70b202ff.jpg,640,640
istockphoto-1390224314-612x612_jpg.rf.6bff15d928f64abaccafe724abe49d92.jpg,640,640
istockphoto-1390336571-612x612_jpg.rf.e7131756a92703a78ed9ad097f62a31e.jpg,640,640
istockphoto-1391448304-612x612_jpg.rf.f711492f2b51bdc65570095ae8a43e55.jpg,640,640
istockphoto-1391941625-612x612_jpg.rf.693cb577dea15039fb22b3592ac8a831.jpg,640,640
istockphoto-1392361787-612x612_jpg.rf.7c1a2fafea2ca683a2d89e804c99985c.jpg,640,640
istockphoto-1394061584-612x612_jpg.rf.2e9227290b16e6d33acc6afc6e7bcae1.jpg,640,640
istockphoto-139572658-612x612_jpg.rf.8e8f6fac37501b99746babbd15061250.jpg,640,640
istockphoto-1396643028-612x612_jpg.rf.81b178bfb4eafea9fc9741604ad8b6ce.jpg,640,640
istockphoto-139700638-612x612_jpg.rf.de974e16e6ca755acb7f85951209e1a8.jpg,640,640
istockphoto-1397569064-612x612_jpg.rf.c61edb49fedf04028e7db4fbb96bc29d.jpg,640,640
istockphoto-1398853577-612x612_jpg.rf.539d1a02a1f8e8632813cd4e3a2631a9.jpg,640,640
istockphoto-1398856540-612x612_jpg.rf.d9f56c56677f62d76fe0b573c728d082.jpg,640,640
istockphoto-139891679-612x612_jpg.rf.241a2706c8c6645288f24277c58c8976.jpg,640,640
istockphoto-1401223859-612x612_jpg.rf.cc80205259ce7b7008b291ab97c4a5c7.jpg,640,640
istockphoto-1401710181-612x612_jpg.rf.64dc8b08b2d3ee5562aad5556c8fb1eb.jpg,640,640
istockphoto-1402127810-612x612_jpg.rf.55fdb49a142dce07495b63fc34bf9e51.jpg,640,640
istockphoto-1402846896-612x612_jpg.rf.282be7c16de6b79d73dc377295fc2980.jpg,640,640
istockphoto-1403989504-612x612_jpg.rf.7844d327c6e2e304ec6317818726c015.jpg,640,640
istockphoto-1404241453-612x612_jpg.rf.0d2436320acc782e11c17d4569f40426.jpg,640,640
istockphoto-1406567328-612x612_jpg.rf.39774dff16f4f3f253a3b1d79336e233.jpg,640,640
istockphoto-1406878292-612x612_jpg.rf.da0465e350a6b8a38b4d48b98d1f6276.jpg,640,640
istockphoto-1408845417-612x612_jpg.rf.dfd2576248ca7cf226a5429793d5da36.jpg,640,640
istockphoto-1409895313-612x612_jpg.rf.d1787fc09c2164b32c019ebd53c7d3c1.jpg,640,640
istockphoto-1410557154-612x612_jpg.rf.57307f5fcbc12778d4a41fd639288bde.jpg,640,640
istockphoto-1410557156-612x612_jpg.rf.b3080c4db0706f98c3e750d268b637cd.jpg,640,640
istockphoto-1411619454-612x612_jpg.rf.390feb3f0c762ebe9f1e1a52a6305e48.jpg,640,640
istockphoto-1414076428-612x612_jpg.rf.014abe5d7edd78f073daff70828ac57f.jpg,640,640
istockphoto-1414219570-612x612_jpg.rf.5a7da686efe21b54ad2c03fdc1638357.jpg,640,640
istockphoto-1418183842-612x612_jpg.rf.d32088d9f987e7ff124282b9e8136d73.jpg,640,640
istockphoto-1422849585-612x612_jpg.rf.63bb4bedab66529c06fc01553eb36588.jpg,640,640
istockphoto-1423493029-612x612_jpg.rf.55d39d114e1f58d184a32e0de4f8effd.jpg,640,640
istockphoto-1423585809-612x612_jpg.rf.8e3051e3f17ac4ee5cb137f451af9296.jpg,640,640
istockphoto-1423844184-612x612_jpg.rf.01dd9a60919066c7b19f6c77bdee4b40.jpg,640,640
istockphoto-1423889082-612x612_jpg.rf.cb9030b9442d56e97ee1e4830fbdfee4.jpg,640,640
istockphoto-1423945791-612x612_jpg.rf.5e0794e76b787c1b709884a706789347.jpg,640,640
istockphoto-1426193651-612x612_jpg.rf.db2658d0a4a52e343d749313238ad218.jpg,640,640
istockphoto-1427007135-612x612_jpg.rf.847baed573a11cc32030a323cf42cf00.jpg,640,640
istockphoto-1427131079-612x612_jpg.rf.eed566f18930ad8a2d3e63ebf3b8995d.jpg,640,640
istockphoto-1428001794-612x612_jpg.rf.46e50e42038ce028f509f8ba5e687d78.jpg,640,640
istockphoto-1428001871-612x612_jpg.rf.11253e5957789a3eed1e29609d498487.jpg,640,640
istockphoto-1429445503-612x612_jpg.rf.dbd86f3b64882b4b24b4d7ffcc3a90e7.jpg,640,640
istockphoto-1430329672-612x612_jpg.rf.f110a12a7cc41eda634d0d96be6fa89f.jpg,640,640
istockphoto-1430593249-612x612_jpg.rf.9ef6c1628932202292b5f8f1c6c5fe87.jpg,640,640
istockphoto-1432556109-612x612_jpg.rf.baecb356934023d0aa2ac14303bece1e.jpg,640,640
istockphoto-1433977071-612x612_jpg.rf.519ace59fc4143af691a550dcf612c47.jpg,640,640
istockphoto-1434437761-612x612_jpg.rf.e54fd99e5889fcc7b3a0f832812c55a4.jpg,640,640
istockphoto-1436151168-612x612_jpg.rf.e8681012881b4fd694566fdbd90c57e5.jpg,640,640
istockphoto-1437713507-612x612_jpg.rf.cb1715c79dff73e19319fd219cfcf6b3.jpg,640,640
istockphoto-1437713738-612x612_jpg.rf.45b30be64d0ed24e7d4e6157b260d0f5.jpg,640,640
istockphoto-1437713840-612x612_jpg.rf.1bdbe3481121086f7c70ba577fb82051.jpg,640,640
istockphoto-1438379266-612x612_jpg.rf.880c45e2f26c859781f3c21171bc8914.jpg,640,640
istockphoto-1439055482-612x612_jpg.rf.87e747978c7a2f830b62bf592f3f0c1f.jpg,640,640
istockphoto-1439240277-612x612_jpg.rf.6c1e3c9d6fec9c2465ad38a10bbd85e3.jpg,640,640
istockphoto-1439240282-612x612_jpg.rf.8ecff4504c2fb26aaca75736b6007257.jpg,640,640
istockphoto-1439680029-612x612_jpg.rf.0f559d8ae1da0e2296e71d267c6d0181.jpg,640,640
istockphoto-1439766938-612x612_jpg.rf.22310b839184e2f8c28e132cbad2471d.jpg,640,640
istockphoto-1439784455-612x612_jpg.rf.b0ee6151e5fe657ee6207cf732b40328.jpg,640,640
istockphoto-1440014467-612x612_jpg.rf.3538018aa766b6d863f189ef487d8a7c.jpg,640,640
istockphoto-1441371576-612x612_jpg.rf.91437a0f717a17e16412f38467e12770.jpg,640,640
istockphoto-1442102614-612x612_jpg.rf.e910c29a405877b89a45d1ae8313303f.jpg,640,640
istockphoto-1442682148-612x612_jpg.rf.043957dde47e2eaeb4e1e433e8a9daa4.jpg,640,640
istockphoto-1442682303-612x612_jpg.rf.baade17d1bdf75b32d61715bd5493694.jpg,640,640
istockphoto-1442682481-612x612_jpg.rf.cd2624a9978d5fcfaf7b6aec15caf33c.jpg,640,640
istockphoto-1442682774-612x612_jpg.rf.2708b81f3f7a440b89037b638be66080.jpg,640,640
istockphoto-144274579-612x612_jpg.rf.d8e09e6ebeb4f76f03bea94ca30e6f9c.jpg,640,640
istockphoto-1442827997-612x612_jpg.rf.45dff3b77c906ab1d773015c40b9f0b4.jpg,640,640
istockphoto-1443354282-612x612_jpg.rf.23278f87373e73c6249855ccdc7c9de3.jpg,640,640
istockphoto-144344607-612x612_jpg.rf.2a0eb97e9728b0ab314e09069c460498.jpg,640,640
istockphoto-1443848488-612x612_jpg.rf.1070f4c7d8087b9f456fa3d7a4d349e3.jpg,640,640
istockphoto-1444113491-612x612_jpg.rf.95a13ae38ca8f1c08ec74eda039c02fc.jpg,640,640
istockphoto-1445401667-612x612_jpg.rf.326aaa14794316b888cc960c5be4f499.jpg,640,640
istockphoto-1445645334-612x612_jpg.rf.698670ebdc39d81a434c8b190c1b946c.jpg,640,640
istockphoto-1445700923-612x612_jpg.rf.327200e89875c47793f8d8fab45c7ab8.jpg,640,640
istockphoto-1445922148-612x612_jpg.rf.37823d1bf8808d22379dd68024d027ef.jpg,640,640
istockphoto-1446262977-612x612_jpg.rf.dc05305659b1544582e8b5e9308f56da.jpg,640,640
istockphoto-1446605122-612x612_jpg.rf.2b1656f816bb220f2c952fb46ace2b65.jpg,640,640
istockphoto-1446635423-612x612_jpg.rf.6d625231a4e27d4f2de63be2dd7d34de.jpg,640,640
istockphoto-1446635445-612x612_jpg.rf.a2d180cf6abcdbc292c5356b323a6ed3.jpg,640,640
istockphoto-1451019662-612x612_jpg.rf.ea467a7ced175a09e62dfbaa24b964f3.jpg,640,640
istockphoto-145197806-612x612_jpg.rf.74fbaf68c24ec3a60a8a0ea290d74118.jpg,640,640
istockphoto-1453954312-612x612_jpg.rf.32926907cbead692feca6f52a8ebaf75.jpg,640,640
istockphoto-1454799285-612x612_jpg.rf.3876dd25aeb1ad4065af42e6123479d4.jpg,640,640
istockphoto-1455214587-612x612_jpg.rf.6c9908c258ecd29f6819e58a2c9e2f09.jpg,640,640
istockphoto-1456064023-612x612_jpg.rf.3c403a864c5ab011c7bfa87689deb8f5.jpg,640,640
istockphoto-1456279989-612x612_jpg.rf.4a08b3b028df00dafad8ba57ea194332.jpg,640,640
istockphoto-1456279998-612x612_jpg.rf.44e98cc50ac3c6be5180dffa10a95446.jpg,640,640
istockphoto-1456279998-612x612_webp.rf.8478cadf3774bd6c2f355bc81d585821.jpg,640,640
istockphoto-1456295347-612x612_jpg.rf.971299314fef731e5f41d8f1396e03f7.jpg,640,640
istockphoto-1457728796-612x612_jpg.rf.0cc4698cd2c2f7410f003792513c28bb.jpg,640,640
istockphoto-1462985260-612x612_jpg.rf.e9b5e9ff37f6f0b276d722445a08c1e5.jpg,640,640
istockphoto-1462985298-612x612_jpg.rf.50301a36627a8208cf1de52b9cf69bdb.jpg,640,640
istockphoto-1463293038-612x612_jpg.rf.c765e2fb593de97837b7d0924f0f8a2e.jpg,640,640
istockphoto-1463293042-612x612_jpg.rf.f8526e40d95e9208ffd94f7a9e84aee4.jpg,640,640
istockphoto-1463411437-612x612_jpg.rf.de1ef685baf7dc07d9c0198abb69976c.jpg,640,640
istockphoto-1467817697-612x612_jpg.rf.24e97c7395f5ba0b63231861d309e223.jpg,640,640
istockphoto-1468085680-612x612_jpg.rf.1274bdfe891fd150e888e63325195e2d.jpg,640,640
istockphoto-1468371152-612x612_jpg.rf.2544fef2579e23222728ad62ef6ec88f.jpg,640,640
istockphoto-1468690326-612x612_jpg.rf.e4bc721a7ebf808ad1a54d4bce124c7f.jpg,640,640
istockphoto-1468739273-612x612_jpg.rf.de6caf4ed78b1b98bec3936978c44217.jpg,640,640
istockphoto-1468739808-612x612_jpg.rf.55499a053772de61ca494252f7e9c046.jpg,640,640
istockphoto-1468739809-612x612_jpg.rf.5b6fed55fb36120bab00df66ceec54c9.jpg,640,640
istockphoto-1468739824-612x612_jpg.rf.9d9fc76e61f45baff4ecc44687725bdc.jpg,640,640
istockphoto-1468739832-612x612_jpg.rf.4d20231bada6caeb3c373ea7d806addb.jpg,640,640
istockphoto-1468739851-612x612_jpg.rf.34365769c8586ce7ac9a2b37c9c6c15c.jpg,640,640
istockphoto-1468739857-612x612_jpg.rf.f6b50fe69c10570b214eb88912170d92.jpg,640,640
istockphoto-1468739871-612x612_jpg.rf.e12c34b300feb8d7d5576aa9304b2fc3.jpg,640,640
istockphoto-146883984-612x612_jpg.rf.ff1c1852b3563839e7f95931f75344f6.jpg,640,640
istockphoto-1470239726-612x612_jpg.rf.e11c76376263e461e4b46155358dc5ba.jpg,640,640
istockphoto-1470239729-612x612_jpg.rf.b0fdd3c8d362ca7a0018a16c34282144.jpg,640,640
istockphoto-1470239745-612x612_jpg.rf.9315013284ccee0e61e80747ab4307e9.jpg,640,640
istockphoto-1471311617-612x612_jpg.rf.07e3960f275bbed63423426e18d3cbd3.jpg,640,640
istockphoto-1471311661-612x612_jpg.rf.e171618fed50c210fd544c0dc24c3aa0.jpg,640,640
istockphoto-147243234-612x612_jpg.rf.c6851c0b705653ade481c5c0ba728980.jpg,640,640
istockphoto-1473189260-612x612_jpg.rf.4a35c03b453e9d259d8db14d09983866.jpg,640,640
istockphoto-1474575932-612x612_jpg.rf.c01e91fac5493126c9b019c57101c85e.jpg,640,640
istockphoto-1475970089-612x612_jpg.rf.4970e35b369ad3e7d1552f7dbe71411b.jpg,640,640
istockphoto-1477693381-612x612_jpg.rf.ca6445d4f4a14e68acec9da0ab7f3a3e.jpg,640,640
istockphoto-1477695033-612x612_jpg.rf.bbd917b7b2a45c3f01584632e9859e91.jpg,640,640
istockphoto-1477702038-612x612_webp.rf.e29fa8c37f3e009d58165e13f33004bd.jpg,640,640
istockphoto-1477833514-612x612_jpg.rf.82a8f9aa8dec1cbd83866fbedfff276f.jpg,640,640
istockphoto-1477836503-612x612_jpg.rf.c6a35394e7992ad1d3472d1bafd9e899.jpg,640,640
istockphoto-1477838127-612x612_jpg.rf.15acb230c63f52c11be238651f0b5df5.jpg,640,640
istockphoto-1477838361-612x612_jpg.rf.5513433c9d22f39fcb8624473c214982.jpg,640,640
istockphoto-1477864366-612x612_jpg.rf.965002251c678cdc81d397c29ea9aac5.jpg,640,640
istockphoto-1478035629-612x612_jpg.rf.cf58e8a937da6874a8ee1adbc1b4505c.jpg,640,640
istockphoto-147804845-612x612_jpg.rf.1a1281f58468b6deee01fd123b5208c8.jpg,640,640
istockphoto-1479046620-612x612_jpg.rf.9545aefb5b48b55043909834b512eec0.jpg,640,640
istockphoto-1479048039-612x612_jpg.rf.2242ef6cf77475e7abe6a3dd50124407.jpg,640,640
istockphoto-1479479244-612x612_jpg.rf.2dd246f389e94397d81aeb1c39b77953.jpg,640,640
istockphoto-1479479269-612x612_jpg.rf.d6bf72415b0e4b3fa521d8fec17d63d1.jpg,640,640
istockphoto-1479684160-612x612_jpg.rf.dd13505fd3f76b937a2ba5922a6c5ca0.jpg,640,640
istockphoto-1479929434-612x612_jpg.rf.3a83faa723cf467d77d9ab3ba932dad8.jpg,640,640
istockphoto-1480724200-612x612_jpg.rf.58e76a12f113bfb1d7790587af3ff388.jpg,640,640
istockphoto-1480852597-612x612_jpg.rf.f4faf12776300c41be2d94d782478159.jpg,640,640
istockphoto-148087629-612x612_jpg.rf.3a7e0db93f384f1f5eef7f94307e329f.jpg,640,640
istockphoto-1485928560-612x612_jpg.rf.46c102ca0d6755b7c53024c21817d2ca.jpg,640,640
istockphoto-1486546168-612x612_jpg.rf.216861930daea41df60f8b8109fe4eeb.jpg,640,640
istockphoto-1488341687-612x612_jpg.rf.29658a30a742e3030be0ef6add36cc4c.jpg,640,640
istockphoto-1488342521-612x612_jpg.rf.aaf47311c9e22f8398846c7e1ab8b40e.jpg,640,640
istockphoto-1488344407-612x612_jpg.rf.9e4d0a243a1729f08afab0c4fd0cd751.jpg,640,640
istockphoto-1488346165-612x612_jpg.rf.f64de4ec146cf1b2b3816c7d358d2c83.jpg,640,640
istockphoto-1488350375-612x612_jpg.rf.98f971633ebd6687990c5053b9723008.jpg,640,640
istockphoto-1488357060-612x612_jpg.rf.915974aafc8031b6825192b5c206d718.jpg,640,640
istockphoto-1488367460-612x612_jpg.rf.9b4a6f7232777922112ceef239605df8.jpg,640,640
istockphoto-1488377465-612x612_jpg.rf.635da66641c5e979fabb01b0a92f222b.jpg,640,640
istockphoto-1488395444-612x612_jpg.rf.3d3e3b9bcc65fb76a6c2099f3a616daa.jpg,640,640
istockphoto-1489115376-612x612_jpg.rf.5005ce6e808d2de050b2089a4054fe63.jpg,640,640
istockphoto-1491295721-612x612_jpg.rf.7312d0023156c32923797de44d509381.jpg,640,640
istockphoto-1492035683-612x612_jpg.rf.5a75d6df1e292809cbc5ae0a2b724618.jpg,640,640
istockphoto-1493001346-612x612_jpg.rf.889a9a71f03007d48069abb170d60b6e.jpg,640,640
istockphoto-1493178520-612x612_jpg.rf.7b185b707b1fb18879991a08d80944ab.jpg,640,640
istockphoto-149403189-612x612_jpg.rf.41df82b7e505ac9f97e739e120f9bbdb.jpg,640,640
istockphoto-149416700-612x612_jpg.rf.f07a316c9d462eb4745df3c9b99111a9.jpg,640,640
istockphoto-1494287428-612x612_jpg.rf.be8017e86291b3a35ba9fcfb8cc204b0.jpg,640,640
istockphoto-1494289287-612x612_jpg.rf.099015ba8a849ca84e1cdf46ca0c7f8a.jpg,640,640
istockphoto-1494638086-612x612_jpg.rf.819836a94382989492c9a6ae9be70b03.jpg,640,640
istockphoto-1496576978-612x612_jpg.rf.8038236dc27bfd56be839cff1f4906bd.jpg,640,640
istockphoto-1497922034-612x612_jpg.rf.3f120a2ddf6c9896577ed457d46f3355.jpg,640,640
istockphoto-150001645-612x612_jpg.rf.f661f2a239be0e5fc24dd8aa5ab422b9.jpg,640,640
istockphoto-1500490098-612x612_jpg.rf.bbb8b9c7d29acc3f54767afd0eab9850.jpg,640,640
istockphoto-1501114993-612x612_jpg.rf.de6ad4e4fb1ec33f1a49c7b428c2f226.jpg,640,640
istockphoto-1501116824-612x612_jpg.rf.bb84c8c05b230fdb94a0a063e46669e4.jpg,640,640
istockphoto-153140637-612x612_jpg.rf.66be2c16cc187959218722d4280072f2.jpg,640,640
istockphoto-153538665-612x612_jpg.rf.c9512119c2b3a9187cf852d2b0ff715d.jpg,640,640
istockphoto-153702219-612x612_jpg.rf.3456ee29f75bedeee3e6401ba54cacf7.jpg,640,640
istockphoto-1548944354-612x612_jpg.rf.44de590748018263f1a8d60144392021.jpg,640,640
istockphoto-155227988-612x612_jpg.rf.29aac78bb18a7729873329c6fc242e7f.jpg,640,640
istockphoto-155676831-612x612_jpg.rf.da88565166030d592ba159f6ae17c858.jpg,640,640
istockphoto-1562214564-612x612_jpg.rf.9003e7a0d1c6fdfc85c85bad42801301.jpg,640,640
istockphoto-1562472804-612x612_jpg.rf.bb4e195d918f44d95ea78aefaccf1840.jpg,640,640
istockphoto-156603463-612x612_jpg.rf.7f45cb441a0e3f577960bc6865c0cb35.jpg,640,640
istockphoto-1568393750-612x612_jpg.rf.d2e54565b8a94b4150a3f14ced5fec96.jpg,640,640
istockphoto-158409857-612x612_jpg.rf.4ee426602de413f6ac15533e58d82a51.jpg,640,640
istockphoto-1592206622-612x612_jpg.rf.fe0fdc3da4d04279c5e0ec11c86f6c96.jpg,640,640
istockphoto-1605595609-612x612_jpg.rf.fba3f802b2ecc28296cf0be53f62a96f.jpg,640,640
istockphoto-1605595614-612x612_jpg.rf.bfd018decf034649dd48005c55600afb.jpg,640,640
istockphoto-1605703987-612x612_jpg.rf.b0f491f727b9337dc9e53230599dbb81.jpg,640,640
istockphoto-1619260865-612x612_jpg.rf.b1a2d627335864087f42a0a1a244fd35.jpg,640,640
istockphoto-162385786-612x612_jpg.rf.987456483299ebf668c83ca0940dfea9.jpg,640,640
istockphoto-1643750595-612x612_jpg.rf.36e51f82fe56ec953b8b2e943b2ac938.jpg,640,640
istockphoto-1673405078-612x612_jpg.rf.8e29e9febe828a57aea1780a2071f47c.jpg,640,640
istockphoto-1679681783-612x612_jpg.rf.12b935c51fe0110745d07ae6884e78ce.jpg,640,640
istockphoto-1700694368-612x612_jpg.rf.3b3afb7ee2992cd3ff93a36151131938.jpg,640,640
istockphoto-1705170238-612x612_jpg.rf.36ef6c1114744a98423ffb6006be391b.jpg,640,640
istockphoto-171264104-612x612_jpg.rf.6f585c8245e44fe558cc9dbc312ed6ae.jpg,640,640
istockphoto-171313959-612x612_jpg.rf.a25d68b6ab63cffb1f68abcebf97e23a.jpg,640,640
istockphoto-171331579-612x612_webp.rf.c61fb5d20d67c217f3e47a49104cdf9a.jpg,640,640
istockphoto-173240449-612x612_jpg.rf.4cc7f6c6095adbe6a749d7b09f11dc6c.jpg,640,640
istockphoto-173257036-612x612_jpg.rf.0e6d8e24783cd9ed56e2a8b79fc8b8f5.jpg,640,640
istockphoto-1738957647-612x612_jpg.rf.a2349e772c842b655852bfc795312c9c.jpg,640,640
istockphoto-174075705-612x612_jpg.rf.208613fa3e8353f3ff96c87a5ec58a34.jpg,640,640
istockphoto-174083761-612x612_jpg.rf.2baee027eda8e56c103fe38b51262176.jpg,640,640
istockphoto-174083799-612x612_jpg.rf.2e010998fd90a731edb0a410e296d4d6.jpg,640,640
istockphoto-174665772-612x612_output_jpg.rf.2becb70be2ec75b5e44b878940c94863.jpg,640,640
istockphoto-174665772-612x612_output_jpg.rf.408f6ce9a8608cbd97187b600436f44d.jpg,640,640
istockphoto-174665772-612x612_output_jpg.rf.5aec3299414bf30590a2c71514ca8d41.jpg,640,640
istockphoto-174665772-612x612_output_jpg.rf.62677e71c5cdd79b8ac3f7e15ef82aa4.jpg,640,640
istockphoto-174665772-612x612_output_jpg.rf.d3ad3d966061e6600d5a7a7d6b5d7434.jpg,640,640
istockphoto-174665772-612x612_output_jpg.rf.f04e7dc74f2b2c33f385dd3a445974da.jpg,640,640
istockphoto-174976050-612x612_jpg.rf.907598a56f9e894001d8605e38ce315b.jpg,640,640
istockphoto-174976052-612x612_jpg.rf.7a3d76865692ce04c2153b65235cc6c5.jpg,640,640
istockphoto-1753120850-612x612_jpg.rf.5f8ad04b420a31c0372d86c1aac7a3fc.jpg,640,640
istockphoto-175511810-612x612_jpg.rf.3ce88bbd2b78df045e55648d389eac9b.jpg,640,640
istockphoto-176768938-612x612_jpg.rf.498e0d26fd821957eb5ced4fb9b01345.jpg,640,640
istockphoto-176777510-612x612_jpg.rf.92f7d02053ecbd4fbdd41ed9f34d8bcc.jpg,640,640
istockphoto-177126278-612x612_jpg.rf.07efe771ea321889b62897d3e1691451.jpg,640,640
istockphoto-177259839-612x612_jpg.rf.d5f319636ac452548fdf72c34cf2cf9b.jpg,640,640
istockphoto-177407976-612x612_jpg.rf.18c6dd97a4b236a2c5c02e73bb479c2f.jpg,640,640
istockphoto-177442253-612x612_jpg.rf.91b4950a51b76c1fdcb9b4e5baf58031.jpg,640,640
istockphoto-177515025-612x612_jpg.rf.e39e9ca5c174579f367392809e66ff43.jpg,640,640
istockphoto-177560055-612x612_jpg.rf.ebd1aaa79abd9284555effff6a8ee33f.jpg,640,640
istockphoto-177688564-612x612_jpg.rf.6d73ec13c3865917b3793bb53e606f56.jpg,640,640
istockphoto-177723812-612x612_jpg.rf.b4f3d8f55a0f3b6f891f58cef0e084cf.jpg,640,640
istockphoto-177732813-612x612_jpg.rf.f2864dff6f5b34b212ad936baab1c876.jpg,640,640
istockphoto-177847666-612x612_jpg.rf.639a084250dd4096a1321f9035739813.jpg,640,640
istockphoto-178154039-612x612_jpg.rf.f86265c6834fb828956b18f89ba3f495.jpg,640,640
istockphoto-178711810-612x612_jpg.rf.2a54ae98a08e24ca493d52859d35953b.jpg,640,640
istockphoto-178780901-612x612_jpg.rf.6e9572732e1d92b11f3968e6d23187c4.jpg,640,640
istockphoto-179302613-612x612_jpg.rf.da63ae8401934578e26161fe63bb6b31.jpg,640,640
istockphoto-179406705-612x612_jpg.rf.4b3ee88d8814fa613555739f72c335b6.jpg,640,640
istockphoto-179569111-612x612_jpg.rf.4df2883be53d7928311223c9eb5d08a9.jpg,640,640
istockphoto-179950832-612x612_jpg.rf.1288fad929a98d4d9ce4d0cb019332c0.jpg,640,640
istockphoto-180757084-612x612_jpg.rf.0b086d46bba6b18ddccfee2cb1c5b3b6.jpg,640,640
istockphoto-180850494-612x612_jpg.rf.533079c5cfa370286f7e1bdb07061f20.jpg,640,640
istockphoto-181285435-612x612_jpg.rf.6491807b5624fbb458134348a8594e84.jpg,640,640
istockphoto-181398462-612x612_jpg.rf.a66cfe17ce3605841591bd4c79673295.jpg,640,640
istockphoto-181585661-612x612_jpg.rf.c6368c9d7e77947e73bcfd39f9af36aa.jpg,640,640
istockphoto-1819143695-612x612_jpg.rf.9a3fedef6533595e2ec6ebee27fac309.jpg,640,640
istockphoto-182175362-612x612_jpg.rf.2969a8429b5a330af5520c8ad37eca4a.jpg,640,640
istockphoto-1822436046-612x612_jpg.rf.9e3fcf00247d2c9df37e4a787c128678.jpg,640,640
istockphoto-1832685553-612x612_jpg.rf.476a5bb09555692d65847082b95900da.jpg,640,640
istockphoto-183608328-612x612_jpg.rf.b8423756c6563743748657c0cb380a08.jpg,640,640
istockphoto-184677316-612x612_jpg.rf.51d631ab10d19d20b21ec70e910d772e.jpg,640,640
istockphoto-1849355851-612x612_jpg.rf.538e127e739790ad4c1fb2dee270d5e8.jpg,640,640
istockphoto-185437260-612x612_jpg.rf.77b132fac9dc1539734a26d01d1624dd.jpg,640,640
istockphoto-185528837-612x612_jpg.rf.b5851f37f2aa3640ff1dce74bfe8471e.jpg,640,640
istockphoto-1856146529-612x612_jpg.rf.d11d1ddea4b4cf0f32086f1cf6eacf82.jpg,640,640
istockphoto-185660026-612x612_jpg.rf.5f66bb2f03ff1c956926a2abf8b0a767.jpg,640,640
istockphoto-186252967-612x612_jpg.rf.d14acc1b2e5107ca8c77df6af2aec28a.jpg,640,640
istockphoto-186293526-612x612_jpg.rf.56068ec2159a33cb39067fa5c907bd01.jpg,640,640
istockphoto-186477553-612x612_jpg.rf.5fc1c119c756e7b4e5eee83c8f4033e3.jpg,640,640
istockphoto-186719625-612x612_output_jpg.rf.37fbff1fac9c37cebb60c0f70a7cf035.jpg,640,640
istockphoto-186719625-612x612_output_jpg.rf.930878b8640bc7595b02eff2548460ff.jpg,640,640
istockphoto-186719625-612x612_output_jpg.rf.bc1104369df3f099704a1011cb446d7d.jpg,640,640
istockphoto-186719625-612x612_output_jpg.rf.da25d427733b6329931a53d28a8dee04.jpg,640,640
istockphoto-186719625-612x612_output_jpg.rf.eab93b88efb38681092e4b810a20eabc.jpg,640,640
istockphoto-186719625-612x612_output_jpg.rf.eb9d347717ccefaeead7b08c447246d6.jpg,640,640
istockphoto-186801551-612x612_jpg.rf.de894df16e1a98b9c524b53ef3aff5bd.jpg,640,640
istockphoto-187022059-612x612_jpg.rf.0d2e2a67505f1f730a119ba9d7f19565.jpg,640,640
istockphoto-187123707-612x612flip_output_jpg.rf.0be5c87fe80ee2f57be371472e42e3b3.jpg,640,640
istockphoto-187123707-612x612flip_output_jpg.rf.67dcbd5abbb683e9fb2a7783238b17af.jpg,640,640
istockphoto-187123707-612x612flip_output_jpg.rf.89232d8b7013973ecaa1761d4c27931e.jpg,640,640
istockphoto-187123707-612x612flip_output_jpg.rf.a890eb4fe6ff066f8db87eca13a2bad9.jpg,640,640
istockphoto-187123707-612x612flip_output_jpg.rf.b22275aea413bab3588a119259c02559.jpg,640,640
istockphoto-187123707-612x612flip_output_jpg.rf.c3e4e808362b4f72bdbab60605dca66c.jpg,640,640
istockphoto-187123707-612x612_output_jpg.rf.5328f5406058b0ab6eab8a6e20c59039.jpg,640,640
istockphoto-187123707-612x612_output_jpg.rf.c5a0be365d55f8398fafc063a38c1c28.jpg,640,640
istockphoto-187123707-612x612_output_jpg.rf.d46f12f512de1674793dc06887905c8a.jpg,640,640
istockphoto-187123707-612x612_output_jpg.rf.ea170e2e163611b9e728b6754567bc0c.jpg,640,640
istockphoto-187129124-612x612_jpg.rf.3e5085d474996367b0900179425f9499.jpg,640,640
istockphoto-187300010-612x612_jpg.rf.bdbb73e3ee6441d73a45db0b71a47d69.jpg,640,640
istockphoto-1908691863-612x612_jpg.rf.94d6ab7ab239f8c2fab9b31b9c19c168.jpg,640,640
istockphoto-1914092247-612x612_jpg.rf.53c0bab27af2ce9adfa3b1aeee55cd5e.jpg,640,640
istockphoto-1914092249-612x612_jpg.rf.0c5dd9ff60b09419960a0853c53e66ea.jpg,640,640
istockphoto-1929991599-612x612_jpg.rf.7f8a804f8ee6e920dc38a52c21d99945.jpg,640,640
istockphoto-1930430893-612x612_jpg.rf.98e38e21ad86fd81d6bb96e98b04e555.jpg,640,640
istockphoto-1936410369-612x612_jpg.rf.1905ed2c85a82b013402e9ca36498e85.jpg,640,640
istockphoto-1955928496-612x612_jpg.rf.5df33dd0969a66b38a7c46d8335e0b84.jpg,640,640
istockphoto-1956993352-612x612_jpg.rf.0d635e498dd6ea76e11cb6d08caa08a7.jpg,640,640
istockphoto-1962393912-612x612_jpg.rf.6460f27e6aedce8a15cd0f3356911196.jpg,640,640
istockphoto-1969311178-612x612_jpg.rf.7656215e778d7112a74ad19f2ec4e18e.jpg,640,640
istockphoto-1975113777-612x612_jpg.rf.aaf5d3b12817e544b67d7abd69cc0c24.jpg,640,640
istockphoto-1985398141-612x612_jpg.rf.d1bdf4a8cb0555b0841c5a9d3b87f0b6.jpg,640,640
istockphoto-1990701446-612x612_jpg.rf.3f1a8445cfccd156d27d786ca927d8c1.jpg,640,640
istockphoto-1990716563-612x612_jpg.rf.296c2973d24c11c234eda04ec89aecd3.jpg,640,640
istockphoto-1990720719-612x612_jpg.rf.d2173e5ee658cfa5dd4c40e41fe30c49.jpg,640,640
istockphoto-2014962253-612x612_jpg.rf.381953bbb4c722774309c359792aec13.jpg,640,640
istockphoto-2038171912-612x612_jpg.rf.54967c1178cb2280f0e00b179fb22550.jpg,640,640
istockphoto-2081366813-612x612_jpg.rf.1407864d6a48baf79acaedcec42572a6.jpg,640,640
istockphoto-2089680256-612x612_jpg.rf.317375804f66a83ec18e4dde9f515efc.jpg,640,640
istockphoto-2096153451-612x612_jpg.rf.ea465fc5e125bc5b16ff5f3551b689f3.jpg,640,640
istockphoto-2096603686-612x612_jpg.rf.f0977694bf4e0e96264777f67ac58931.jpg,640,640
istockphoto-2096620040-612x612_jpg.rf.63a70c3c0e37113008470f16459b3806.jpg,640,640
istockphoto-2096652331-612x612_jpg.rf.33f48320d1e2f1801681cfafb4f069e7.jpg,640,640
istockphoto-2096660604-612x612_jpg.rf.6f6b5b84df1a8e1c8eb922632c1e0992.jpg,640,640
istockphoto-2128685959-612x612_jpg.rf.004b1ea8144fa3f477788c67e0a84139.jpg,640,640
istockphoto-2149038713-612x612_jpg.rf.6c944e45647b0505d2317f27ad686d00.jpg,640,640
istockphoto-2149038773-612x612_jpg.rf.f465c24737f96415febca4a0c6a04f9f.jpg,640,640
istockphoto-2150456695-612x612_jpg.rf.a765868c8e0e1f87f69db81e62e9b499.jpg,640,640
istockphoto-2150741054-612x612_jpg.rf.54007de2a5185b82d6a46b5bd25c3d5d.jpg,640,640
istockphoto-2152050565-612x612_jpg.rf.05c8c12a74ae828c01b4a16de07f91c4.jpg,640,640
istockphoto-2152663954-612x612_jpg.rf.c1da7d504c3571f676050867e358320f.jpg,640,640
istockphoto-2153198648-612x612_jpg.rf.486e3d97fc707d8b14d9be6921e1ef71.jpg,640,640
istockphoto-2154140143-612x612_jpg.rf.af58256e8a13d50ffacbec859fa1eaa0.jpg,640,640
istockphoto-2156881417-612x612_jpg.rf.92bdfc8be38e6964304f9343a6f9249a.jpg,640,640
istockphoto-2157602283-612x612_jpg.rf.cae4b54de43d40df9f3b885999a81fb3.jpg,640,640
istockphoto-2157622106-612x612_jpg.rf.138c34a93241c23c340b3120f692d674.jpg,640,640
istockphoto-2157622150-612x612_jpg.rf.4afbde8d61c6328f372076aa51425f55.jpg,640,640
istockphoto-2157622535-612x612_jpg.rf.cc3823fb10e92ef1206a537425434b74.jpg,640,640
istockphoto-2157631050-612x612_jpg.rf.ee46875a425425151e2c217c5643fbb5.jpg,640,640
istockphoto-2157632857-612x612_jpg.rf.cf4124c9e6da33587ebbbbce1159d932.jpg,640,640
istockphoto-2157632975-612x612_jpg.rf.79bd34b9b15c6cb824384516ed128ae0.jpg,640,640
istockphoto-2157634813-612x612_jpg.rf.4cc7fe5ec501055f17684d8fec0234bd.jpg,640,640
istockphoto-2157634814-612x612_jpg.rf.0540f711d0d2b99fb5b4a88ae426da6e.jpg,640,640
istockphoto-2158738205-612x612_jpg.rf.2f7aadfb9b0725d76283f9510262b4f9.jpg,640,640
istockphoto-2158770265-612x612_jpg.rf.f37a53048ad9529a96630775c533d6ee.jpg,640,640
istockphoto-2158770876-612x612_jpg.rf.59266f6f469b4d6879fcbbd6956d2cdd.jpg,640,640
istockphoto-2158883159-612x612_jpg.rf.62734fd3ec41f0a94612d875c6e5da14.jpg,640,640
istockphoto-2158883587-612x612_jpg.rf.e07bc16d4489245af1f280b8607e36bf.jpg,640,640
istockphoto-2158883861-612x612_jpg.rf.ee4ad51dbf33bdcdbe673b3d7a4f4c55.jpg,640,640
istockphoto-2158887514-612x612_jpg.rf.be74e3c835696a914ab9dbc0603699cb.jpg,640,640
istockphoto-2158888964-612x612_jpg.rf.5b13e26ad3f2e862bc921f6a41be40af.jpg,640,640
istockphoto-2158889529-612x612_jpg.rf.d5bead78957cdd53c9cc99357ca8c95d.jpg,640,640
istockphoto-2158890430-612x612_jpg.rf.552af4af421394aa58f5cfaf306f45a6.jpg,640,640
istockphoto-2158890441-612x612_jpg.rf.2c0482638b71da70c93704750796cb67.jpg,640,640
istockphoto-2159168529-612x612_jpg.rf.1de8a7cdcfe0a015a3dad1c347dd0b64.jpg,640,640
istockphoto-2159168596-612x612_jpg.rf.ff54dd1cc28f35af5d7fe72b4069b457.jpg,640,640
istockphoto-2159169556-612x612_jpg.rf.ea4c382c6ad91018efe8ec8d759784b3.jpg,640,640
istockphoto-2159169645-612x612_jpg.rf.382a82fada2184dbcd7b8b5637a37325.jpg,640,640
istockphoto-2159171619-612x612_jpg.rf.33ba335e11c2225c98e4cfa9c1010b27.jpg,640,640
istockphoto-2159227078-612x612_jpg.rf.397fb23037e2f4aa6f2a66381ba2c605.jpg,640,640
istockphoto-2160504447-612x612_jpg.rf.77fe032d3b38a372445e22a5f4a3cf7e.jpg,640,640
istockphoto-2160544996-612x612_jpg.rf.1107b933bb7025861190d711c66fa6d1.jpg,640,640
istockphoto-2163593191-612x612_jpg.rf.cd113cfce3632c46313c06eaf220cb30.jpg,640,640
istockphoto-2164391086-612x612_jpg.rf.7ad92e2fc3d62759e3dddbdd7f5e1c9f.jpg,640,640
istockphoto-2164586219-612x612_jpg.rf.f1382c6666af4412ee3325e1224d4c52.jpg,640,640
istockphoto-2165827351-612x612_jpg.rf.395d3420b0052ddd058c0487d22162dd.jpg,640,640
istockphoto-2166719170-612x612_jpg.rf.0cea4278465f267732d6b768f4c9e644.jpg,640,640
istockphoto-2167320996-612x612_jpg.rf.7f06cc4dba0972b469f83c97e2b18290.jpg,640,640
istockphoto-2170769404-612x612_jpg.rf.76eda86564f4380f0e7cee65247405ed.jpg,640,640
istockphoto-2170782388-612x612_jpg.rf.a68dffa6e1c2c454b9e068fe98f983b4.jpg,640,640
istockphoto-2170782510-612x612_jpg.rf.33c1732182bc22c43dc95f7e88953b6d.jpg,640,640
istockphoto-2170782538-612x612_jpg.rf.d6530f2a44b982ef4e72eb92a9ee21e9.jpg,640,640
istockphoto-2170782669-612x612_jpg.rf.4dc3e0c8eee9b11a2b01e8adea61f7f6.jpg,640,640
istockphoto-2170783439-612x612_jpg.rf.7e9e012fc7a608355020eb79267a5fb7.jpg,640,640
istockphoto-2170784151-612x612_jpg.rf.804db5ef674ce996f45c17b5d05e5bca.jpg,640,640
istockphoto-2171334984-612x612_jpg.rf.481205027fbacd8800fd1860d457443e.jpg,640,640
istockphoto-2173745817-612x612_jpg.rf.381e36e0b7b6b65bd9f92adb671f807b.jpg,640,640
istockphoto-2173825479-612x612_jpg.rf.e2adcaa1873a439640b4929780d287a9.jpg,640,640
istockphoto-2176715774-612x612_jpg.rf.09fb37664ab2cf6752b7b0730fbccf1e.jpg,640,640
istockphoto-2177046564-612x612_jpg.rf.070fe0771a00097af572f470ba059c01.jpg,640,640
istockphoto-2181469518-612x612_jpg.rf.7578f51ee89d38c8a96a3a381b827f88.jpg,640,640
istockphoto-2181473739-612x612_jpg.rf.2ec44ea68748dbd9e55c5498e7ce96d4.jpg,640,640
istockphoto-2182875996-612x612_jpg.rf.68def2671a4028bcb49a00381d212a05.jpg,640,640
istockphoto-2183315429-612x612_jpg.rf.28befb8ceb46817691368b3f450b09d0.jpg,640,640
istockphoto-2183460739-612x612_jpg.rf.5215786729197603045d8480cd1cc8ef.jpg,640,640
istockphoto-2183494286-612x612_jpg.rf.0f34d221157f45c9f92bb8059440b8fa.jpg,640,640
istockphoto-2186890038-612x612_jpg.rf.15b826de41b0ef6d34d332235022b827.jpg,640,640
istockphoto-2188698102-612x612_jpg.rf.cf9e1e752bbd64586d2d1ea591b82e6b.jpg,640,640
istockphoto-2188717766-612x612_jpg.rf.5be9aea44723f4e7ee29767687420005.jpg,640,640
istockphoto-2189840001-612x612_jpg.rf.4cbc68d24697ec9e6c7bd984770a9ee1.jpg,640,640
istockphoto-2189840383-612x612_jpg.rf.25e57a5e4e59ec088cb4e24cd1ee8fa1.jpg,640,640
istockphoto-2190010328-612x612_jpg.rf.5dde6249e435803e1adfaf33ddae2ff7.jpg,640,640
istockphoto-2190241778-612x612_jpg.rf.479c419256a1d9398b374e92e885914a.jpg,640,640
istockphoto-2192220800-612x612_jpg.rf.2e6d5feaf234aa2a3fec44e3c046bd8e.jpg,640,640
istockphoto-2195140895-612x612_jpg.rf.54693f8d157cdb41624eeede508054a4.jpg,640,640
istockphoto-2195790053-612x612_jpg.rf.3752f8f440be1077c1560ba3cf756d98.jpg,640,640
istockphoto-2197676303-612x612_jpg.rf.1d08c69cb40d21c668c0650fe68efb3b.jpg,640,640
istockphoto-2197676537-612x612_jpg.rf.c2c00e18c63706225e203420c57f904d.jpg,640,640
istockphoto-2197801154-612x612_jpg.rf.5b1f0072fd2fd6464ddf29ceec789f9d.jpg,640,640
istockphoto-2197878269-612x612_jpg.rf.1593b096ea58275b0e8dbf3f46a36275.jpg,640,640
istockphoto-2198287809-612x612_jpg.rf.dc8a23c1b9d070a4559b58ad46f7663d.jpg,640,640
istockphoto-2198483269-612x612_jpg.rf.e6de2d4d3028222e563a681eefde0409.jpg,640,640
istockphoto-2198483270-612x612_jpg.rf.4d00d80bc71172c0b8823a63471ee9f6.jpg,640,640
istockphoto-2198484047-612x612_jpg.rf.f6366ae3b4a3a50299ab5e609c23265e.jpg,640,640
istockphoto-2198492830-612x612_jpg.rf.8def2adc389ffaefd46c23d6d65b3ab1.jpg,640,640
istockphoto-2198492835-612x612_jpg.rf.dcad1f010066bdbbb5d660f45d6e00f0.jpg,640,640
istockphoto-2200176376-612x612_jpg.rf.7b6b3e72794c3bcd013ce7018ac50813.jpg,640,640
istockphoto-2202430769-612x612_jpg.rf.53b9cdeb73edc4a3a1c42e7ee13e3235.jpg,640,640
istockphoto-2203482175-612x612_jpg.rf.f7d1c81c87ffd26c706ffea8189c4262.jpg,640,640
istockphoto-2205325403-612x612_jpg.rf.f2e8c4bd5fe8ddd783ae929a801e4fff.jpg,640,640
istockphoto-450046607-612x612_jpg.rf.c8ebcff102b46e727daec696b50a7cab.jpg,640,640
istockphoto-450118237-612x612_jpg.rf.c3e09d05f3a79f398f236ec22798f828.jpg,640,640
istockphoto-451174621-612x612_jpg.rf.4f48723232d7bda642b7ae2980b7ee4c.jpg,640,640
istockphoto-452724419-612x612_jpg.rf.c913aee2d1067df7b41681b95ce24037.jpg,640,640
istockphoto-458926561-612x612_jpg.rf.a5cfe400e4755e7008ca9259ebcb5cbf.jpg,640,640
istockphoto-460228229-612x612_jpg.rf.b143903ab539a31fd8094660599a765c.jpg,640,640
istockphoto-461961215-612x612_jpg.rf.7f86639b874108ec33203aeb3d103409.jpg,640,640
istockphoto-462518263-612x612_jpg.rf.82a963ed589b278bf569c3aaf70419b4.jpg,640,640
istockphoto-464436858-612x612_jpg.rf.31c5ede510599d704ed849f128df19d8.jpg,640,640
istockphoto-465436569-612x612_jpg.rf.8d89d2a94aedfc3640ad382821ee29b1.jpg,640,640
istockphoto-466385921-612x612_jpg.rf.7b84ccf497fbb98bf58d68d1387cc7ab.jpg,640,640
istockphoto-466386003-612x612_jpg.rf.2da1cdd1fb35c43032dc63ae13a930c0.jpg,640,640
istockphoto-467870192-612x612_jpg.rf.15034fbb9db6ab64e153957b8f547b3b.jpg,640,640
istockphoto-467874744-612x612_jpg.rf.a32b4f9ddf460e0ca5b15356ed92a2c3.jpg,640,640
istockphoto-468119726-612x612_jpg.rf.9a63e8e825a561d99693d0520d28b02c.jpg,640,640
istockphoto-469474388-612x612_jpg.rf.4180b6c7fabc21ae18d611368428d22d.jpg,640,640
istockphoto-469544574-612x612_jpg.rf.c6d175ec6836a18c5dd12677655917a7.jpg,640,640
istockphoto-470557342-612x612_jpg.rf.e815f1e48b320cc694c849707c3f341b.jpg,640,640
istockphoto-470679176-612x612_jpg.rf.69a555ffec26b06f2877ce9a6793db45.jpg,640,640
istockphoto-470992488-612x612_jpg.rf.37c23b06e50fdbcd69fb2d2b3b05f6d0.jpg,640,640
istockphoto-471318339-612x612_jpg.rf.60796ac8f3a89bb2d61f9e2f86433fb1.jpg,640,640
istockphoto-471457333-612x612_jpg.rf.0b07df075eb68602d77eac09b8338fa7.jpg,640,640
istockphoto-471983934-612x612_jpg.rf.962bcd01e11cd725981dd4ecce61c5d6.jpg,640,640
istockphoto-472122801-612x612_jpg.rf.ef60c12fff89c2b0ffdc7e5114553864.jpg,640,640
istockphoto-473217670-612x612_jpg.rf.3fbcb2f4cc946e0c3b6118625b0efd8b.jpg,640,640
istockphoto-474419006-612x612_jpg.rf.e15a7db14737179e59d99c9621c71fa5.jpg,640,640
istockphoto-475982541-612x612_jpg.rf.5c8ea3b581ce20378320994146c910fc.jpg,640,640
istockphoto-477992303-612x612_jpg.rf.1024e8fc764cf9b32f4b8fa0540db45d.jpg,640,640
istockphoto-478051163-612x612_jpg.rf.ebead69a4830348d74d8e8852a972379.jpg,640,640
istockphoto-478117165-612x612_jpg.rf.17953aa851c1b9fc938213ccd36e876d.jpg,640,640
istockphoto-479427696-612x612_jpg.rf.1613ebfaeabb32ec186c94e8950050e9.jpg,640,640
istockphoto-479488947-612x612_jpg.rf.36008ddbfa692134e2fe26695a3e92fc.jpg,640,640
istockphoto-480082331-612x612_jpg.rf.1c0cdaea3f43881463cf5a74702094c6.jpg,640,640
istockphoto-480994367-612x612_jpg.rf.3ada8d4d76af68a8ab5bf2f0f796d978.jpg,640,640
istockphoto-481245073-612x612_jpg.rf.2feca6a0170b5f8e8fed133d42a96567.jpg,640,640
istockphoto-482310254-612x612_jpg.rf.0d93583fb19d2e8628f3dba1caa12cea.jpg,640,640
istockphoto-482677081-612x612flip_output_jpg.rf.1820ab55954074f67f8c30e5e836e225.jpg,640,640
istockphoto-482677081-612x612flip_output_jpg.rf.31541e42998e68c77a4690ac3784c0ba.jpg,640,640
istockphoto-482677081-612x612flip_output_jpg.rf.981c1bc75a438bc4a22bf3c7b20342b3.jpg,640,640
istockphoto-482677081-612x612flip_output_jpg.rf.f2e9fc0f802021bef4b97a6de6ff0593.jpg,640,640
istockphoto-482677081-612x612_output_jpg.rf.1d960e6d024a1566a7684fe49424f8b9.jpg,640,640
istockphoto-482677081-612x612_output_jpg.rf.2b74ff6f8adddae5fcdd60de3f647443.jpg,640,640
istockphoto-482677081-612x612_output_jpg.rf.2f367dc7f018cc25733bc737a41fb504.jpg,640,640
istockphoto-482677081-612x612_output_jpg.rf.73cdef3a3b629cf0d1d9d012430ebca3.jpg,640,640
istockphoto-482677081-612x612_output_jpg.rf.74b8881675a1614bdd4b5be09464a1bf.jpg,640,640
istockphoto-482677081-612x612_output_jpg.rf.ec4da54b3ea0596a1ad68b0b4471556b.jpg,640,640
istockphoto-483530119-612x612_jpg.rf.05553dee4cdd074f7a3b64c2d18a3202.jpg,640,640
istockphoto-483536582-612x612_jpg.rf.1eaaf65083ff0c221e232863fd080700.jpg,640,640
istockphoto-483635808-612x612_jpg.rf.7e9048a214152e4a7746d924162ab94d.jpg,640,640
istockphoto-485462220-612x612_jpg.rf.99a13cc44e6769bc11c58ea5b697cea5.jpg,640,640
istockphoto-485506905-612x612_jpg.rf.374d7914626d1718b78ad06b259be1cc.jpg,640,640
istockphoto-485737184-612x612_jpg.rf.cfa55db44472449f64c5890d76e25db3.jpg,640,640
istockphoto-486672981-612x612_jpg.rf.65070270dcf9db646489cc24bdbd60bf.jpg,640,640
istockphoto-486762235-612x612_jpg.rf.19552a7a72f00ae19a34aba633cbc77d.jpg,640,640
istockphoto-487407560-612x612_jpg.rf.0497dbeec4a2b057122d1a49261cd6fe.jpg,640,640
istockphoto-487409372-612x612_jpg.rf.84f1c156078b73bd8333f32c31bcb45d.jpg,640,640
istockphoto-488889699-612x612_jpg.rf.0dd76ae631dafbd32fa05c6549cbc56a.jpg,640,640
istockphoto-489645525-612x612_jpg.rf.587e2cda1e6a4bff5ab317149b4041e4.jpg,640,640
istockphoto-490507754-612x612_jpg.rf.98ff683d016f5bc68299d6ced2ebfbb8.jpg,640,640
istockphoto-490611379-612x612_jpg.rf.9b8e7e939dcd305431e07ed08391e71b.jpg,640,640
istockphoto-494039437-612x612_jpg.rf.126ece734e427cc03794583f79a40fde.jpg,640,640
istockphoto-494632686-612x612_jpg.rf.96d46274f989dccbb9d8f05ae322189b.jpg,640,640
istockphoto-494857048-612x612_jpg.rf.c43f880ca29bba63673879c60f61db91.jpg,640,640
istockphoto-495202956-612x612_jpg.rf.82f7f24892498f7698062ce8333a5e4a.jpg,640,640
istockphoto-495334438-612x612_jpg.rf.f1a75262928ee8fe326c71be2b022775.jpg,640,640
istockphoto-495812957-612x612_jpg.rf.c57ac285feec36e485b22222113fa287.jpg,640,640
istockphoto-496731466-612x612_jpg.rf.fe78cd2340c1b92886b7d8dca678eefd.jpg,640,640
istockphoto-496739836-612x612_jpg.rf.f7fc6a64f960ebff68199bb2377983cc.jpg,640,640
istockphoto-497807060-612x612_jpg.rf.7982ff185e5756bc5f55fe4af478da67.jpg,640,640
istockphoto-499229993-612x612_jpg.rf.e5c83cfe622bdd12bdb0da18c80cce34.jpg,640,640
istockphoto-501135585-612x612_jpg.rf.f255143e8db93fde51731c28f734fb2c.jpg,640,640
istockphoto-501577910-612x612_jpg.rf.3f8cbbd0baddd14bddefe746cd149715.jpg,640,640
istockphoto-501938834-612x612_jpg.rf.2f00627e5f5d9b79b0b7328855439632.jpg,640,640
istockphoto-502420343-612x612_jpg.rf.dcf436ef88d0bfb541c163ca24a1fd8d.jpg,640,640
istockphoto-502425474-612x612_jpg.rf.1504967a25c8b030a77d4fbfda3ede88.jpg,640,640
istockphoto-502907649-612x612_jpg.rf.e3e14cee886b9f13eae765374b103ff7.jpg,640,640
istockphoto-503076482-612x612_jpg.rf.858b8ee0040448677237627b9d278c54.jpg,640,640
istockphoto-503762712-612x612_jpg.rf.42ce6ba9074846a1785a54ac75c56390.jpg,640,640
istockphoto-503762986-612x612_jpg.rf.cfbf017da03f42e908357238fbc11ad8.jpg,640,640
istockphoto-505769635-612x612_jpg.rf.e923dd9e7af22600e25fb2c34eb4f371.jpg,640,640
istockphoto-505827854-612x612_jpg.rf.b889dc64d5267bc9f60e5cfc0a1e5505.jpg,640,640
istockphoto-506018474-612x612_jpg.rf.37424476309031862c1f0fecb17fbd3e.jpg,640,640
istockphoto-506131930-612x612_jpg.rf.767ccd5ebd2bffc78d9787224842cce7.jpg,640,640
istockphoto-506990272-612x612_jpg.rf.257f4a100a3520c808f28134925346d1.jpg,640,640
istockphoto-507572398-612x612_jpg.rf.dce97d5da256b9e9f95b7f6c0fa8726a.jpg,640,640
istockphoto-508377636-612x612_jpg.rf.105ae4b1ba50a9690775c7879a1d5d8f.jpg,640,640
istockphoto-509137301-612x612_jpg.rf.7a3ab7b946dbca3498d15f61e6ae5751.jpg,640,640
istockphoto-510376999-612x612_jpg.rf.52c3ed4ed51d8fc0b0259177a50eb0be.jpg,640,640
istockphoto-510702082-612x612_jpg.rf.257a61d5f039a5a4c653be0e3e3d8f69.jpg,640,640
istockphoto-511463838-612x612_jpg.rf.33877284451c75515d2b29cf9855463d.jpg,640,640
istockphoto-511504291-612x612_jpg.rf.b1e9fc6972b36753e2b420fce2dcd809.jpg,640,640
istockphoto-512173122-612x612_jpg.rf.ddf2683fe2028006ab06a485f3f927d0.jpg,640,640
istockphoto-512520221-612x612_jpg.rf.ee19abfb6447313b535b9bf463b94355.jpg,640,640
istockphoto-513677344-612x612_jpg.rf.1926bfdcf69fe7bb279f946302f833f3.jpg,640,640
istockphoto-514033257-612x612_jpg.rf.af792148c19d734ab9126057ee42e2ba.jpg,640,640
istockphoto-514412064-612x612_jpg.rf.0b420a78397569e9bed72a6f3ea699b0.jpg,640,640
istockphoto-514412146-612x612_jpg.rf.28a1d9ddb9f77a6a768e6375d94594ae.jpg,640,640
istockphoto-514412168-612x612_jpg.rf.a5a0f47cabd4bcef021afb49992474a7.jpg,640,640
istockphoto-514412188-612x612_jpg.rf.51a4e0b671fcd28b61fdd70ba22d939c.jpg,640,640
istockphoto-515153972-612x612_jpg.rf.00f6b5991e6391727c1846b940007272.jpg,640,640
istockphoto-515521389-612x612_jpg.rf.393efbaa3d9bfb8d52100e78d05ea775.jpg,640,640
istockphoto-518223072-612x612_jpg.rf.125d0bb7811446ca56ba8a964c5e0108.jpg,640,640
istockphoto-518501942-612x612_jpg.rf.4ebab69aaa4e866b768d05b7b3dad8ab.jpg,640,640
istockphoto-519457177-612x612_jpg.rf.63692dd0d7b867027d6a96a17a89571d.jpg,640,640
istockphoto-520554348-612x612_jpg.rf.91dfe8369767d8f331650d19fe16dc27.jpg,640,640
istockphoto-520778554-612x612_jpg.rf.6ba136005841868b00099ddc68c777b3.jpg,640,640
istockphoto-520886034-612x612_jpg.rf.beb6454f5323f26abe790f3babd81964.jpg,640,640
istockphoto-520886900-612x612_jpg.rf.e2b26a63a665ebbe456076b66d70ff9a.jpg,640,640
istockphoto-520890028-612x612_jpg.rf.62cda83bdfd86b45930bb641714c0797.jpg,640,640
istockphoto-520890824-612x612_jpg.rf.ce4fc8e48e275b42e8cd0a8ced5531fb.jpg,640,640
istockphoto-520963477-612x612_jpg.rf.ceff90a0fca374d9b67547b2138ff089.jpg,640,640
istockphoto-523878648-612x612_jpg.rf.0de459ae2bfa4931ff334a8e3968c891.jpg,640,640
istockphoto-525954841-612x612_jpg.rf.90854bf3eddec4d539e86682f385914f.jpg,640,640
istockphoto-527906086-612x612_jpg.rf.d83d3ec7f79bdbc99846749c1633d36e.jpg,640,640
istockphoto-530423101-612x612_jpg.rf.0175baa1d6b5249e5f0b64bbce68c220.jpg,640,640
istockphoto-530542957-612x612_jpg.rf.67fbe898d4abb7a3eb97498557457b17.jpg,640,640
istockphoto-531617422-612x612_jpg.rf.12059e763d47442dd5803dd0213c6985.jpg,640,640
istockphoto-531618612-612x612_jpg.rf.95aa9d9be574015bd1d7fb086dd841ed.jpg,640,640
istockphoto-531671729-612x612_jpg.rf.1ae8c5bf8011e9244f40a90f6182d966.jpg,640,640
istockphoto-532506693-612x612_jpg.rf.eec9432545609709411b12e2c8bed80d.jpg,640,640
istockphoto-533366173-612x612_jpg.rf.1e84ac90e87a68e6e19116ea427d45b5.jpg,640,640
istockphoto-535768417-612x612_jpg.rf.11ce38cffe82158b46b8ff7436846f3f.jpg,640,640
istockphoto-535890825-612x612_jpg.rf.e4595f20c82d858d61466b45c07019fc.jpg,640,640
istockphoto-536139351-612x612_jpg.rf.fd2be5f723af7a656f5221a9199d16ea.jpg,640,640
istockphoto-537613490-612x612_jpg.rf.8c1e2fc3afc39ed0ceb703c94e54085f.jpg,640,640
istockphoto-538160275-612x612_jpg.rf.54dd5ef2cef9df9e510e0a1d77b3d5f2.jpg,640,640
istockphoto-538701903-612x612_jpg.rf.288d4cb82c6ab015f053b3c3ace9edf2.jpg,640,640
istockphoto-539041123-612x612_jpg.rf.5fe79b1a1254036f39028e389409a090.jpg,640,640
istockphoto-541842358-612x612_jpg.rf.f84fb905fd7b181f8ced4bf0675403b2.jpg,640,640
istockphoto-545668264-612x612_jpg.rf.6689611a7730646f9485ac0a16079ede.jpg,640,640
istockphoto-545668418-612x612_jpg.rf.86c98ee0fba3e19b5f6dbbea18e5ec11.jpg,640,640
istockphoto-545668516-612x612_jpg.rf.ba2094e17aef357b551b4d140433d5ae.jpg,640,640
istockphoto-547216530-612x612_jpg.rf.3826002cb29f94867a95e91e32a4c065.jpg,640,640
istockphoto-577979906-612x612_jpg.rf.c433ff4d279e42a4b03283a7a31253ac.jpg,640,640
istockphoto-583807892-612x612_jpg.rf.4be2be6f2d4dfc97082109a55288c71a.jpg,640,640
istockphoto-584572528-612x612_jpg.rf.5fede0c8abc788c7b899d574b2b6c4fc.jpg,640,640
istockphoto-584572638-612x612_jpg.rf.9a09601a7e305f8a4fd4d46bcd767c5b.jpg,640,640
istockphoto-597244624-612x612_jpg.rf.0fe449a9620c3b7b3de280f4610efc86.jpg,640,640
istockphoto-606632414-612x612_jpg.rf.8f63c3b21a3cdccbbc9788e72987e8e8.jpg,640,640
istockphoto-607974828-612x612_jpg.rf.f1b1af8cc9b259be485d6d2f3c254fed.jpg,640,640
istockphoto-610861712-612x612_jpg.rf.dc3b1ff83c84776f7f7c6f1a5ed27017.jpg,640,640
istockphoto-612012522-612x612_jpg.rf.e43e32198d8abb9b9820dd982286a06f.jpg,640,640
istockphoto-613779300-612x612_jpg.rf.3c0a428d87cf3940e4bdcbd07db69c3c.jpg,640,640
istockphoto-613908044-612x612_jpg.rf.86d42fbbcec4623428820fd12cfe60d6.jpg,640,640
istockphoto-615926650-612x612_jpg.rf.c3ca49929aaacfa5a33c125c70473e7f.jpg,640,640
istockphoto-617774880-612x612_jpg.rf.e8dd9c0b7a6a94d73a43c69fa88c8090.jpg,640,640
istockphoto-618344122-612x612_jpg.rf.e1479d0dacf4fe0a0589fe34c427a8fd.jpg,640,640
istockphoto-618434422-612x612_jpg.rf.d2ac6ef2e328d069b008f7e7707a14f0.jpg,640,640
istockphoto-620366416-612x612_jpg.rf.a76b4716127bbbeff018f6d409dbfb22.jpg,640,640
istockphoto-620732242-612x612_jpg.rf.0a127252bf87393df1d55b3139cf792c.jpg,640,640
istockphoto-622516600-612x612_jpg.rf.8ee5c4e527117a4d0b6c32f45e887152.jpg,640,640
istockphoto-622519330-612x612_jpg.rf.13b059fa56498955deb6f4d27a17606e.jpg,640,640
istockphoto-622519748-612x612_jpg.rf.239e5b4959b54a1c7b0173c6bf944a92.jpg,640,640
istockphoto-624110844-612x612_jpg.rf.ab2593d36dd33d876747282a3cce1fa0.jpg,640,640
istockphoto-625202574-612x612_jpg.rf.7fa1f4ae7ec1ec89a33db633edc20a36.jpg,640,640
istockphoto-625892172-612x612_jpg.rf.233d58498a1524577e2ebe7ca81f2578.jpg,640,640
istockphoto-625892174-612x612_jpg.rf.fc38086568890470089eacbf91594582.jpg,640,640
istockphoto-626565172-612x612_jpg.rf.ba2f4de602942a41e639ca8d7efa3e65.jpg,640,640
istockphoto-629828878-612x612_jpg.rf.eaa11991fbf896827dfb7110045b4497.jpg,640,640
istockphoto-635991058-612x612_jpg.rf.8a103712e2deafcf7da2f6ff42aa4605.jpg,640,640
istockphoto-636478004-612x612_jpg.rf.8b1f0699a1e1dfe6c0657e2dc7ab4443.jpg,640,640
istockphoto-637591294-612x612_jpg.rf.30f91589245e9d273f5b10046b2bac96.jpg,640,640
istockphoto-637591384-612x612_jpg.rf.8ef6fed5c3d8cb15058907e20dfc712c.jpg,640,640
istockphoto-637592906-612x612_jpg.rf.83c9471aa4fe9a051993529866da6a77.jpg,640,640
istockphoto-637845588-612x612_jpg.rf.e296d29937d13274aafd88bbf0e720d5.jpg,640,640
istockphoto-637962072-612x612_jpg.rf.7e33ef371dcf19037ae0d770954e98eb.jpg,640,640
istockphoto-638166254-612x612_jpg.rf.e969760ffad371c58e6b04f81883db71.jpg,640,640
istockphoto-638392826-612x612_jpg.rf.93d3cb0bdf7d7846441916306d4f2001.jpg,640,640
istockphoto-641046334-612x612_jpg.rf.73d6ea1f43c9281dbba4df4c9023496c.jpg,640,640
istockphoto-641148928-612x612_jpg.rf.eb0d85c0a71e37f1920eb8c4dda5d93d.jpg,640,640
istockphoto-641514576-612x612_jpg.rf.dc3264463a887090880e3824a1338deb.jpg,640,640
istockphoto-641514578-612x612_jpg.rf.253b02f3f0db2d6564dff7d2974f1682.jpg,640,640
istockphoto-641514582-612x612_jpg.rf.0bc3f11dce5a6e3792559786d5fdb1ca.jpg,640,640
istockphoto-647618416-612x612_jpg.rf.0d7731d5ea0c4275b76877e76a03d9ef.jpg,640,640
istockphoto-655771562-612x612_jpg.rf.c78443ec211bc9c3043042fedc5c0a53.jpg,640,640
istockphoto-655781978-612x612_jpg.rf.414b5d16ecc51f935d96043f61f9e58a.jpg,640,640
istockphoto-655786608-612x612_jpg.rf.abd3683ca7cff5f38108c4028dfbf1af.jpg,640,640
istockphoto-657432438-612x612_jpg.rf.3b4060110af6754f6a08977f22da3234.jpg,640,640
istockphoto-657433176-612x612_jpg.rf.faa2dad7403f5ed420981576e0aae0bf.jpg,640,640
istockphoto-660474846-612x612_jpg.rf.69eb9da909d57ddd662e0cf44fc6cfdf.jpg,640,640
istockphoto-673170194-612x612_jpg.rf.47367753abafe361aeab7bff51c0c84d.jpg,640,640
istockphoto-675254606-612x612_jpg.rf.3df3420454afbb54293ccbcaab0944dd.jpg,640,640
istockphoto-675254640-612x612_jpg.rf.9671c3d36e11a0b5c79519ce5251e953.jpg,640,640
istockphoto-675543442-612x612_jpg.rf.42e6f08630740dd2e5263e0db69f128f.jpg,640,640
istockphoto-680396026-612x612_jpg.rf.ec10dce816afd705934e05edf0358654.jpg,640,640
istockphoto-681765840-612x612_jpg.rf.2870589944a2eaf65679f461db674fce.jpg,640,640
istockphoto-685785790-612x612_jpg.rf.f04d16b7fb8559f934be66abf81e914a.jpg,640,640
istockphoto-692415692-612x612_jpg.rf.c228bdd89c2cfac64931f8a8b39a40d1.jpg,640,640
istockphoto-694706548-612x612_jpg.rf.fc5ca69f4bfb4bf76b569325d0aa552c.jpg,640,640
istockphoto-694969092-612x612_jpg.rf.d8810c0b42d3dd69c6e604fbb81db4f9.jpg,640,640
istockphoto-698910766-612x612_jpg.rf.bfd64d3567e30b343fc0d9be3117f362.jpg,640,640
istockphoto-698917730-612x612_jpg.rf.9a1c8490bf6dcdd8b850d7c0f13bfe4c.jpg,640,640
istockphoto-801947936-612x612_jpg.rf.21d664ba960c86b05a65968953e48d5a.jpg,640,640
istockphoto-812901336-612x612_jpg.rf.454b0fc0054b3721aa0d06965c321287.jpg,640,640
istockphoto-827667728-612x612_jpg.rf.6bd2a73c42a186ec5318a35982ceb373.jpg,640,640
istockphoto-827670286-612x612_jpg.rf.2be5d0e77ec16af23554d08a65d5648a.jpg,640,640
istockphoto-830365840-612x612_jpg.rf.1446a813c7935fef67e8e1d856194f0e.jpg,640,640
istockphoto-835879506-612x612_jpg.rf.2cf5244a9cb737a9330cf44a0e7febf1.jpg,640,640
istockphoto-835879694-612x612_jpg.rf.54e455197b6b3a40f074718425c48e9e.jpg,640,640
istockphoto-836255080-612x612_jpg.rf.07061f96e3792023d940040459b44101.jpg,640,640
istockphoto-838504142-612x612_jpg.rf.153369784934b56288b9f252bf4dd79d.jpg,640,640
istockphoto-838506140-612x612_jpg.rf.953a31726afc33ed55cf95628707122a.jpg,640,640
istockphoto-839305208-612x612_jpg.rf.56c37f78c5da92aaac70a6afbcd0b871.jpg,640,640
istockphoto-839342622-612x612_jpg.rf.d388343c3f9d1693b01c7b76213a20d1.jpg,640,640
istockphoto-842022696-612x612_jpg.rf.be908976c14f166dbb5212f6b82086b3.jpg,640,640
istockphoto-842965788-612x612_jpg.rf.9388bc7ac838d8875d02b1a77a4e77b3.jpg,640,640
istockphoto-842965840-612x612_jpg.rf.f6ae193c9af47325e14415cdd9303771.jpg,640,640
istockphoto-842965982-612x612_jpg.rf.3cc7c5e06a6c7b8468ac0ee0782b2af0.jpg,640,640
istockphoto-842966058-612x612_jpg.rf.846ad2f8d37ff6f3789f791a06cd6f24.jpg,640,640
istockphoto-847253170-612x612_jpg.rf.41a42499f6964586e88fc6034107367e.jpg,640,640
istockphoto-847253204-612x612_jpg.rf.09052744fc05e5a69b0b214b1a70e545.jpg,640,640
istockphoto-857997106-612x612_jpg.rf.99eaff930ecdea85797ec12fdec3e13b.jpg,640,640
istockphoto-861233680-612x612_jpg.rf.8562808da12331766ea33d11dbbe2d91.jpg,640,640
istockphoto-861233710-612x612_jpg.rf.4a265c77192cc2648be94b4d5c77b396.jpg,640,640
istockphoto-861233718-612x612_jpg.rf.5d88c8f3bb37cc554f7190ed4f16ec73.jpg,640,640
istockphoto-861233720-612x612_jpg.rf.a4a24cbb6bb81d5a4b9a6fe5c652f11c.jpg,640,640
istockphoto-861234048-612x612_jpg.rf.8fd9d086d5e1f6661ff101e87af1df44.jpg,640,640
istockphoto-861705572-612x612_jpg.rf.c8ff1111ae36fe2a98d2cb485cbfa643.jpg,640,640
istockphoto-861775430-612x612_jpg.rf.cced059b90e96ee7dccecec629ef86e9.jpg,640,640
istockphoto-862377564-612x612_jpg.rf.7687f0a0d88ea1763bd1a7bd56dad857.jpg,640,640
istockphoto-868531126-612x612_jpg.rf.0329ddf31bd54937e97b967d4d5ce22d.jpg,640,640
istockphoto-868840688-612x612_jpg.rf.90c3e1a5dd2dba6cff5a067a7d624ec5.jpg,640,640
istockphoto-877810588-612x612_jpg.rf.147b34c0c4810c0f7e05315f30e12137.jpg,640,640
istockphoto-881425268-612x612_jpg.rf.c4fa85976eb62ad043635cdcb71b79de.jpg,640,640
istockphoto-881433922-612x612_jpg.rf.689fbbeba580f589a4d5519dbac7fbdb.jpg,640,640
istockphoto-885030436-612x612_jpg.rf.f43750cf169ee386a122bdd89c0216f4.jpg,640,640
istockphoto-893587740-612x612_jpg.rf.e8722aa91181ce34803ceaa32400f8e2.jpg,640,640
istockphoto-894250426-612x612_jpg.rf.8efe074ebf41179176e567a22a31e32d.jpg,640,640
istockphoto-895392248-612x612_jpg.rf.89cb1f22dd89b55b552afd4e667d8cc4.jpg,640,640
istockphoto-896458296-612x612_jpg.rf.8c4da62fe67f5cb1566a1a1e1553c898.jpg,640,640
istockphoto-896741282-612x612_jpg.rf.dc3437ecfed6e2e5ffc5c8becefdac13.jpg,640,640
istockphoto-89903874-612x612_jpg.rf.7ca30c653700b47dd00b879def05c88f.jpg,640,640
istockphoto-90155036-612x612_jpg.rf.e255bda3ded0eb400649ed7fd28f9e9a.jpg,640,640
istockphoto-90405816-612x612_jpg.rf.310f12a9bf87061a0dd2e7592576b3f9.jpg,640,640
istockphoto-904284666-612x612_jpg.rf.b2f38265c225e6e82df4aa2a9576d810.jpg,640,640
istockphoto-904673040-612x612_jpg.rf.80588a08e3f0afa060c15b57b67a9ffd.jpg,640,640
istockphoto-91779420-612x612_jpg.rf.d3b1311716b4baa40840b6cdec8a45a7.jpg,640,640
istockphoto-91822428-612x612_jpg.rf.3c853cf2b6104f9a2f919963cf1b6847.jpg,640,640
istockphoto-918371660-612x612_jpg.rf.f986c8fce6025640d8e7e257f1748962.jpg,640,640
istockphoto-918371928-612x612_jpg.rf.b2bf184422b92aeeb2844b4960e5249f.jpg,640,640
istockphoto-920230662-612x612_jpg.rf.3764600fb777a52e1b62c2a3ca292320.jpg,640,640
istockphoto-92243314-612x612_jpg.rf.c8a5855a2bee8e0ce32aab6cbd934c0d.jpg,640,640
istockphoto-92276396-612x612_jpg.rf.c6243a0c0b0d4bd6bd4f0e81e50781d3.jpg,640,640
istockphoto-931662058-612x612_jpg.rf.2a2f06e9dda11acd4880cfb3b51e833b.jpg,640,640
istockphoto-935954954-612x612_jpg.rf.ae56e70e8a683bcd5f5919f8ccab6734.jpg,640,640
istockphoto-938050512-612x612_jpg.rf.ee3aa7de8a94d11e885654b704cab85d.jpg,640,640
istockphoto-939728014-612x612_jpg.rf.7aec4071ec5e9d36b4058544834dd8e4.jpg,640,640
istockphoto-939728812-612x612_jpg.rf.8bba3fa86765444485119e648cffa3c7.jpg,640,640
istockphoto-941224542-612x612_jpg.rf.6a741693ef0ec797dccf5bcb852c1a67.jpg,640,640
istockphoto-947467502-612x612_jpg.rf.e8b1d1d12fcfc33c674fabc52684a058.jpg,640,640
istockphoto-949275720-612x612_jpg.rf.ca05072294400d30a22bc3aca220a611.jpg,640,640
istockphoto-949285616-612x612_jpg.rf.3fcb821e929f77cf7d464ee2403030e9.jpg,640,640
istockphoto-949296070-612x612_jpg.rf.76f1220a122467fffbb1fa9aef19f459.jpg,640,640
istockphoto-949299814-612x612_jpg.rf.37688176f7fb11e85afa9ee9859d2643.jpg,640,640
istockphoto-949307306-612x612_jpg.rf.2cc94874e6ec2c18f7925e45e630cc06.jpg,640,640
istockphoto-949435362-612x612_jpg.rf.363ff3278170920f0a6623d444727891.jpg,640,640
istockphoto-949443524-612x612_jpg.rf.cf233fa73f73f7f167ae2c8b29d19b5e.jpg,640,640
istockphoto-950210364-612x612_jpg.rf.8b438b539580873f8e7d147d241c0806.jpg,640,640
istockphoto-950210616-612x612_jpg.rf.2e83f3fa89180c976e8ae38851a82718.jpg,640,640
istockphoto-950213148-612x612_jpg.rf.715f57c71a03c8c3cc5da7170b4a70a6.jpg,640,640
istockphoto-951001696-612x612_jpg.rf.5812f0f3ab37511cef4cf56be6efc63c.jpg,640,640
istockphoto-952371252-612x612_jpg.rf.8fc5a50eecf7af6862438047e7331775.jpg,640,640
istockphoto-955131604-612x612_jpg.rf.a7c0a3fa5c7b0ed16f360b8538bbeb02.jpg,640,640
istockphoto-95807724-612x612_jpg.rf.511ceadce0a8a5527757fd0c93b6e69a.jpg,640,640
istockphoto-958192940-612x612_jpg.rf.44b04586cee58b828ef8b699c9d23db4.jpg,640,640
istockphoto-959303742-612x612_jpg.rf.73e9ec1f02b7f315d20ce064afac1e37.jpg,640,640
istockphoto-961534942-612x612_jpg.rf.cda4fd3902187524318b2194c39913e0.jpg,640,640
istockphoto-961543608-612x612_jpg.rf.bde6eee23855b15d48146cebb9545ad6.jpg,640,640
istockphoto-961544090-612x612_jpg.rf.cd1b7798f75b0e4b15b56d4560443f6b.jpg,640,640
istockphoto-961544986-612x612_jpg.rf.c9319927d536de13dc1b38598fb7f9e0.jpg,640,640
istockphoto-961545184-612x612_jpg.rf.0498d6131fe127ac369c9e2a55589454.jpg,640,640
istockphoto-961610698-612x612_jpg.rf.3b5bcfaeba8c8cac2627c92aa169423c.jpg,640,640
istockphoto-962111628-612x612_jpg.rf.151e64b434ba77d93a6775c8427a6653.jpg,640,640
istockphoto-96401111-612x612_jpg.rf.50c79c757100a11fc5a3ad0db196dc49.jpg,640,640
istockphoto-967664436-612x612_jpg.rf.653482b91dda906af71528f7ff8cb968.jpg,640,640
istockphoto-967664440-612x612_jpg.rf.613fabe8de4093c19ff6822b95a95f4e.jpg,640,640
istockphoto-97547594-612x612_jpg.rf.7cf540eb42de1a6a9b73f23a16f4e397.jpg,640,640
istockphoto-978316942-612x612_jpg.rf.0ab0b7f41a0c5089c60283f3b04a21c1.jpg,640,640
istockphoto-982032186-612x612_jpg.rf.41db09a78db7f0c5dd35f195f32fc98b.jpg,640,640
istockphoto-982108136-612x612_jpg.rf.d1baafe1ee25a8da70f8b06daea05e06.jpg,640,640
istockphoto-982108168-612x612_jpg.rf.76f011a5c7fbbb2a14fc32f1b425189d.jpg,640,640
istockphoto-991468968-612x612_jpg.rf.a77f770f95ffd28c2682c94b684b4d71.jpg,640,640
istockphoto-997994440-612x612_jpg.rf.ec36fac690386395b23748978ea0f82a.jpg,640,640
istockphoto-999353480-612x612_jpg.rf.500e028a3aa4c682c976f08febacea08.jpg,640,640
library-gdc36b8757_1280_jpg.rf.2319187bab6879b48465f98dcd26fe16.jpg,416,416
oasis-ga049a657e_1280_jpg.rf.8b64fbf60f4fdbe51ec96ba54a54724b.jpg,416,416
oasis-ga049a657e_1280_jpg.rf.9351d71f164cefd4b31c8f97f92e7f05.jpg,416,416
oasis-ga049a657e_1280_jpg.rf.d1aacf763a7a6fb7335abb018d1c4973.jpg,416,416
opencv_frame_10795_png_jpg.rf.2e7af40def9491462111f75fb3662a17.jpg,640,640
opencv_frame_10795_png_jpg.rf.7a13d8b9f04f26679d25d09b4a787d60.jpg,640,640
opencv_frame_10810_png_jpg.rf.7da74cf701a68c10046bf98e7f821985.jpg,640,640
opencv_frame_10815_png_jpg.rf.6ceb9ae0819a6c7294b0075c0776772b.jpg,640,640
opencv_frame_10820_png_jpg.rf.c603b135824989c0aa84f77869928e88.jpg,640,640
opencv_frame_12410_png_jpg.rf.82f6a5063e5353e69b3428110e0ca98e.jpg,640,640
opencv_frame_12415_png_jpg.rf.a65a35777a1542320dd1a1721d332805.jpg,640,640
opencv_frame_12415_png_jpg.rf.f533472481ff478104c2b58df675cebe.jpg,640,640
opencv_frame_13735_png_jpg.rf.3d54117f1e537c31f00d883f313b3293.jpg,640,640
opencv_frame_13735_png_jpg.rf.b18d6ea9ee413ecab1815cad8de597ed.jpg,640,640
opencv_frame_13765_png_jpg.rf.c2dd410a52535342acd8a7778ceaacfe.jpg,640,640
opencv_frame_13820_png_jpg.rf.151c8635e7eb4d5bd07f0f20a4a0fae6.jpg,640,640
opencv_frame_13820_png_jpg.rf.8f788e27e5176ea408ded2503ba1b54e.jpg,640,640
opencv_frame_13835_png_jpg.rf.81108ac5a43ada3891b365f07b355af2.jpg,640,640
opencv_frame_13855_png_jpg.rf.147edd397a55ebc309741ccfbf792623.jpg,640,640
opencv_frame_15440_png_jpg.rf.d0d11fd5db2e6132eee443489bed410b.jpg,640,640
opencv_frame_15440_png_jpg.rf.e18b5ca808d867d95be7776508401ccb.jpg,640,640
opencv_frame_15450_png_jpg.rf.308f0ed5af5ebd96f1d95462c7df2783.jpg,640,640
opencv_frame_15455_png_jpg.rf.2b9e83f863f20b00b23fe536296e5267.jpg,640,640
opencv_frame_18785_png_jpg.rf.5d717e0c7d06c93d190e2a4c46f7f666.jpg,640,640
opencv_frame_18790_png_jpg.rf.356d9362e79aa0836145c54fe1bcef15.jpg,640,640
opencv_frame_18845_png_jpg.rf.32a76b936ac40e050381ab2d1aaafafa.jpg,640,640
opencv_frame_19355_png_jpg.rf.b9cc36e9e9718443e0173d10240c9e13.jpg,640,640
opencv_frame_19355_png_jpg.rf.d23b7bb48e37419cd14d67eaaed0040d.jpg,640,640
opencv_frame_19360_png_jpg.rf.110977446854348c59c4d66698198b77.jpg,640,640
opencv_frame_19410_png_jpg.rf.53e390f67779f3ffc964bd69dd20cd43.jpg,640,640
opencv_frame_19415_png_jpg.rf.685cbacb0baeb83c23aef84a90f7ad88.jpg,640,640
opencv_frame_20050_png_jpg.rf.a8f8138d439512be7891c9df1dbec0b4.jpg,640,640
opencv_frame_20115_png_jpg.rf.f5baec45b13ee87beeee0f6659fa2410.jpg,640,640
opencv_frame_20120_png_jpg.rf.91c53e906b1d7491b8b6e2e398596680.jpg,640,640
opencv_frame_20120_png_jpg.rf.92813f6ce1a0f87ece0f6953d8d09f80.jpg,640,640
output1_mp4-0_jpg.rf.694895ec68b585bd0dd4b6a3dec2b8de.jpg,640,640
output1_mp4-165_jpg.rf.2576931ee490a4d5f1644d325b5781e9.jpg,640,640
output1_mp4-17_jpg.rf.30af24f59eda1c88d4970e38bcd16df6.jpg,640,640
output1_mp4-19_jpg.rf.0fe6fe6a33a6187204b1697c02cc86e3.jpg,640,640
output1_mp4-1_jpg.rf.1162304b5d6e9db5c4ad526d177c3c9a.jpg,640,640
output1_mp4-20_jpg.rf.4ded180aa174090e5abcbc35886fd26e.jpg,640,640
output1_mp4-20_jpg.rf.7f424e5645c823fbcb3e1c356509af11.jpg,640,640
output1_mp4-2_jpg.rf.173a0e75ebba8813da2cdd2495fc3531.jpg,640,640
output1_mp4-3_jpg.rf.d12cf170a023a4583387026e221be79e.jpg,640,640
output1_mp4-43_jpg.rf.b1a6f3d55b87ea14d2338373f8344017.jpg,640,640
output1_mp4-8_jpg.rf.a3e5fc5f56bae254f13983eba49aa1df.jpg,640,640
output_mp4-176_jpg.rf.024a834fb78691ae22775c7929c14644.jpg,640,640
output_mp4-26_jpg.rf.8785048daf27df3f8495bf0b88cbf681.jpg,640,640
output_mp4-50_jpg.rf.49e3fe4bf622b053b9150d405d9b09f8.jpg,640,640
output_mp4-51_jpg.rf.8fbc5506fd4963c9d683117897ccea88.jpg,640,640
output_mp4-52_jpg.rf.b544b6e1c394b18ec8352b2a6e9f4bce.jpg,640,640
output_mp4-60_jpg.rf.6e85306b48407826bdb2d88e9b634d25.jpg,640,640
output_mp4-60_jpg.rf.e4482dfeaa3ccdb550cc5209886320ac.jpg,640,640
output_mp4-69_jpg.rf.46b454e80f2696ea94f7222a95115927.jpg,640,640
output_mp4-71_jpg.rf.7bb6e7f43e1dc53c802a948f1eecc2eb.jpg,640,640
output_mp4-84_jpg.rf.ae14e3e5123445e31ffa718aeb34ee08.jpg,640,640
output_mp4-85_jpg.rf.5c6b9fa971dba9a903eaaa540199ea16.jpg,640,640
room-g1d8650015_1280_jpg.rf.e359d878f355476a7ce54d81a93791fd.jpg,416,416
room-g1d8650015_1280_jpg.rf.e8644fb81d8ad42723797adedfa09ee8.jpg,416,416
space-ga406e185f_1920_png_jpg.rf.3c2e45508b84200fba6bfe6852692eb1.jpg,416,416
space-ga406e185f_1920_png_jpg.rf.5f0ca1d85534e036908fea0e72ed481d.jpg,416,416
space-ga406e185f_1920_png_jpg.rf.b5c15e115b6184321d2eb7d7898030e7.jpg,416,416
stair-case1_jpg.rf.b8023c4344b8f15d1031a548e06bbba4.jpg,640,640
sun-g37502e872_1280_jpg.rf.265191b5913435a9750d6121e7edf803.jpg,416,416
sun-g37502e872_1280_jpg.rf.295faa9c5a525cd71f25fdb71a6020c4.jpg,416,416
sun-g37502e872_1280_jpg.rf.3af948d1c7b9bbb73393045e68fd0e7a.jpg,416,416
Table-1-_jpg.rf.416cd39a37263624f3868b7a6dc5cba4.jpg,1200,1200
Table-1-_jpg.rf.cca4c134f06a4214480a4d35c1e16042.jpg,1200,1200
Table-1-_jpg.rf.d843e5135ecea69c91ca1a0ab07a17d3.jpg,640,640
Table-100-_jpg.rf.582dfd0078b4d1cb1c2c341a9720ddb2.jpg,640,640
Table-100-_jpg.rf.9e07c31cc5d36fc53fe90acf14e4a02e.jpg,1200,1200
Table-100-_jpg.rf.be1e38adcb261db152f19eb7e0b7f9da.jpg,1200,1200
Table-101-_jpg.rf.13a030f9b7f208c8f7c74649fca94483.jpg,1200,1200
Table-101-_jpg.rf.c1dfc241e31f5593806d6a2f33b136de.jpg,1200,1200
Table-101-_jpg.rf.f2d5a80a76f65f0acd41c07ae290475f.jpg,640,640
Table-102-_jpg.rf.9abb154da68a206d2aaa253f81b148aa.jpg,640,640
Table-102-_jpg.rf.bda9761d1925cf5c78e45f7f6df15140.jpg,1200,1200
Table-102-_jpg.rf.fda85f4bd9ced35868dc29980d5ccacf.jpg,1200,1200
Table-103-_jpg.rf.1263ff89f7cc29c1ea31a679628bbc3d.jpg,1200,1200
Table-103-_jpg.rf.695aa5ae86fc55e0004e6aa06b5ebaff.jpg,1200,1200
Table-103-_jpg.rf.c3e0eac51061f29728368819d1f52584.jpg,640,640
Table-104-_jpg.rf.187b697c5d9f41d27239d460799be540.jpg,1200,1200
Table-104-_jpg.rf.3995c1033333c1c3906c28abc6a126cd.jpg,1200,1200
Table-104-_jpg.rf.8869068f0d18860984bb0a281e5c12e2.jpg,640,640
Table-105-_jpg.rf.08895cb60ba3e6d2bd5f5e3fba7bb57a.jpg,640,640
Table-105-_jpg.rf.8a0d77232103b4dd363fbc5dfdd3a7dd.jpg,1200,1200
Table-105-_jpg.rf.8f7b2db66cb83e5a6ecb51c4e541ee65.jpg,1200,1200
Table-106-_jpg.rf.45e7cc4b5b33b7fb2f9e5a53536a97ea.jpg,640,640
Table-106-_jpg.rf.6887627d004e51b34f3cd302c30769a8.jpg,1200,1200
Table-106-_jpg.rf.e09688c1fda96408f1315343c86b8b07.jpg,1200,1200
Table-107-_jpg.rf.7cc0e4cfcad9855164f1081f7f701861.jpg,1200,1200
Table-107-_jpg.rf.c1ebea96e565c250b60660a45b4e13e6.jpg,640,640
Table-107-_jpg.rf.ff68bf37a4becdefb438c10132b992f4.jpg,1200,1200
Table-109-_jpg.rf.e73b1773e3a3bab068756344de2d9ded.jpg,640,640
Table-109-_jpg.rf.eb4319c932dd8fe343a5ad49ac02a5e1.jpg,1200,1200
Table-109-_jpg.rf.ef6d375950b8e05186f435369271b828.jpg,1200,1200
Table-110-_jpg.rf.025f9f64688aa63f4a05c113092670c5.jpg,640,640
Table-110-_jpg.rf.3719ec628be84ffdc4bcbae04d86bfb9.jpg,1200,1200
Table-110-_jpg.rf.4916965360f089942534c40ca94eb95d.jpg,1200,1200
Table-111-_jpg.rf.4a89fa2bba52afbed774a11fb0e6f691.jpg,1200,1200
Table-111-_jpg.rf.73632e13aa7e49dbe8798e354aa13ad8.jpg,1200,1200
Table-111-_jpg.rf.e07f418b194ae814cecc1519c746fbd6.jpg,640,640
Table-112-_jpg.rf.88e0360c56c6c0a0cd3ec3201478219b.jpg,640,640
Table-112-_jpg.rf.89062ac7923f0ca28d380aed3e15e52f.jpg,1200,1200
Table-112-_jpg.rf.b134493579fa174172f15dbef004b8c0.jpg,1200,1200
Table-113-_jpg.rf.a70212b954b0f9f8c44f079c890cb4dc.jpg,1200,1200
Table-113-_jpg.rf.dd54dbaf41ebb4dc4b1d3644ee4be6b8.jpg,640,640
Table-113-_jpg.rf.e81d6effdc51bca3e6f9622fb73a3cb5.jpg,1200,1200
Table-114-_jpg.rf.53ecdbb2f48d9925151e72b23e8e6e39.jpg,640,640
Table-114-_jpg.rf.74b20eaf6df49593014e34627ab3f0f4.jpg,1200,1200
Table-114-_jpg.rf.88cb09044b2940729236309104af243d.jpg,1200,1200
Table-115-_jpg.rf.36e154d854bebaff12201cbd0e375624.jpg,1200,1200
Table-115-_jpg.rf.db503761da2656f7c0dda7d4d7381deb.jpg,640,640
Table-115-_jpg.rf.e3a340e103f9bce180cee84caea02151.jpg,1200,1200
Table-116-_jpg.rf.91bd9f6784cd544ca8f5da921c66fb36.jpg,1200,1200
Table-116-_jpg.rf.c6d36539c09d1f2c46fed933c59e5b25.jpg,1200,1200
Table-116-_jpg.rf.e331a5b681668b87815cd73d8bc62252.jpg,640,640
Table-12-_jpg.rf.57c635c9fc579521f3cf397120ba64ee.jpg,640,640
Table-12-_jpg.rf.5e58fbb64d64d043e9cf7c4466f9a9fc.jpg,1200,1200
Table-12-_jpg.rf.8dfc35739624c8bd273c9e3d98b8493e.jpg,1200,1200
Table-120-_jpg.rf.317216c7a948307c5229586d411fb60f.jpg,640,640
Table-120-_jpg.rf.58e593e776642542cb10e054c36f32b9.jpg,1200,1200
Table-120-_jpg.rf.c6cafb60f6a696273df0eea8678c3588.jpg,1200,1200
Table-121-_jpg.rf.068e94e51b4f66a0361071e7bc24c797.jpg,1200,1200
Table-121-_jpg.rf.41e2199a6ff7486971723b1ab38b8d4f.jpg,1200,1200
Table-121-_jpg.rf.bb5c5da2ed17356fd14a953427fc0005.jpg,640,640
Table-122-_jpg.rf.1ed8416559b55a8ff80e5f1584ffa214.jpg,1200,1200
Table-122-_jpg.rf.8aa075b3eed81a8d480e1d02a53df8b2.jpg,640,640
Table-122-_jpg.rf.ed87485891989da26657cfc356bb9697.jpg,1200,1200
Table-124-_jpg.rf.6d404409f0de62f225781383881b0c95.jpg,1200,1200
Table-124-_jpg.rf.bd4cacd10127fa4a80040477268a8be4.jpg,640,640
Table-124-_jpg.rf.e59bed3aa1f3340e57112dd032345139.jpg,1200,1200
Table-125-_jpg.rf.78a1b27430fa3186df01e2eda1fa4fa1.jpg,1200,1200
Table-125-_jpg.rf.9260caaeae403dba1d49903387638f76.jpg,1200,1200
Table-125-_jpg.rf.bca67b0db4445df196d9350b669b0a22.jpg,640,640
Table-126-_jpg.rf.0147329ce9616f61c641ec5a0de1b30e.jpg,1200,1200
Table-126-_jpg.rf.b06d9e3dde57c9e733c23f5f9c678a55.jpg,1200,1200
Table-126-_jpg.rf.ea1b3f049591e85913c9cc3bb6180624.jpg,640,640
Table-127-_jpg.rf.0aff746a8c37cd0d114575b15380fcef.jpg,1200,1200
Table-127-_jpg.rf.53505d8949ff6e9e7093e0835ec36899.jpg,640,640
Table-127-_jpg.rf.6edb72ca5483cd6ae72de6b61824829b.jpg,1200,1200
Table-128-_jpg.rf.1afe712004d01093acbb27d285a0c256.jpg,1200,1200
Table-128-_jpg.rf.425f29b7d47c11c63491228a4bcc8bad.jpg,640,640
Table-128-_jpg.rf.7f0651a5dbbd187cadbfaabe850bdc2c.jpg,1200,1200
Table-13-_jpg.rf.215bb3b313e5a02aaf3071e77f24902f.jpg,640,640
Table-13-_jpg.rf.36a18358732e9d0e344d047a6403fea0.jpg,1200,1200
Table-13-_jpg.rf.396c5091b71bc7d654d5bfd882784d9e.jpg,1200,1200
Table-131-_jpg.rf.5c04be42b7388601b4e25a47bf6d955a.jpg,1200,1200
Table-131-_jpg.rf.626ff6ed1306f6a91e058c0b92a61ffc.jpg,1200,1200
Table-131-_jpg.rf.741c8bc154bfd13e4fed56118b96924c.jpg,640,640
Table-132-_jpg.rf.47bdd722b8295f9763fc44adaa9f68b4.jpg,640,640
Table-132-_jpg.rf.572d031830d0914ddb4d0457e6ad1a43.jpg,1200,1200
Table-132-_jpg.rf.620a8d3087f25111d059989bb0833819.jpg,1200,1200
Table-133-_jpg.rf.0156fed1ebd3f4feceb3e32c3d435c7a.jpg,1200,1200
Table-133-_jpg.rf.da387145d872ba9c8a0d564e41a96f07.jpg,1200,1200
Table-133-_jpg.rf.f3626ef1e7192e88767df59e959de38e.jpg,640,640
Table-135-_jpg.rf.55bfcfb0a511295ba618a21b5a4e2f05.jpg,640,640
Table-135-_jpg.rf.5a9174c5aeddc77468b237f0c7380b0f.jpg,1200,1200
Table-135-_jpg.rf.87f97258c3712e9cfefd0d8645f2b4b1.jpg,1200,1200
Table-136-_jpg.rf.084ca144ef825e83eeb663ab88ae888a.jpg,1200,1200
Table-136-_jpg.rf.ad6f48528f721483cdfbcfda9d8b284c.jpg,640,640
Table-136-_jpg.rf.c431d06daf337db3140b083090e4487f.jpg,1200,1200
Table-137-_jpg.rf.5b7433afccee25f6b67a161dee340d37.jpg,1200,1200
Table-137-_jpg.rf.8aa979e467497ae116572659941fd423.jpg,1200,1200
Table-137-_jpg.rf.cac97f584fe610385f31a7e1ea827f9b.jpg,640,640
Table-138-_jpg.rf.1f4a4167bbd356fcf451c33e6a22c3a8.jpg,1200,1200
Table-138-_jpg.rf.2d874665e632d9c37f1a4376b2995f98.jpg,640,640
Table-138-_jpg.rf.6540b86c633f7cbeac133305353f630a.jpg,1200,1200
Table-139-_jpg.rf.14e7e390e3bc637470c858b420e7b024.jpg,1200,1200
Table-139-_jpg.rf.b1c9fa3fd85a72ad4f91acff9c2974dd.jpg,1200,1200
Table-139-_jpg.rf.e31a479b29ea658488ef70c2101976be.jpg,640,640
Table-14-_jpg.rf.27d44d2ebff4b7f3ddd677fc74b366f1.jpg,1200,1200
Table-14-_jpg.rf.7f7da30cd833ae91e6bbbdfaf9a1b5e4.jpg,1200,1200
Table-14-_jpg.rf.e58ca624f463acbfe7822d2dce2781d0.jpg,640,640
Table-140-_jpg.rf.1e5747d346d30a4e7f1a80e685701298.jpg,1200,1200
Table-140-_jpg.rf.5670ae850f3939b9ae77b8f583a046ff.jpg,1200,1200
Table-140-_jpg.rf.d4a4329b9e8c59119038e70ee24328c5.jpg,640,640
Table-141-_jpg.rf.21951b84ae2adea0ea2c17de58846f76.jpg,1200,1200
Table-141-_jpg.rf.e3c338d95ad180591fe40c794546ef6b.jpg,1200,1200
Table-141-_jpg.rf.ee8581368eb674f10712e84e5ebb16b0.jpg,640,640
Table-142-_jpg.rf.1f8d493af6f65c757986757fc2d2c265.jpg,1200,1200
Table-142-_jpg.rf.99ddf6f1529ef3a1b8324096f8a6c0e2.jpg,640,640
Table-142-_jpg.rf.cc2223c07857543f001ed36badab2e25.jpg,1200,1200
Table-143-_jpg.rf.228143559dcd68b4685e24999bfcc571.jpg,640,640
Table-143-_jpg.rf.490969ca20a5d8870f70bc4df16f6bd0.jpg,1200,1200
Table-143-_jpg.rf.8edea333068fccbb9661c9ba8ede4f31.jpg,1200,1200
Table-144-_jpg.rf.0efa3d5b1c46746f74789d5855f64591.jpg,1200,1200
Table-144-_jpg.rf.5478818aecf25cdc97c7830a0a74e7a2.jpg,1200,1200
Table-144-_jpg.rf.c25c1b8b5a71e44ae90db425885fee73.jpg,640,640
Table-145-_jpg.rf.150862af5e06a1a747beb5b90333ba31.jpg,1200,1200
Table-145-_jpg.rf.995d414942c7510c6706204c86163daf.jpg,1200,1200
Table-145-_jpg.rf.ba08619aba9c81cb54ea2ca17af8e4b5.jpg,640,640
Table-146-_jpg.rf.46a682873da2243e45f524cd4ae877af.jpg,640,640
Table-146-_jpg.rf.d06d3e463b345eee01f4e3f653bbc4c0.jpg,1200,1200
Table-146-_jpg.rf.d297f9edeb59886feec600bc36e71742.jpg,1200,1200
Table-148-_jpg.rf.125ab2ddeae306777d89913b3a87e417.jpg,1200,1200
Table-148-_jpg.rf.4b05a7d6abb2afbe5f51fd286187b779.jpg,1200,1200
Table-148-_jpg.rf.7b83bb7838e1f0cd2ccc381e302ad0bd.jpg,640,640
Table-149-_jpg.rf.74a84895d766ed329bd7484638531ac6.jpg,1200,1200
Table-149-_jpg.rf.9f7a4e145cb2b0be1420282be276f79f.jpg,1200,1200
Table-149-_jpg.rf.aabfd26246f0081a0d7acacc388b8803.jpg,640,640
Table-150-_jpg.rf.40bfc392c5abe2917713a44b8255f9f6.jpg,1200,1200
Table-150-_jpg.rf.d71a8f451bc22a326ff3fd276d259011.jpg,1200,1200
Table-150-_jpg.rf.e3024d11da1a5c8492fd70a7ce2c47e9.jpg,640,640
Table-151-_jpg.rf.463bea63b2655a1e60bb63c85eea779c.jpg,640,640
Table-151-_jpg.rf.86b1b96a09b0f8d476b8997bbdb26cfc.jpg,1200,1200
Table-151-_jpg.rf.88b414dbfa59ffd9f54b0f0b7c5d9ef4.jpg,1200,1200
Table-152-_jpg.rf.a4c6bb0961b74426d2b0a27b2c30e137.jpg,1200,1200
Table-152-_jpg.rf.c526018c69e7515569e3d0b17470be4b.jpg,1200,1200
Table-152-_jpg.rf.c8ab85275a67d5717fade217025f55f8.jpg,640,640
Table-153-_jpg.rf.1a226c33da62561a24b80c2dbcbac690.jpg,1200,1200
Table-153-_jpg.rf.2c015cd983a4e4bcabf624a7bba39193.jpg,640,640
Table-153-_jpg.rf.5f72b873a1d4d1d003cc0ee397431c77.jpg,1200,1200
Table-154-_jpg.rf.788474fb51cac6702d50b8a92730d653.jpg,640,640
Table-154-_jpg.rf.827ab1eed65766096a135b262142347a.jpg,1200,1200
Table-154-_jpg.rf.89fce307ff9292376d5abadeb72ae397.jpg,1200,1200
Table-155-_jpg.rf.c981fe29f4aef06992a8ceb769f7d2ca.jpg,640,640
Table-155-_jpg.rf.d5844f02df417baebd8b6ab7b9a63d1b.jpg,1200,1200
Table-155-_jpg.rf.fb963aedef922b824ed6aa3d1a4bc45b.jpg,1200,1200
Table-156-_jpg.rf.48988ff5bea717ea9b98f2a50b5f9d6b.jpg,1200,1200
Table-156-_jpg.rf.be2061b3d5d3fd25175a94fb32f63b0d.jpg,640,640
Table-156-_jpg.rf.da11c7f98e01413e7c75457697dbcb16.jpg,1200,1200
Table-158-_jpg.rf.0210b5c76070ac65309378a5963bd925.jpg,640,640
Table-158-_jpg.rf.246ecc1e35feb8905fc6dfb4fc1c016d.jpg,1200,1200
Table-158-_jpg.rf.8128fb17ac26c8b37f6c38c21eeba904.jpg,1200,1200
Table-162-_jpg.rf.54f828c76dd079114490d21348adbb5d.jpg,1200,1200
Table-162-_jpg.rf.7971c6edb007bd38ea98e60ae9c4bf98.jpg,640,640
Table-162-_jpg.rf.dc9def07c1b6cab5c46358aa782353b8.jpg,1200,1200
Table-164-_jpg.rf.73f4bb21b7084671b1fd6027769228d3.jpg,640,640
Table-164-_jpg.rf.ea4ace6d9c09e2e473c209933a3a67be.jpg,1200,1200
Table-164-_jpg.rf.fd1a18eace6fc4bb78c02da75a1c56d8.jpg,1200,1200
Table-167-_jpg.rf.a555c6704b9aaa7fdea1a9d54f794527.jpg,640,640
Table-167-_jpg.rf.bcff518add32efe55b68043c6e1ff04b.jpg,1200,1200
Table-167-_jpg.rf.fe7eb61580c9e028e53d1cce97377581.jpg,1200,1200
Table-168-_jpg.rf.3bc26fa8153018c8c566a2d76a234ea0.jpg,1200,1200
Table-168-_jpg.rf.69c777c404963e5ada5dc7c5b98ce0c8.jpg,640,640
Table-168-_jpg.rf.af79bc46c7150556f70c555b7ea9a8c5.jpg,1200,1200
Table-170-_jpg.rf.01c0da84f5dee0ff7a628d9c18d5ad14.jpg,640,640
Table-170-_jpg.rf.6b9678cc9d244235ead14a625e5cdd76.jpg,1200,1200
Table-170-_jpg.rf.d15910fcb19a92b2eb9fccbf819637be.jpg,1200,1200
Table-171-_jpg.rf.0be6cf5e9ab85439b0eabc2ac302489c.jpg,1200,1200
Table-171-_jpg.rf.16d0c3d48cee4944b8bdfdae5e1bf563.jpg,1200,1200
Table-171-_jpg.rf.7fed7819689a200fcf16953aff86bdfa.jpg,640,640
Table-172-_jpg.rf.32eeced009a9c0d78f9ede5982ec5ab3.jpg,640,640
Table-172-_jpg.rf.53a74195197bfbc6f31897ad856fa90c.jpg,1200,1200
Table-172-_jpg.rf.6faad24ebcafae36ded15fe1ce21f0cd.jpg,1200,1200
Table-173-_jpg.rf.0d9c07f2704277c9efe917b95de21719.jpg,640,640
Table-173-_jpg.rf.4b3ca1177bf8275c92e9d1d206da82c8.jpg,1200,1200
Table-173-_jpg.rf.de1bbc9f99752aa2edc07d4ea4634725.jpg,1200,1200
Table-179-_jpg.rf.07fcf81346f9f39b424a2c5b8863e991.jpg,1200,1200
Table-179-_jpg.rf.78a500e8dc47734b345b56686b4ac57f.jpg,640,640
Table-179-_jpg.rf.791c70175817e311b8810309f3a83249.jpg,1200,1200
Table-18-_jpg.rf.354b295f034e196252aff2e0c691ab01.jpg,640,640
Table-18-_jpg.rf.434aa885ba04edd97e5a9432c460afec.jpg,1200,1200
Table-180-_jpg.rf.c2da8ab7a94918e1eac90e3859f92974.jpg,1200,1200
Table-180-_jpg.rf.f5a65d9f9b01ac6d226fdfeab60ef540.jpg,640,640
Table-181-_jpg.rf.523b4523cd6cdef0e36a0d1f82e1681d.jpg,640,640
Table-181-_jpg.rf.7c3077698a451003bcc75043f2b5a8f2.jpg,1200,1200
Table-182-_jpg.rf.1cecabdbffc7fa3dff99fb95c5258fc1.jpg,1200,1200
Table-182-_jpg.rf.cdcba1f78ce022118b750858a6a66f40.jpg,640,640
Table-184-_jpg.rf.af76ff239cb8e5b20bf716905d359e07.jpg,640,640
Table-184-_jpg.rf.ff8fedc1061f27dd5279292b6f855f90.jpg,1200,1200
Table-185-_jpg.rf.403194f4404a711ea2a518c73ad58793.jpg,1200,1200
Table-185-_jpg.rf.a49d548de4038461fe5ebf60080ef111.jpg,640,640
Table-186-_jpg.rf.3af895837a5d73d046e3d2da8a34a36d.jpg,1200,1200
Table-186-_jpg.rf.5773d658431c40fbec3251c8066ef80b.jpg,640,640
Table-188-_jpg.rf.8b2c66dff79cb6f6edb663b7d32b27d0.jpg,1200,1200
Table-188-_jpg.rf.a73c46ae52a193cd1846bc406ce3baef.jpg,640,640
Table-19-_jpg.rf.27abe2c55eeec8971bcda9e4bc85a6d4.jpg,1200,1200
Table-19-_jpg.rf.4b3dcc4fda18d3b3b6e1358db9c2ffec.jpg,640,640
Table-191-_jpg.rf.581a38ad9c88405e46b3f066fe801795.jpg,640,640
Table-191-_jpg.rf.a7e11056db23210b68fcb5280eecaad3.jpg,1200,1200
Table-192-_jpg.rf.074a1971014b8836516b7392fdfd09eb.jpg,1200,1200
Table-192-_jpg.rf.b756db5747e8c7e937a3362e81704bc7.jpg,640,640
Table-194-_jpg.rf.36655ae7d10199754d0f3bbf2a2eeb9d.jpg,1200,1200
Table-194-_jpg.rf.868de0e809e1e0ac4c327bb115c5c079.jpg,640,640
Table-196-_jpg.rf.222d7ed7ccffaa01cf6755ff9b8f6111.jpg,1200,1200
Table-196-_jpg.rf.8aee5f429cabbd59a97138b7abd6eda9.jpg,640,640
Table-199-_jpg.rf.6822dc8dd1503162d8843f37c8b19ea6.jpg,640,640
Table-199-_jpg.rf.a7780876ac124604ef95859c9f423bb1.jpg,1200,1200
Table-2-_jpg.rf.7225aac2dfddf5edf7846d977d11b2c2.jpg,1200,1200
Table-2-_jpg.rf.835f978deeb860f63d7189a422f88c69.jpg,640,640
Table-200-_jpg.rf.c9b9544b4da8ba66b6f9938b1851828f.jpg,1200,1200
Table-200-_jpg.rf.e659fdf2323e1fe51e3b88fd3070d4b2.jpg,640,640
Table-201-_jpg.rf.3af01ae2260a90145222c8d54ebcc2c0.jpg,640,640
Table-201-_jpg.rf.f68513546a49b2b5bccd32c21d542fac.jpg,1200,1200
Table-209-_jpg.rf.75dcf38837b56ab40001f6936d7b67f9.jpg,640,640
Table-209-_jpg.rf.9465049847a686bc77a02a852137f977.jpg,1200,1200
Table-21-_jpg.rf.5773861db82863b0fb5c55fea57f555a.jpg,1200,1200
Table-21-_jpg.rf.a4fc5e2555301257fe58b209f5c4ae08.jpg,640,640
Table-211-_jpg.rf.0d251eac53e445e1af8bcd947798d54c.jpg,640,640
Table-211-_jpg.rf.e6052d8d789a09104c05c4bf96e41df5.jpg,1200,1200
Table-212-_jpg.rf.8d5c25a4a1cc613962c441ac457e61ba.jpg,640,640
Table-212-_jpg.rf.b7558724d5bc4d953fb0e11910a050a9.jpg,1200,1200
Table-213-_jpg.rf.7301867bdb0b347a4e1c97a08648315b.jpg,1200,1200
Table-213-_jpg.rf.9ff01e64ecd5fd077b04685ae2fedf88.jpg,640,640
Table-214-_jpg.rf.55a42ce09ae51caa0959d5d783bed96d.jpg,640,640
Table-214-_jpg.rf.ee5d78903fc198f83d21d365eb443c1f.jpg,1200,1200
Table-215-_jpg.rf.877cf256321da717efd5e267db8233e7.jpg,640,640
Table-215-_jpg.rf.d3dcfe1131847d25045bf17ff8464682.jpg,1200,1200
Table-216-_jpg.rf.34f858089b847ec17c777e38582d4c72.jpg,640,640
Table-216-_jpg.rf.83d4cc76a5aebe684348a4a82f0575d0.jpg,1200,1200
Table-217-_jpg.rf.428b1ff16d21b733ffa77406de6a9bb7.jpg,640,640
Table-217-_jpg.rf.eb7d8c3235bececd37f7d5dd455b24ba.jpg,1200,1200
Table-218-_jpg.rf.3c834b8f6c9c58f6dc2684c44b4468ab.jpg,1200,1200
Table-218-_jpg.rf.93564ca37df4324fd51879d7bc117d89.jpg,640,640
Table-219-_jpg.rf.90b11fca6d1f420e81f82274b66ea883.jpg,640,640
Table-219-_jpg.rf.d2896570b646af572256a8a7b5196c9c.jpg,1200,1200
Table-22-_jpg.rf.045ea3afb1dbb0d403fd223411ad36ff.jpg,1200,1200
Table-22-_jpg.rf.91d770fbef902d53e8ffb83eb346731c.jpg,640,640
Table-220-_jpg.rf.d7f4ce64d0534ea4fa8622acf524253c.jpg,640,640
Table-220-_jpg.rf.dba7339e9ed68f8ac0b34a4b6464d163.jpg,1200,1200
Table-221-_jpg.rf.12c03a9adb9ffd20858d57bbcf1d9246.jpg,1200,1200
Table-221-_jpg.rf.fbce2a5d8bac4aba55a8e324965b7667.jpg,640,640
Table-222-_jpg.rf.ec5d2a1b2ee8fa9cfe43c7ac1108e53b.jpg,1200,1200
Table-222-_jpg.rf.f6c876e5ef1d3d11a6bb1c0616bad4ab.jpg,640,640
Table-224-_jpg.rf.20507b382f364a8d40ef0dd78e341688.jpg,1200,1200
Table-224-_jpg.rf.e23d5cfba65d092e4c46376a49f85c3f.jpg,640,640
Table-226-_jpg.rf.4e97df16c9175fd7baa6325f243bfcec.jpg,640,640
Table-226-_jpg.rf.b3ccbe13baff9737dfabe4a3a24b89eb.jpg,1200,1200
Table-227-_jpg.rf.19afeba05226ec0ea7b5bc41542aa633.jpg,640,640
Table-227-_jpg.rf.6588aff8f2bac0804ac836864c8e471b.jpg,1200,1200
Table-228-_jpg.rf.871bc7a88de57d26c99da4bfa5f5c0b8.jpg,1200,1200
Table-228-_jpg.rf.9fc7f311b6f6a49a6f9dbaf11966ffa1.jpg,640,640
Table-229-_jpg.rf.85168fc60ccb5bfe725e19bb268f25fd.jpg,640,640
Table-229-_jpg.rf.89e27b8f88ad27802b0d54046a8277fe.jpg,1200,1200
Table-23-_jpg.rf.1d86479e1a76c284a64b5c493f909c0b.jpg,640,640
Table-23-_jpg.rf.1ebfbb3d08fbb3b48846d6e2b33e6403.jpg,1200,1200
Table-230-_jpg.rf.307d2564a151cdf1a8e729f984934015.jpg,1200,1200
Table-230-_jpg.rf.43806e7d7fab5e5eacc1284891493d89.jpg,640,640
Table-231-_jpg.rf.706070ac9fa47d2e04ece83a1a893202.jpg,1200,1200
Table-231-_jpg.rf.a30f65a7fd6c97079cb5299f4f46f66e.jpg,640,640
Table-232-_jpg.rf.045d6c4f1b01004351dcfaea22433d21.jpg,640,640
Table-232-_jpg.rf.428eb60fe445d8642d7147e18cafd742.jpg,1200,1200
Table-233-_jpg.rf.66d5e13392f331eb8e7f61937b457391.jpg,1200,1200
Table-233-_jpg.rf.c3e536c2d3cc51fb968b534d5e88c2f2.jpg,640,640
Table-234-_jpg.rf.a2fa702630f58292c7fd96b6099832a8.jpg,640,640
Table-234-_jpg.rf.aef356f2cfca8922e393379b3700f5d7.jpg,1200,1200
Table-235-_jpg.rf.94ca68e0449f096bb578228a4c18c10b.jpg,640,640
Table-235-_jpg.rf.a53eae4519f5a62805a0ade061042fad.jpg,1200,1200
Table-236-_jpg.rf.7edcaad59628120a774cd3485fb2374c.jpg,1200,1200
Table-236-_jpg.rf.bcef020151550f4b315778ec26dfa2c9.jpg,640,640
Table-237-_jpg.rf.640493755edd4c83b2c2c894012ec4a6.jpg,1200,1200
Table-237-_jpg.rf.6ccca8e4af39ef5b4468cd9b170057d2.jpg,640,640
Table-238-_jpg.rf.6f9ad978c179b9c4a5714a6c2a4e5c72.jpg,1200,1200
Table-238-_jpg.rf.f0013436a9295698e6e5b98fe71c7955.jpg,640,640
Table-239-_jpg.rf.06f1888bf97399a9c2ce3ba2e23c03ea.jpg,640,640
Table-239-_jpg.rf.10cbcf450add8687977602dfcc609c0e.jpg,1200,1200
Table-24-_jpg.rf.0e8c8ed6b75537895145c7078072bbb2.jpg,640,640
Table-24-_jpg.rf.26f413b0346ec934439eb2e9de434268.jpg,1200,1200
Table-240-_jpg.rf.1e8719aa3acdf85ca3ef0f939a11df59.jpg,640,640
Table-240-_jpg.rf.97940cf5e9d48197646cd359be9298c1.jpg,1200,1200
Table-241-_jpg.rf.6cd4a7508836dcf627d1aa56aec376bd.jpg,640,640
Table-241-_jpg.rf.aaffe94839e833704a6c0af8531c159b.jpg,1200,1200
Table-243-_jpg.rf.ebb767e99f45e9c272c9cce8f43f20bd.jpg,1200,1200
Table-243-_jpg.rf.f92cacc1ea623f6f3cc6be7ce959fa0d.jpg,640,640
Table-247-_jpg.rf.d875f46c8173a66f3e27d2655f9fea72.jpg,1200,1200
Table-247-_jpg.rf.e391a8702ebc559ea2b65681b0b74509.jpg,640,640
Table-248-_jpg.rf.8b50317c7f85852ae472011bfc3cb602.jpg,640,640
Table-248-_jpg.rf.db78143eef990a442d0abe7689bc74ae.jpg,1200,1200
Table-249-_jpg.rf.5870bc2e4f4d1ed1ccbd9ae161adf34a.jpg,1200,1200
Table-249-_jpg.rf.b08f7fa329bcc7243fdf7e560e61fd34.jpg,640,640
Table-25-_jpg.rf.93cf621affc367dfda59794aa730b2f5.jpg,640,640
Table-25-_jpg.rf.f05c1db0df2a42b4b7a50eb1a5427ad3.jpg,1200,1200
Table-250-_jpg.rf.11cce6cb085d44a19997c2a2e62ca8ea.jpg,640,640
Table-250-_jpg.rf.3f2083339609ed6086e90431ac6220b2.jpg,1200,1200
Table-251-_jpg.rf.b44a09e323ccd8a0161010a34d332ac0.jpg,1200,1200
Table-251-_jpg.rf.bf2ad10635bdf708930b2386fa11575f.jpg,640,640
Table-255-_jpg.rf.1609e100388fe19ffaef9bf6a09de3a3.jpg,1200,1200
Table-255-_jpg.rf.df196bd4cdefd81bbbfb8266671a5ad9.jpg,640,640
Table-256-_jpg.rf.34ac330c9731d8fd35af2c00eed75a81.jpg,1200,1200
Table-256-_jpg.rf.ce646705fc3e54a1331ef04182848dca.jpg,640,640
Table-257-_jpg.rf.07ab64ad547df8cbf5a8d86606a5ca1d.jpg,640,640
Table-257-_jpg.rf.5d137c0c9fb1d6cff45a95fef4ab6612.jpg,1200,1200
Table-259-_jpg.rf.91316742e49896502258199081cc48d3.jpg,640,640
Table-259-_jpg.rf.ff63eb97fb17b52b461d7b7ff9574341.jpg,1200,1200
Table-26-_jpg.rf.39d6b28620983529a01cb215aa8db830.jpg,640,640
Table-26-_jpg.rf.52e37c45762795c8ebc0719b3d292c07.jpg,1200,1200
Table-260-_jpg.rf.771cbd5912bfe3207c7ef3f2540c12e7.jpg,640,640
Table-260-_jpg.rf.a13e24684cba690fe4ac6e0ef099bc88.jpg,1200,1200
Table-262-_jpg.rf.c5b25d6b2f4b4907f4b6c6563c3d6b1f.jpg,1200,1200
Table-262-_jpg.rf.d6ae7dbeec85955fd3c6ea1d88e92730.jpg,640,640
Table-263-_jpg.rf.83c2f098f5589a5143bb7857cc73af59.jpg,640,640
Table-263-_jpg.rf.eda1e95b52f1f6c11549e7b0ba774d20.jpg,1200,1200
Table-264-_jpg.rf.043d434526eb1eb2ed640b24b20becba.jpg,640,640
Table-264-_jpg.rf.fa02852a992efe774fe177be1850d02f.jpg,1200,1200
Table-265-_jpg.rf.10130d96ee9c5b748e590153ecf95858.jpg,1200,1200
Table-265-_jpg.rf.88bd3ae1665c77cbd177ae52ee721ad3.jpg,640,640
Table-266-_jpg.rf.77f32b5a48b2f9d500e2a66701f57b4d.jpg,640,640
Table-266-_jpg.rf.89af55e4bdec5bd29ef8e28794a377ab.jpg,1200,1200
Table-267-_jpg.rf.83cef0609eac1e4fa7917c7d704dc251.jpg,1200,1200
Table-267-_jpg.rf.b340318ac12c5507d906ec7fd21c11a5.jpg,640,640
Table-268-_jpg.rf.60bb6da8ddfdecfd86dd78e8e74bcb9a.jpg,640,640
Table-268-_jpg.rf.cc9239cb857efe6e8c22232a17db035d.jpg,1200,1200
Table-269-_jpg.rf.12af443ea98bd5a92794b9b744211834.jpg,640,640
Table-269-_jpg.rf.3f7079ed639c955bc0ec45347e0f084c.jpg,1200,1200
Table-27-_jpg.rf.2634f6d9d8ee03dba0962aef3ca0403a.jpg,640,640
Table-27-_jpg.rf.acfad3f8c2cc154cc0c7df2bbd9c903a.jpg,1200,1200
Table-28-_jpg.rf.643d6b5b564adc0698f042d24742cd60.jpg,640,640
Table-28-_jpg.rf.955649bab907f32097aeffd06d7aa5e2.jpg,1200,1200
Table-29-_jpg.rf.2bf541b46cd3dfebcc662f99b6c761c7.jpg,640,640
Table-29-_jpg.rf.6644a65ea6c21346e919bb54abd2bacc.jpg,1200,1200
Table-30-_jpg.rf.45db16bc668dde4daa09ab42f797af77.jpg,1200,1200
Table-30-_jpg.rf.a79152f03a4f48ba7c3c95bcf5362ed8.jpg,640,640
Table-32-_jpg.rf.4e7c86cb3e552581fc9bd44f46728486.jpg,640,640
Table-32-_jpg.rf.d8f262a3183532cc25af19d23eededc0.jpg,1200,1200
Table-33-_jpg.rf.45212b8141d843b717681cb998d32ac9.jpg,640,640
Table-33-_jpg.rf.a88e51a02b8ba5b38a87dfe6aaf5c99f.jpg,1200,1200
Table-35-_jpg.rf.69e8d08661036a8164ba7147c0b88236.jpg,640,640
Table-35-_jpg.rf.b55282dc38f3a1a242c3ca39d6b49c90.jpg,1200,1200
Table-38-_jpg.rf.077bd03fb0516a34d91132370bcdcd92.jpg,1200,1200
Table-38-_jpg.rf.52e7f004893fb2efe0cfc35569305e40.jpg,640,640
Table-39-_jpg.rf.094dcd84136397f5e68e86587ffde666.jpg,640,640
Table-39-_jpg.rf.a8fdfc410d58ce5aab4a2ef1f84a0e58.jpg,1200,1200
Table-4-_jpg.rf.c474130795d417a6d627d54057a35cd4.jpg,640,640
Table-4-_jpg.rf.ec8ee1f67b614a6e4ed8199b38c080e8.jpg,1200,1200
Table-40-_jpg.rf.10e22cb9932fae087a2d08ba03b53f98.jpg,1200,1200
Table-40-_jpg.rf.bff3cc8ff93858eb3bfc18408157f872.jpg,640,640
Table-41-_jpg.rf.74d73df485a6a895c9335087f2795f97.jpg,1200,1200
Table-41-_jpg.rf.8a7daa90accb4dd0aed194b6c23f48b9.jpg,640,640
Table-42-_jpg.rf.4abe58140ec714dbfc921eabc611d083.jpg,1200,1200
Table-42-_jpg.rf.543248860835fce2c8f3e85c5877a1a7.jpg,640,640
Table-43-_jpg.rf.6d52af54ee71128ed44fad408f6894e3.jpg,1200,1200
Table-43-_jpg.rf.adf0dee48b202fe45e3b641f1b24c6c4.jpg,640,640
Table-44-_jpg.rf.b9ab70a45372e97c8c80cc407237cadf.jpg,640,640
Table-44-_jpg.rf.d40da8f09bf55667671e3671c4ac6ad3.jpg,1200,1200
Table-45-_jpg.rf.16a82f0153cabf1a5015c03e6641e681.jpg,640,640
Table-45-_jpg.rf.4aa81d239474be086b2cc0c437724cca.jpg,1200,1200
Table-46-_jpg.rf.cb0143ee1fa0b9bb2c0bc59fe625f264.jpg,640,640
Table-46-_jpg.rf.e70b83d5459f80f60dfd3baba0a82380.jpg,1200,1200
Table-47-_jpg.rf.29bc7d1bb066cdb5cb5063fd6fcfe64a.jpg,1200,1200
Table-47-_jpg.rf.da485a3fc1bbc986e18ab8cb2d0ba20a.jpg,640,640
Table-48-_jpg.rf.88b9d707572d9562eff414d153d867eb.jpg,1200,1200
Table-48-_jpg.rf.94d40445d27af903dbc4252001c54b21.jpg,640,640
Table-49-_jpg.rf.a87a61871ce51111aa7d096367b8dad3.jpg,1200,1200
Table-49-_jpg.rf.e3cc8ca63c2efb52cb2850ce15695a7e.jpg,640,640
Table-50-_jpg.rf.528b7679776ce6e486ecb7e71fca9b38.jpg,640,640
Table-50-_jpg.rf.fbb1a1f87e8f6b504dff81b86de8fa48.jpg,1200,1200
Table-51-_jpg.rf.83a4fdf79de96182d67c5eb7882f4901.jpg,640,640
Table-51-_jpg.rf.9d8b5427b02d84acff0fbf201e5ff8e5.jpg,1200,1200
Table-52-_jpg.rf.0b0684495e281cf2448646ec1b0abf59.jpg,640,640
Table-52-_jpg.rf.7ceec67af637addf4c77575a8fa30c65.jpg,1200,1200
Table-53-_jpg.rf.26d6d50a46af8b0394a2cf6983571cf5.jpg,640,640
Table-53-_jpg.rf.c0f881e912fa2bfdc8fadb43889eb69d.jpg,1200,1200
Table-54-_jpg.rf.cd4246a375b904a55d3f2b5d1c754748.jpg,1200,1200
Table-54-_jpg.rf.deecb9684df476c79a1dac537d3b702e.jpg,640,640
Table-55-_jpg.rf.deff78568a735daaccb2832b43a1c068.jpg,640,640
Table-55-_jpg.rf.fb74f682f18a599f60115803c3446175.jpg,1200,1200
Table-56-_jpg.rf.275c1097343126d951f778c8c4faa3e3.jpg,640,640
Table-56-_jpg.rf.4b91e9efcb4ae57cff8d46813148d8bc.jpg,1200,1200
Table-57-_jpg.rf.4833afcf1d95ce001084899dc57e161e.jpg,1200,1200
Table-57-_jpg.rf.9fab88d3e55b248f707ae776f7096c82.jpg,640,640
Table-58-_jpg.rf.66ee3b7fc041c53a5cc507c49dbd13ad.jpg,640,640
Table-58-_jpg.rf.ad518d19ec3f6c26af6a8b2e5c052b4b.jpg,1200,1200
Table-59-_jpg.rf.9a08a7460be22e805f6662fc949fb16e.jpg,1200,1200
Table-59-_jpg.rf.d3b4eda4e66e1e853ebddd49b665bddf.jpg,640,640
Table-6-_jpg.rf.4c578a2a8e7d45016d5e41416ec28512.jpg,1200,1200
Table-6-_jpg.rf.baa54d1559cd7620a983b79d7696c39c.jpg,640,640
Table-60-_jpg.rf.76fc3c8088b7ffc538a8d6e6ba738316.jpg,640,640
Table-60-_jpg.rf.d07f288d9266929153da3fc3957ae5e7.jpg,1200,1200
Table-61-_jpg.rf.6fe295caeeebcc09ef38d4323128cafe.jpg,1200,1200
Table-61-_jpg.rf.a5dc805b2eb374c463804a860ce895b0.jpg,640,640
Table-62-_jpg.rf.f4440ad28b7ed1594762974e09224563.jpg,1200,1200
Table-62-_jpg.rf.f8e4fe4d8ba386a0bf09881d5d4e43d6.jpg,640,640
Table-63-_jpg.rf.c0eae221d11c98735e3b243ba4e87981.jpg,1200,1200
Table-63-_jpg.rf.d4df87036f2c003195803af29fe84b0d.jpg,640,640
Table-64-_jpg.rf.080dbf0b2b09ca1a5410fe3ecd987b08.jpg,1200,1200
Table-64-_jpg.rf.b1a846ab8d6cd439e345fcbd99114576.jpg,640,640
Table-65-_jpg.rf.0ef0816e55cc0e364649ea301fe06e0a.jpg,640,640
Table-65-_jpg.rf.4d57fb88c4b8954a1f11e81d60bed3f9.jpg,1200,1200
Table-66-_jpg.rf.572936012d4de5472eef929f0faa5ec1.jpg,640,640
Table-66-_jpg.rf.921620324834a590c472588ccd840875.jpg,1200,1200
Table-67-_jpg.rf.050b1ab2490708647f8494df41c2d236.jpg,640,640
Table-67-_jpg.rf.6a84bebb443f7404b624700270f9d4e7.jpg,1200,1200
Table-68-_jpg.rf.7c6d0f69bdb804021b23e691bbe61ab8.jpg,640,640
Table-68-_jpg.rf.beefa9f9614512e8ac2184e0070552cf.jpg,1200,1200
Table-69-_jpg.rf.90629b1aa59a2eac02eefc8ed98a939c.jpg,1200,1200
Table-69-_jpg.rf.f8fea12d66ee2ac3024ad3807c1a5197.jpg,640,640
Table-7-_jpg.rf.420675eccfc156b13ad570779af00fd1.jpg,1200,1200
Table-7-_jpg.rf.8603722aced2c091165a92814c9dcddb.jpg,640,640
Table-70-_jpg.rf.10038693186c73840d2640fd9159152c.jpg,640,640
Table-70-_jpg.rf.104654948bd0964b63aec288bb75ce59.jpg,1200,1200
Table-71-_jpg.rf.4c7c37c567b04dec8894ceffc95fb328.jpg,640,640
Table-71-_jpg.rf.7f0a0450c37eb241bf3a09e4ba7d2a7c.jpg,1200,1200
Table-72-_jpg.rf.51ebbadccd0cfb0f979866a2eb51c5d5.jpg,1200,1200
Table-72-_jpg.rf.7aaf585ed7663b3e4b5ddd03f65d2c14.jpg,640,640
Table-73-_jpg.rf.1e8d6d7b3d52b6be5a87e0dd984c2896.jpg,640,640
Table-73-_jpg.rf.955d4a4a2a1478647f8acaef103afc61.jpg,1200,1200
Table-74-_jpg.rf.18f647c18e73edb686a8d65746ea9eb0.jpg,1200,1200
Table-74-_jpg.rf.cbc607235889382e2c8047af41b5a1cf.jpg,640,640
Table-75-_jpg.rf.0ac169394225361053d9d7eaecbde219.jpg,640,640
Table-75-_jpg.rf.c0f4f9cc608c7952c6479608288025e4.jpg,1200,1200
Table-76-_jpg.rf.77014592e52ea5e49f18956cbb51b041.jpg,640,640
Table-76-_jpg.rf.bc9525d4dbbfc84b190a8a44f594e8ad.jpg,1200,1200
Table-77-_jpg.rf.5016c044bc8ec7bddd58607a77f12b5b.jpg,640,640
Table-77-_jpg.rf.8c4445982a3dc91d656ff88c34b703b9.jpg,1200,1200
Table-78-_jpg.rf.0befee85d5a99951c3ec64f7badb1e30.jpg,640,640
Table-78-_jpg.rf.dbd99d0991ed1509fe798e168e8ffb85.jpg,1200,1200
Table-79-_jpg.rf.3849dc98ed0b94699417d053d8298ce9.jpg,1200,1200
Table-79-_jpg.rf.559542a90e2c1a8541d1ab1d5e0f0925.jpg,640,640
Table-8-_jpg.rf.507ca56638a7ffe8f23882ac37dad5ac.jpg,640,640
Table-8-_jpg.rf.7156e70d865f323ee0b3156fa5e2be32.jpg,1200,1200
Table-86-_jpg.rf.3640502539c3f65fb08c627904a7266c.jpg,1200,1200
Table-86-_jpg.rf.a1f21c04a87363879ffce38ac0e2c730.jpg,640,640
Table-87-_jpg.rf.1aabb689eed9649bd13688039e2e5c2f.jpg,640,640
Table-87-_jpg.rf.62f83f762db444c217c5d71d1ab309cb.jpg,1200,1200
Table-89-_jpg.rf.5980d48a8dd282fd9b3c8b9fdba42174.jpg,640,640
Table-89-_jpg.rf.6f2b92e5e583b385dee82ce9a4affb58.jpg,1200,1200
Table-9-_jpg.rf.7d32471e2bb7e2512addf3868c977b4b.jpg,640,640
Table-9-_jpg.rf.af00e24f155c0af6d0154563a2a139ec.jpg,1200,1200
Table-91-_jpg.rf.2798eb4a3eeeaebd48e2776eea2cec63.jpg,1200,1200
Table-91-_jpg.rf.b4c43731a4fb85f04d992689af2ca233.jpg,640,640
Table-92-_jpg.rf.989aa4c42d87370e85cc267ffad73c24.jpg,640,640
Table-92-_jpg.rf.c5b54ffe6ba7f291ea9351483dff8a76.jpg,1200,1200
Table-93-_jpg.rf.55c85e537a2aa739e94d78c2c3293fde.jpg,640,640
Table-93-_jpg.rf.b2a1e974aa5e3d394f37b8602218d66b.jpg,1200,1200
Table-94-_jpg.rf.169a6c1158b7254aa07b7f2c97453959.jpg,640,640
Table-94-_jpg.rf.f6bdfa0c24f62b2a3cef60b5c5f18560.jpg,1200,1200
Table-95-_jpg.rf.2b25e3e0c151da74f5df1a777465e75b.jpg,640,640
Table-95-_jpg.rf.945ce9268b1349f16e22b5039d2c62c8.jpg,1200,1200
Table-96-_jpg.rf.373488c92b585f17b727cada4bac73c2.jpg,1200,1200
Table-96-_jpg.rf.db124ad92130ddb3b929fd8e769715ad.jpg,640,640
Table-97-_jpg.rf.4d01ce333ddfa45e823e869f32b82aa3.jpg,640,640
Table-97-_jpg.rf.a33f933889f53c15879fe53c2a711315.jpg,1200,1200
Table-98-_jpg.rf.0d9e6c8275a95eda4dce40e80e59ab02.jpg,640,640
Table-98-_jpg.rf.5a7c908d65f1e9b02acbe2f85b1df5ac.jpg,1200,1200
Table-99-_jpg.rf.730037675a6b82517058b2899f5e3ebb.jpg,640,640
Table-99-_jpg.rf.9b9619fcfc253c6adbd41a59a9c1fc56.jpg,1200,1200
Untitled_output_jpg.rf.a67e7bc33641fc259fceb482d199b7c6.jpg,640,640
Untitled_output_jpg.rf.e4d2f7404e9f52edcaed6575ea2cb48d.jpg,640,640
Untitled_output_jpg.rf.f62fb1a3b36e5858522af119917420a2.jpg,640,640
up11_output_jpg.rf.1b0745c33719b3e373f1bb43afdeac6e.jpg,640,640
up11_output_jpg.rf.371dcc5b1900fe2db6251b55395c2bdb.jpg,640,640
up11_output_jpg.rf.3d7caf8ce0a9310de260983a6e04b187.jpg,640,640
up11_output_jpg.rf.3e271c7007e514dbe6bd7bb8bfe47343.jpg,640,640
up11_output_jpg.rf.5775a4163f0ded8a44c49a86981420ec.jpg,640,640
up11_output_jpg.rf.bcf110263fc41bb2f6c78481c2edfbf5.jpg,640,640
up12_output_jpg.rf.4a11e756566597b4dac8582a1cd1586b.jpg,640,640
up12_output_jpg.rf.5f6ef57d26950a44499b81a8549245a5.jpg,640,640
up12_output_jpg.rf.72c3cf56d5c365d39c3bf04a5a95bf54.jpg,640,640
up14_output_jpg.rf.1135526a7c69e962642206b8d1d1d5ee.jpg,640,640
up14_output_jpg.rf.1f5f28444e743e1bf558324a57aa717f.jpg,640,640
up14_output_jpg.rf.29e78a59e451bd4fe06e362b191e8d59.jpg,640,640
up14_output_jpg.rf.6c2427499e3f357e2ec9de38f5acb78b.jpg,640,640
up14_output_jpg.rf.9fbd4937e78ce2ec30b84c328b8a2ad1.jpg,640,640
up14_output_jpg.rf.db0f910b79ee773ac84a276d0179e803.jpg,640,640
up15_output_jpg.rf.12a634bd9232428fdf30a15a37584ecd.jpg,640,640
up15_output_jpg.rf.1a1a89f6ce039796f316d0ff2205a1e4.jpg,640,640
up15_output_jpg.rf.87f7a2d0362a83b7b8f40bae15250a98.jpg,640,640
up15_output_jpg.rf.bd6f36bba2baf3e8e336e23cd16f1bde.jpg,640,640
up15_output_jpg.rf.bdf0c1bcd52b18c8a9e45e0a514705ed.jpg,640,640
up15_output_jpg.rf.eaf92362b131ea7975a2f7b588f2c722.jpg,640,640
up16_output_jpg.rf.264fdec5b513e87472cbc7e8af37c502.jpg,640,640
up16_output_jpg.rf.30333697f936723e75ec8dcd7a040c6e.jpg,640,640
up16_output_jpg.rf.3dacb073a7be51efccc473510396a3cf.jpg,640,640
up16_output_jpg.rf.84689c69525ac461d2012f1de3f99724.jpg,640,640
up16_output_jpg.rf.8ec451f02eba3382de553841b198f2b3.jpg,640,640
up16_output_jpg.rf.ea047bd31d80f57a3507791d33660f79.jpg,640,640
up17_output_jpg.rf.640ca8d8b421f00f326d39ab86dbeced.jpg,640,640
up17_output_jpg.rf.817bc09d85e005288d0a108b75d2f991.jpg,640,640
up17_output_jpg.rf.c62d37c560210d220f2a8cce0c95a843.jpg,640,640
up17_output_jpg.rf.fe78e6881ab4efc3a42678d3ad2021bb.jpg,640,640
up18_output_jpg.rf.10874fb5394687d6b021bcd4b17547df.jpg,640,640
up18_output_jpg.rf.68668794ab0321dd43b41aa78d7cbce0.jpg,640,640
up18_output_jpg.rf.b73bb0ae5204959f14eddc32c89e764f.jpg,640,640
up18_output_jpg.rf.d22ec2935ce650efedea7b6f6705fc5a.jpg,640,640
up18_output_jpg.rf.d96415bf47184a31b0fbbed7f32ea92d.jpg,640,640
up18_output_jpg.rf.eaf5f8d1ad247e690055afadceb03ac6.jpg,640,640
up19_output_jpg.rf.2e11ba7fa298bcaa9b2c65c9bc9a5aa6.jpg,640,640
up19_output_jpg.rf.53ded99e7c898008ce9298238250fc0f.jpg,640,640
up19_output_jpg.rf.63e272ccd92d3214a3aa40b58a443b36.jpg,640,640
up19_output_jpg.rf.68896a00abc63a96b21705fe75e71a1e.jpg,640,640
up19_output_jpg.rf.972403539a687980ecd710ecb8cb0230.jpg,640,640
up19_output_jpg.rf.ab824752ae984f9ff3241bd3ece2a391.jpg,640,640
up19_output_jpg.rf.b0aab9eb390975a90f3f4fa3c417393c.jpg,640,640
up19_output_jpg.rf.c06d955015d40f33f073c15d4910dbb5.jpg,640,640
up19_output_jpg.rf.d7d66fe3eec0d5514e411ec2928d5c9f.jpg,640,640
up19_output_jpg.rf.f80fba44981481dbdfeab206b26e5627.jpg,640,640
up1_output_jpg.rf.30ffeb4699284bbefdf3d9fb5ef8c618.jpg,640,640
up1_output_jpg.rf.39c9f86d898428ae20ad746d888eaac7.jpg,640,640
up1_output_jpg.rf.40d6ad399436342f46c22e181aad2b09.jpg,640,640
up1_output_jpg.rf.4453c9e78c68d90dfc15f672b27e330a.jpg,640,640
up1_output_jpg.rf.5dc3abf08fef0bdb30dc03269cd198d9.jpg,640,640
up1_output_jpg.rf.9c3effb6dd5691fb068aef37a3ab767c.jpg,640,640
up1_output_jpg.rf.af1c6339db451a8e95c38e7fe6e991a5.jpg,640,640
up1_output_jpg.rf.b299d3c08da24bfe57b6feccbf5e1744.jpg,640,640
up1_output_jpg.rf.c2fa0b069edbd3471e4b45598c066477.jpg,640,640
up1_output_jpg.rf.c53a99b10ba835603513e0b12ca469aa.jpg,640,640
up1_output_jpg.rf.f1b0ab5493bbde6994234948bf4e814f.jpg,640,640
up1_output_jpg.rf.ff85ba49c0c6907ba2e76189b3299b88.jpg,640,640
up20_output_jpg.rf.0a98c92f1e82997f49e5eeb6a343e83c.jpg,640,640
up20_output_jpg.rf.7945c475a10f9c0cac681e01b8a98a20.jpg,640,640
up20_output_jpg.rf.fd8fc8ac8c0cc4e7f22bd2d5eb234d2d.jpg,640,640
up21_output_jpg.rf.50893a1270029973d8f8dc56f75ea673.jpg,640,640
up21_output_jpg.rf.96c03c3d07306255e7ea70ca77803138.jpg,640,640
up21_output_jpg.rf.f157e7f76fd45efa7b31b912a118f1ac.jpg,640,640
up22_output_jpg.rf.4041d8b96948a8ac29923f0488375baa.jpg,640,640
up22_output_jpg.rf.5e7e7ac98df8ac2d02ee57a4f0a33edb.jpg,640,640
up22_output_jpg.rf.5fc20298024a5b6032c7d7ea2b3f27d3.jpg,640,640
up22_output_jpg.rf.62d73acdbfb986540e128c1377204699.jpg,640,640
up22_output_jpg.rf.d50b8cd140eb64575a8c0d90d9a836af.jpg,640,640
up22_output_jpg.rf.f330d1dad565400c288f54dd6138f64a.jpg,640,640
up23_output_jpg.rf.00f70bfe34d896bda11ee0dec99a6d37.jpg,640,640
up23_output_jpg.rf.12e991279d4181e32a1288ee15ad18d9.jpg,640,640
up23_output_jpg.rf.89711691ab4c1b1c00626e0b89119d3d.jpg,640,640
up23_output_jpg.rf.d0badaf9f0868504c6f548dfb5b25e50.jpg,640,640
up24_output_jpg.rf.8414fff9aede5a623a3354e4b47626ad.jpg,640,640
up24_output_jpg.rf.bd431706a990ebbdcafa9938f365282d.jpg,640,640
up24_output_jpg.rf.d49ba6af024f2aeb100a1690554de20c.jpg,640,640
up24_output_jpg.rf.db70e71582751c2776becf36a2c70657.jpg,640,640
up25_output_jpg.rf.40e2181db90440e3576e35fbb7c7dc6b.jpg,640,640
up25_output_jpg.rf.4f892d18e0f38c907d474659ea4d34ae.jpg,640,640
up25_output_jpg.rf.a77608e1645c6d1c4ed38e504ce45a14.jpg,640,640
up25_output_jpg.rf.dcf57aeca3c4a92cf917d1eb0fcf3695.jpg,640,640
up26_output_jpg.rf.5f7fc6cf5427aa77c1cb42c0171f9b6a.jpg,640,640
up26_output_jpg.rf.e1391a004198d158750125d69fc255ca.jpg,640,640
up27_output_jpg.rf.4a6281403918e640bcb671aedbd203a5.jpg,640,640
up27_output_jpg.rf.6a6f4f5811f5c481409ec9aeca79b97a.jpg,640,640
up27_output_jpg.rf.9528a3f2b20314a9caf75309174ea84b.jpg,640,640
up27_output_jpg.rf.ec1cc429d956ff079e2e1901e0d828e5.jpg,640,640
up2_output_jpg.rf.2adeda7ce20d4265dfb301a86fd68cb3.jpg,640,640
up2_output_jpg.rf.511d95eba24bec471bb2c3bcb22e0546.jpg,640,640
up2_output_jpg.rf.82198596af3f4975173bba39164ec06b.jpg,640,640
up2_output_jpg.rf.af5e2170b3c387a0ae7b5ab51e4e781d.jpg,640,640
up2_output_jpg.rf.d0acfb49ed9e346b148f471990dfd8b3.jpg,640,640
up2_output_jpg.rf.edf39b46fbc5bb1cc0b7d974629eb2a7.jpg,640,640
up30_output_jpg.rf.6145e79a961660794a12ac6f36ec42f4.jpg,640,640
up30_output_jpg.rf.68b66146a55e37a67ca30c75df2a7009.jpg,640,640
up30_output_jpg.rf.be645ab6ab842252992ec3a224ecfd6b.jpg,640,640
up30_output_jpg.rf.ddecf745021336229075163bf3ee08aa.jpg,640,640
up30_output_jpg.rf.e1b24784867b1ed8d028450aef8b723d.jpg,640,640
up30_output_jpg.rf.fcd656cc1017bef78dce4d5189254256.jpg,640,640
up33_output_jpg.rf.0da5d5ad6b616875d3f760911d2991e9.jpg,640,640
up33_output_jpg.rf.181d6a791e71c59b42b097212374cfd9.jpg,640,640
up33_output_jpg.rf.31d99842359a4b7cb532f9e916815c85.jpg,640,640
up33_output_jpg.rf.50c5c34953531a077da7e91cf83efde4.jpg,640,640
up33_output_jpg.rf.51675e4506ae5cb66594c0b644d9b071.jpg,640,640
up33_output_jpg.rf.827c37c018c0a81b532b2a623712f740.jpg,640,640
up33_output_jpg.rf.a6e55b3fb97f1b9b2ecc3f4aa7ccf902.jpg,640,640
up33_output_jpg.rf.a9d86d7f62c30a6dc49995ef8d825da1.jpg,640,640
up33_output_jpg.rf.b0264af53e6023a6c957e6e59c23096e.jpg,640,640
up33_output_jpg.rf.b6a90c2feea4cac2459c69d50aff240b.jpg,640,640
up33_output_jpg.rf.c21e29199e61c87a74e72e6b99ac6b1c.jpg,640,640
up33_output_jpg.rf.c33f293a49ca277cc15f3c045fdce830.jpg,640,640
up33_output_jpg.rf.d163d8a5ac75b875286251dc0ced115d.jpg,640,640
up33_output_jpg.rf.e9c59af854393617446ca0bdd159a564.jpg,640,640
up33_output_jpg.rf.ea2e302143d53c3a62fe55ec10ce83e7.jpg,640,640
up34_output_jpg.rf.371e45188e608c5092cafb1349bb3183.jpg,640,640
up34_output_jpg.rf.c5a9ea58fe03fe9995deba5c7997299c.jpg,640,640
up34_output_jpg.rf.caec21bc1ad5e0fd972e77b275c08172.jpg,640,640
up35_output_jpg.rf.6a6d04e10e67a8b2fe3b5914335db315.jpg,640,640
up35_output_jpg.rf.a6e778cfdc79de6040e77ae85530d8bf.jpg,640,640
up35_output_jpg.rf.b8eb8f9bbd04814e0489f7015cf515a2.jpg,640,640
up35_output_jpg.rf.be1845013dee60141731303580f40b11.jpg,640,640
up36_output_jpg.rf.17dd854bd8a3b34287736a3a1df2700c.jpg,640,640
up36_output_jpg.rf.26ec00403ae0800e37145e3cecc89b0c.jpg,640,640
up36_output_jpg.rf.a57f5fc4376373a57354eff9fab91ddb.jpg,640,640
up36_output_jpg.rf.bac7ef098b32ebf4dc84a4306a415f09.jpg,640,640
up38_output_jpg.rf.026a571f2c8ab690e25be3724abd8bea.jpg,640,640
up38_output_jpg.rf.509bdcebebb5387197f9caa1d81f864d.jpg,640,640
up38_output_jpg.rf.612b069a1bc26fde501c20a05cd3da5d.jpg,640,640
up38_output_jpg.rf.752dae0dcee94690213cdc82c1bd8889.jpg,640,640
up38_output_jpg.rf.be0047613f0178e8f1999db9c1f95255.jpg,640,640
up38_output_jpg.rf.ef1898c155db109fe5fc588a1b7fd862.jpg,640,640
up3_output_jpg.rf.076ab41d5d68d851870873aa50a282c6.jpg,640,640
up3_output_jpg.rf.0b11ad63f022f3b7db697957aeea49b5.jpg,640,640
up3_output_jpg.rf.1215fa04420492502bc8334a7f2ae16e.jpg,640,640
up3_output_jpg.rf.1a128dd5bb8637fa74e3ea03ca2557d5.jpg,640,640
up3_output_jpg.rf.2dde5c71691e9ae613cf1abbda231d87.jpg,640,640
up3_output_jpg.rf.609a2e126ccce59c6a6efa2f57c0a774.jpg,640,640
up3_output_jpg.rf.6268662cf7c06c400c6ee75c4f3b217d.jpg,640,640
up3_output_jpg.rf.6dc73a184b2743c4e83d8012f5d4a356.jpg,640,640
up3_output_jpg.rf.9fdade06b50f1eca4f489e9e2cb626fd.jpg,640,640
up3_output_jpg.rf.a85c597bd069eaf01b8ada4aef52a3ce.jpg,640,640
up40_output_jpg.rf.22b5f1c6ea0976bcff5965b40fd10d87.jpg,640,640
up40_output_jpg.rf.4f452c9c9476e5e850ee4db8aaaf2dbd.jpg,640,640
up40_output_jpg.rf.511ba8c392981dbabba3d9dcc7d27b1d.jpg,640,640
up40_output_jpg.rf.57d03c109a8e1591746cdb3fc5a5b482.jpg,640,640
up40_output_jpg.rf.9f34b452d311b100d5e0dcea802b160a.jpg,640,640
up40_output_jpg.rf.e24bd7ca59b5c2d6e92dddf67a977923.jpg,640,640
up41_output_jpg.rf.03cdfbe399b7078a31d6524006f92087.jpg,640,640
up41_output_jpg.rf.4116740330486cb313cc789d03a37989.jpg,640,640
up41_output_jpg.rf.7dfaf9a9a30fcf4dd053b8e6228bcae5.jpg,640,640
up41_output_jpg.rf.a5cfc60edba17e846046ef1b87bde01f.jpg,640,640
up42_output_jpg.rf.28f209f5424982ebee3642812196740b.jpg,640,640
up42_output_jpg.rf.5712b4e4ce583afd8fcf6173c5f06d1f.jpg,640,640
up42_output_jpg.rf.6be4bac62d61a71c3469de5c3c3a7ee8.jpg,640,640
up42_output_jpg.rf.70ccd049f01aa19b1558c16a908d645d.jpg,640,640
up42_output_jpg.rf.77e612ede66141c080c553845dce0729.jpg,640,640
up42_output_jpg.rf.93fb4dffef50c816d8b7a3c27a05a6ff.jpg,640,640
up42_output_jpg.rf.9b469b13284d003658128a952632ddde.jpg,640,640
up42_output_jpg.rf.ac6642fe9feb2e02770e6700bd12f136.jpg,640,640
up42_output_jpg.rf.aedbe5cd28191b8e170512e3219a7915.jpg,640,640
up42_output_jpg.rf.b4cfe7739b9f661df5baf0cb66da44a7.jpg,640,640
up42_output_jpg.rf.b67fef5b0b59d2fda9a7da4884c12733.jpg,640,640
up42_output_jpg.rf.d527ec3d748e5b984fcddb6725377f4b.jpg,640,640
up42_output_jpg.rf.ea1342ef75f12add8dd5b2aef90c3a8d.jpg,640,640
up44_output_jpg.rf.239d11814506b851d18d4cffa4f11171.jpg,640,640
up44_output_jpg.rf.340aac16211b52e45f90c633bba4ca36.jpg,640,640
up44_output_jpg.rf.b24c8fee5d7d1071b46f3d8e11857d78.jpg,640,640
up45_output_jpg.rf.014d230cd6113d8162393e68ed4ef9e3.jpg,640,640
up45_output_jpg.rf.af943a3ba47c73a08643f5e9bd54e2f0.jpg,640,640
up45_output_jpg.rf.c21bc4af6f122298ce052e54acd0ad17.jpg,640,640
up45_output_jpg.rf.c45281ef1582f79703327aa54c16395f.jpg,640,640
up47_output_jpg.rf.4a2ff901b6552e0270ee9b2df0ac5021.jpg,640,640
up47_output_jpg.rf.542d3f5a02265cc8ccf4141c9e81e520.jpg,640,640
up47_output_jpg.rf.5f60ecf3d1a53353be983f86dd43f446.jpg,640,640
up47_output_jpg.rf.8282748a19b95c5a01deb437eae6e2a0.jpg,640,640
up48_output_jpg.rf.1c187347f4dc181dd003254bb9883617.jpg,640,640
up48_output_jpg.rf.44b0c0204513edb85f2e24bcacff2145.jpg,640,640
up48_output_jpg.rf.85b1cd6bc67018eec50f7b9d967a1e85.jpg,640,640
up48_output_jpg.rf.92d2ab39dccc0bc1d1d9c019e8833649.jpg,640,640
up48_output_jpg.rf.da5e0f0313cb9793c1106c763144a466.jpg,640,640
up48_output_jpg.rf.e8f82acce68f6306c6b816806a0abf43.jpg,640,640
up49_output_jpg.rf.31d5efd439b6be76d0ce0f38e99e6494.jpg,640,640
up49_output_jpg.rf.622396240b204ebec23d2b89c239b16c.jpg,640,640
up49_output_jpg.rf.ad4f9f8b5652adf55a019a2f70a9f31c.jpg,640,640
up49_output_jpg.rf.b3185aad0861530505a549a791dbe00e.jpg,640,640
up50_output_jpg.rf.030aa1f5723b6eb7c4081778e3252e15.jpg,640,640
up50_output_jpg.rf.3dd19a0c894b9a2ccd0d5e4af467c408.jpg,640,640
up50_output_jpg.rf.49e39339d550495653ea1a8777ee4ebd.jpg,640,640
up50_output_jpg.rf.61609d10d2f106fee80c03b8e97e00b6.jpg,640,640
up50_output_jpg.rf.75c9a0ffd571671a6c7c9d901b108e00.jpg,640,640
up50_output_jpg.rf.7b8799746ebb440d81ef4581480d9a0b.jpg,640,640
up51_output_jpg.rf.6240d3f251685ec938bdd43c6e167c55.jpg,640,640
up51_output_jpg.rf.c90b813aaf036ca5b7890e21f7bc07fa.jpg,640,640
up52_output_jpg.rf.0e1dbeda2864ae8c296cf878946d1f75.jpg,640,640
up52_output_jpg.rf.50f961b8dae08b103575a4dcc8c67216.jpg,640,640
up52_output_jpg.rf.72e95a51b09ccdbcc52a264bf570319d.jpg,640,640
up52_output_jpg.rf.88ebd4915a09a531913f703938a715b3.jpg,640,640
up52_output_jpg.rf.ee91955764e1bc357975508a5b4aa1aa.jpg,640,640
up52_output_jpg.rf.fb6e40b3d572c5f92dcc59499b3334a3.jpg,640,640
up53_output_jpg.rf.57c07f9d56097bfbd00e6d55d4cb282d.jpg,640,640
up53_output_jpg.rf.bd7f29a56c40e0413bc7439cfd48d889.jpg,640,640
up53_output_jpg.rf.fc3766e7db657722271887e140cfc8cf.jpg,640,640
up57_output_jpg.rf.11e7005c556e899d2b7d323c3842b875.jpg,640,640
up57_output_jpg.rf.57ce83fca3c8e470e936dc251a29f0be.jpg,640,640
up57_output_jpg.rf.a0cd9d3a55774f45f734a008338f367c.jpg,640,640
up57_output_jpg.rf.b3ae97e1c1c3a2de7d73a16e8ff88464.jpg,640,640
up57_output_jpg.rf.b86feb2cc303f2958d69fcc366018550.jpg,640,640
up57_output_jpg.rf.f8b204a78399fd9202950ebb3caa7c6e.jpg,640,640
up58_output_jpg.rf.142dedf52d801c1275616775a7c00a3e.jpg,640,640
up58_output_jpg.rf.a7648e58cacebc9ae6b73311940ce0e0.jpg,640,640
up58_output_jpg.rf.d5084d4931094f3cb85720bc19d81c0e.jpg,640,640
up59_output_jpg.rf.afee52b048fca3b4abda472e770aabb6.jpg,640,640
up59_output_jpg.rf.ba787a76ea3e20e89bc73a69a4cc2c04.jpg,640,640
up59_output_jpg.rf.dd65b7005fe7349600f225d498263d56.jpg,640,640
up59_output_jpg.rf.eccc0b1626f85d25425410e7804c4edb.jpg,640,640
up59_output_jpg.rf.f2ed66d8c003978c2a1a5689d806f2d4.jpg,640,640
up59_output_jpg.rf.f671e3a3a6578ef770993d7d9bf539b9.jpg,640,640
up5_output_jpg.rf.00f2bc0b7702a0329d038f47072f9c62.jpg,640,640
up5_output_jpg.rf.0dccbd92eed5e2e6ae9ed2307d312257.jpg,640,640
up5_output_jpg.rf.222ed79ad4ed95c9eba78134db13627b.jpg,640,640
up5_output_jpg.rf.6d0ed6144ee7f3625aca20e2f6736e08.jpg,640,640
up5_output_jpg.rf.6d5501dbff10b218764b39b80c085910.jpg,640,640
up5_output_jpg.rf.8c768dbd2651a8a48f382422e7820570.jpg,640,640
up60_output_jpg.rf.03336271a601392a5bdcaf42530b92c5.jpg,640,640
up60_output_jpg.rf.184f880e1229fdf61551aba5227a1ecb.jpg,640,640
up60_output_jpg.rf.73bfd157bf2b47d8077a27f5b98065b8.jpg,640,640
up61_output_jpg.rf.08d1056e2f0d7bdea9c35ce263931164.jpg,640,640
up61_output_jpg.rf.7f1989d69cfc603e6fd85c01ff87fa8c.jpg,640,640
up61_output_jpg.rf.e3d67334bfa2129854c6b2fe98b75779.jpg,640,640
up62_output_jpg.rf.52fd5c3e7d9063d27ef456a0715d5f34.jpg,640,640
up62_output_jpg.rf.604d9da0b43ee1b51085fe901c81a815.jpg,640,640
up62_output_jpg.rf.77bd72ee834ad4773e3decfd8fbbae39.jpg,640,640
up62_output_jpg.rf.819f4b1f4cb11e4044bf14df9714081f.jpg,640,640
up63_output_jpg.rf.22b7298cb6110f624f52c0361235d7d8.jpg,640,640
up63_output_jpg.rf.3f85738effbe736368f6ffe7d7268e09.jpg,640,640
up63_output_jpg.rf.4f842b5513df5efb6acb2d0dc2aef5a9.jpg,640,640
up63_output_jpg.rf.8d85916a2f079489828cd8de80a82798.jpg,640,640
up63_output_jpg.rf.8eda67818d3c22899d6bf4c4f3c06834.jpg,640,640
up63_output_jpg.rf.94dbd97eff23450fd14175d4f1625cd8.jpg,640,640
up65_output_jpg.rf.02fbd461ceafbbde37a88fcb66f1769b.jpg,640,640
up65_output_jpg.rf.21768059086c85bb151db4deba5cdb12.jpg,640,640
up65_output_jpg.rf.522b84b2ba6708eb1a387b0674afe953.jpg,640,640
up65_output_jpg.rf.6cee5853b133eadec52b8d32d01c51e8.jpg,640,640
up65_output_jpg.rf.7cf27beb92d1086f7781e3ad6e2d5dd3.jpg,640,640
up65_output_jpg.rf.d0c26328c55d2f579d620e63f6b2be24.jpg,640,640
up67_output_jpg.rf.54b01881befc2eafa0a515fd8370536c.jpg,640,640
up67_output_jpg.rf.7ba9d524e5ea5e78782f3b8c366b974f.jpg,640,640
up67_output_jpg.rf.b0ae11ac05aee983f2ac5658e58b5693.jpg,640,640
up67_output_jpg.rf.e8c91bb01eb031fe76a43847ecce34cb.jpg,640,640
up69_output_jpg.rf.3f5029bf091bbf2b70e0cb4ff748f12c.jpg,640,640
up69_output_jpg.rf.438dffd1cdffe98047e4ec38f790199c.jpg,640,640
up69_output_jpg.rf.549b232aa57321aa0e5856ea9c9f1106.jpg,640,640
up69_output_jpg.rf.80e5afd1ca997cbc0ad9048cf9b83e6e.jpg,640,640
up69_output_jpg.rf.8b587971ecf9a0cd5d290df69b30925d.jpg,640,640
up69_output_jpg.rf.b842fb12cb189dca816bbd59de6b0f5e.jpg,640,640
up6_output_jpg.rf.0a513cdd09156ca387c229945e0932de.jpg,640,640
up6_output_jpg.rf.16d61681dbd061780dd5cf769d25cf7e.jpg,640,640
up6_output_jpg.rf.30a9604e3c504f34c33e93bb45d38e78.jpg,640,640
up6_output_jpg.rf.ed6b5cccca479b6286c248493fa2203a.jpg,640,640
up70_output_jpg.rf.85df2025e6a392326864691afb713513.jpg,640,640
up70_output_jpg.rf.9029f582b8bfe536a4143c605463a913.jpg,640,640
up70_output_jpg.rf.c8d2ee4a50e32c6659577d89215a22ec.jpg,640,640
up70_output_jpg.rf.db0633ebb29acc25379116d3bfddb6dc.jpg,640,640
up70_output_jpg.rf.ea4e4c9903d9e5c8e93cc5fd60a1d45b.jpg,640,640
up70_output_jpg.rf.fee4f87e24fafe38a0f9766f4eb3e23d.jpg,640,640
up71_output_jpg.rf.1f367554bfa2226923128dde58d58040.jpg,640,640
up71_output_jpg.rf.78e4051c5df3d77a456b3a6bed001d8c.jpg,640,640
up71_output_jpg.rf.b17540ee3949bc31a90fb2d88eee8688.jpg,640,640
up71_output_jpg.rf.e7a417528b6809f8c77d3f0572a4bc4c.jpg,640,640
up72_output_jpg.rf.16265a2aaeb741a70f393f921d88909c.jpg,640,640
up72_output_jpg.rf.572f850cca73591638b3e0db33fc87f4.jpg,640,640
up72_output_jpg.rf.68c9b75cf287c3c4aedb4b9f455a7a3b.jpg,640,640
up72_output_jpg.rf.6c2ba29b30f38d816ebb912290050cb5.jpg,640,640
up72_output_jpg.rf.7d437885e2b887b96f449e504fc65ef3.jpg,640,640
up72_output_jpg.rf.818efcc09cc6218adfc43af8179911ef.jpg,640,640
up72_output_jpg.rf.82c8637677580e116a3d97b803b235a3.jpg,640,640
up72_output_jpg.rf.91974787cbff4f1d4c927d70f539a66b.jpg,640,640
up72_output_jpg.rf.97bac3ab262def43108b033c6854cb4e.jpg,640,640
up72_output_jpg.rf.aa04caed97adf84e6607848819b003d1.jpg,640,640
up72_output_jpg.rf.c08d798265a508ab218c107bb1468ede.jpg,640,640
up72_output_jpg.rf.e74e803ee3647e255d9ae8d5503cd464.jpg,640,640
up72_output_jpg.rf.fd2a8799222dc84d9bea2392679c3044.jpg,640,640
up74_output_jpg.rf.18c6a2057b889302ccc0b8ade1f52ccd.jpg,640,640
up74_output_jpg.rf.640a0ee52043caea90cb5aab9c0770f2.jpg,640,640
up74_output_jpg.rf.7ed0fb169b95084c2aa7f37e20d3ad49.jpg,640,640
up74_output_jpg.rf.e3419e5d0985a3d20d8cef2ca3efef0a.jpg,640,640
up75_output_jpg.rf.001531929d3fd9667d8df3b3f01cb0a0.jpg,640,640
up75_output_jpg.rf.22878602b677c4c6b1967740d0b5bdef.jpg,640,640
up75_output_jpg.rf.48976678f0990b4bda52be9efdfd7f2e.jpg,640,640
up75_output_jpg.rf.6ea96a8c01cde5d25f681e6ab9b466d2.jpg,640,640
up75_output_jpg.rf.919d9bbd8e661d1ac3a997aaa9da9135.jpg,640,640
up75_output_jpg.rf.cc8fe7e24c5eb01626971a3456490d00.jpg,640,640
up76_output_jpg.rf.146084c4569e467c63798e6a345077d5.jpg,640,640
up76_output_jpg.rf.4632433e9d13e2a0f7782d583227a3a1.jpg,640,640
up76_output_jpg.rf.576cd81872e098691b9409a87826b227.jpg,640,640
up76_output_jpg.rf.7c4199ba2fc93f94d3f515934a5a2ef2.jpg,640,640
up76_output_jpg.rf.a426caabbc86404ab1213a409355c7c4.jpg,640,640
up76_output_jpg.rf.e8dbfc10d7f0d0893c18480264f6c689.jpg,640,640
up77_output_jpg.rf.238c3c7deb5be9bba5c0cea13302a40d.jpg,640,640
up77_output_jpg.rf.371cdcd70426f0dad4e8d34be89e462a.jpg,640,640
up77_output_jpg.rf.38fd6dca8295777de930f56d5e1fee81.jpg,640,640
up77_output_jpg.rf.424589582283a13dc8e3a0cac5283d7a.jpg,640,640
up77_output_jpg.rf.4ebeb5b0b732c01132eec8280f44b938.jpg,640,640
up77_output_jpg.rf.5147323faef2eb2417393f4adf3002b9.jpg,640,640
up77_output_jpg.rf.53246420fecb6d8c0acb63dca381a66a.jpg,640,640
up77_output_jpg.rf.5afd590a5bcb79fd6830e7aed7376c85.jpg,640,640
up77_output_jpg.rf.65a09bb6ae08e26f4d67b8e6c6a3fb19.jpg,640,640
up77_output_jpg.rf.8e373081b5064dde37c8ef61450c4509.jpg,640,640
up77_output_jpg.rf.970fffea096ce633f03c9b8d10d549b6.jpg,640,640
up77_output_jpg.rf.9b4db1ec9c00166d586c9d72ae157e76.jpg,640,640
up77_output_jpg.rf.ccb95a0c472bd8a35b48bf0ea0369957.jpg,640,640
up77_output_jpg.rf.d146d98c9f741b462dbe66d1298c771a.jpg,640,640
up77_output_jpg.rf.d3be8bc0f103b5244b0cf7dfca30e48b.jpg,640,640
up78_output_jpg.rf.2013a9e43b2ed268511e397fe3d10167.jpg,640,640
up78_output_jpg.rf.59cc84e5f4bc41443923b852f575f5f3.jpg,640,640
up78_output_jpg.rf.93adf6a471047bf86a6e49cc4bbdb83c.jpg,640,640
up78_output_jpg.rf.cdcd3f058469df11faed8ffd2e9e32c6.jpg,640,640
up7_output_jpg.rf.26219d6caef03edfd00b5faad003a0a7.jpg,640,640
up7_output_jpg.rf.2a035e7cfdec6aa51fb922ae11e4e316.jpg,640,640
up7_output_jpg.rf.54f519753b65c1ea940dbc93940a6ffd.jpg,640,640
up7_output_jpg.rf.6f243d1ff3694bf5d2faf168b9287ae1.jpg,640,640
up83_output_jpg.rf.3b93af1e27972dfb7e3d1cf4d18eec76.jpg,640,640
up83_output_jpg.rf.566efd0301265d7280c95817a9ceb35a.jpg,640,640
up83_output_jpg.rf.a3f188f78084e8e7282c248866b97835.jpg,640,640
up83_output_jpg.rf.c59f89fc29c12fc0fa30cadc48b2372e.jpg,640,640
up85_output_jpg.rf.05f67b49ab4a564b6442868b6fda4a15.jpg,640,640
up85_output_jpg.rf.5c429ca04b8bf3b5068d27211fd87044.jpg,640,640
up85_output_jpg.rf.694af7f8ca99ac75d9191bae0d9910f1.jpg,640,640
up85_output_jpg.rf.a1fba83f8850da7886e6677a8c96587c.jpg,640,640
up86_output_jpg.rf.27cd29370cfe117fabaaf441d68f63ad.jpg,640,640
up86_output_jpg.rf.289e55dd93788eb0478ef6072d5fb4a4.jpg,640,640
up86_output_jpg.rf.2d919bb71a9b1460e10614443e652f87.jpg,640,640
up86_output_jpg.rf.3a511ac2e6d0fbe76eee75c1269b4f5b.jpg,640,640
up86_output_jpg.rf.485e5c727e737c06330e0c0a2412fd01.jpg,640,640
up86_output_jpg.rf.56a7c1296728e5055b2fd9431118554e.jpg,640,640
up87_output_jpg.rf.3ab05b9981479c0e570a60b3ee5dd739.jpg,640,640
up87_output_jpg.rf.433055eb7a7b01d0343c0b127b456c64.jpg,640,640
up87_output_jpg.rf.5dd6de8129cd726fc0f6a8de94827914.jpg,640,640
up87_output_jpg.rf.9ed1a2c9f7d799c093ea600f13207892.jpg,640,640
up87_output_jpg.rf.e3df09c6f85acaa3c353db2f60906926.jpg,640,640
up87_output_jpg.rf.f81cd982faeddf6d3ac9217bf80939bc.jpg,640,640
up88_output_jpg.rf.3eb6cb424f32f4614bf43c3d01e0f710.jpg,640,640
up88_output_jpg.rf.55a07df321e2cc32ee6db635d960cf30.jpg,640,640
up88_output_jpg.rf.5b3b5d734f8ccf64eb46f0aa97c89c78.jpg,640,640
up88_output_jpg.rf.63515ff287a60d35aa7213c486bcaa2e.jpg,640,640
up88_output_jpg.rf.c629885148ebefcae51b589d823c983c.jpg,640,640
up88_output_jpg.rf.fab34a75684cadf9f4baf19d5df48e53.jpg,640,640
up8_output_jpg.rf.10b8126ab1beced1d26c3c1db3f96e3c.jpg,640,640
up8_output_jpg.rf.74a596dcfe8e072b98937c59d1115231.jpg,640,640
up8_output_jpg.rf.a18c3fd7f25231e3fbc4208b62b2ab04.jpg,640,640
up8_output_jpg.rf.c08348160142e44bac91e02a36d52b3d.jpg,640,640
up8_output_jpg.rf.d557e48fec6c7ca00922c2c752b69dcc.jpg,640,640
up8_output_jpg.rf.f7e483a07df8f961bda413d32d56cefe.jpg,640,640
up9_output_jpg.rf.0e39185dd668208843dddf562d38ff14.jpg,640,640
up9_output_jpg.rf.116534a5b7d42d3fe10b4356f5199a65.jpg,640,640
up9_output_jpg.rf.2bc0eabf27909f8009cf9c7ea48ae3da.jpg,640,640
up9_output_jpg.rf.99718590265c42d59739e42ad8c00ba9.jpg,640,640
up9_output_jpg.rf.a293eb2ed815040f3de5eb906779d84a.jpg,640,640
up9_output_jpg.rf.f0bc12e65f89ad92e0e9cf5f979908a6.jpg,640,640
up_output_jpg.rf.02ffb29527cefc33109295ddc5d3f45e.jpg,640,640
up_output_jpg.rf.6b38d7f71aed26e190dd4599285131e0.jpg,640,640
up_output_jpg.rf.8a8757436fbb3eff195c2b8b2005251b.jpg,640,640
up_output_jpg.rf.9cb80116c40f641775308549d713348c.jpg,640,640
up_output_jpg.rf.ca225850738c3bcd619129c0bca3200a.jpg,640,640
up_output_jpg.rf.d86766120d115a3c42556a21660a12fc.jpg,640,640
VID_20230814_090812_mp4-0_jpg.rf.01cc71fca025a6dd794f5c48265e0868.jpg,1080,1920
VID_20230814_090812_mp4-0_jpg.rf.75138c742867375fdb6f256f8add85d7.jpg,640,640
VID_20230814_090812_mp4-0_jpg.rf.c5eda27d01cf00a7c0d5f70400b0912c.jpg,640,640
VID_20230814_090812_mp4-10_jpg.rf.65d6100b8eb9c1a4fcd4eab7fe7a95a7.jpg,640,640
VID_20230814_090812_mp4-10_jpg.rf.b315245007e4fd7227f6d80299576cf9.jpg,640,640
VID_20230814_090812_mp4-10_jpg.rf.d10bc3d1deac82ff89120474d11013a8.jpg,1080,1920
VID_20230814_090812_mp4-11_jpg.rf.3c3b6545e4de869c151ce17dc2e9719f.jpg,640,640
VID_20230814_090812_mp4-11_jpg.rf.9ff0d83c9762b41ebe8050592a7d36f9.jpg,1080,1920
VID_20230814_090812_mp4-11_jpg.rf.a4c20292d146cb2d0562e592f0a50c82.jpg,640,640
VID_20230814_090812_mp4-12_jpg.rf.36efd088d487eea02f7c9fee3e29c7ef.jpg,640,640
VID_20230814_090812_mp4-12_jpg.rf.7641846bf15efbdd8328ea6db63b6304.jpg,640,640
VID_20230814_090812_mp4-12_jpg.rf.7cd3f1122839acf591c2f53cec2c4054.jpg,1080,1920
VID_20230814_090812_mp4-13_jpg.rf.07112ce7b957a8a06d46372761a617d4.jpg,1080,1920
VID_20230814_090812_mp4-13_jpg.rf.57754fe54bbee5afba65e9db1111a1ce.jpg,640,640
VID_20230814_090812_mp4-13_jpg.rf.82f4cbbb82a11ff52531f56281285b1d.jpg,640,640
VID_20230814_090812_mp4-14_jpg.rf.48e215c45059bd3a512f13049d826642.jpg,1080,1920
VID_20230814_090812_mp4-14_jpg.rf.4d43300f7c39ab8a3ade8e331a0dfbb0.jpg,640,640
VID_20230814_090812_mp4-14_jpg.rf.70357410f7c9599e01211ad6edc07ffc.jpg,640,640
VID_20230814_090812_mp4-1_jpg.rf.53eb41343da4a5ab23d64181b63be64f.jpg,1080,1920
VID_20230814_090812_mp4-1_jpg.rf.662e02cb7a5584bb8e4fde5014d27022.jpg,640,640
VID_20230814_090812_mp4-1_jpg.rf.704e313f67bd64e9755caf4e794e20bd.jpg,640,640
VID_20230814_090812_mp4-2_jpg.rf.0b0742e5fb2532b85873f91bc8fa2950.jpg,1080,1920
VID_20230814_090812_mp4-2_jpg.rf.8545d19fbe4343ecb40150b33a69c87d.jpg,640,640
VID_20230814_090812_mp4-2_jpg.rf.c60ac391362445cc664c80945d115be8.jpg,640,640
VID_20230814_090812_mp4-3_jpg.rf.b0a12779ad3271959825985e702d8b7e.jpg,1080,1920
VID_20230814_090812_mp4-3_jpg.rf.b9c5aaa5c3546dbf8da7794be8225d82.jpg,640,640
VID_20230814_090812_mp4-3_jpg.rf.c4d3fbf129fa9aaa55ff4ede8fb6a894.jpg,640,640
VID_20230814_090812_mp4-4_jpg.rf.1ac43bfead3dea133ec1917028e0e7a1.jpg,640,640
VID_20230814_090812_mp4-4_jpg.rf.1c7dd2c52b76d8492a43b5c8b67c4817.jpg,1080,1920
VID_20230814_090812_mp4-4_jpg.rf.1e17c1c5b5190244704d9b3cc398d723.jpg,640,640
VID_20230814_090812_mp4-5_jpg.rf.76c793b684cd7a11747bc0b11a68f434.jpg,1080,1920
VID_20230814_090812_mp4-5_jpg.rf.afde9371e16f28dff9c992fcef9b801e.jpg,640,640
VID_20230814_090812_mp4-5_jpg.rf.f16391dfbccef978433d89baa9130a84.jpg,640,640
VID_20230814_090812_mp4-6_jpg.rf.09792b3d8be924d0a13397a152f505bd.jpg,640,640
VID_20230814_090812_mp4-6_jpg.rf.4d3d6cf828a38a224a07b440098221eb.jpg,640,640
VID_20230814_090812_mp4-6_jpg.rf.f91a4f2a23e139092e9feeb0edeadc39.jpg,1080,1920
VID_20230814_090812_mp4-7_jpg.rf.15843953ee5a4cdc1994dc444eb5f6fd.jpg,640,640
VID_20230814_090812_mp4-7_jpg.rf.2ffead866ced7017829dbb0c9ac854ae.jpg,1080,1920
VID_20230814_090812_mp4-7_jpg.rf.c7abd56815c940a6aa3cd5139b04e045.jpg,640,640
VID_20230814_090812_mp4-8_jpg.rf.07ada7e91c20792d638c17a962ae5580.jpg,1080,1920
VID_20230814_090812_mp4-8_jpg.rf.0cf9c8e64a5684943c933fd98d1ce4d2.jpg,640,640
VID_20230814_090812_mp4-8_jpg.rf.16d9b41e50d22d4bfe12a9a204cf7097.jpg,640,640
VID_20230814_090812_mp4-9_jpg.rf.5e72c00c753db645ebe7ff35a3cc8ef5.jpg,640,640
VID_20230814_090812_mp4-9_jpg.rf.6610c224ab65eb18374cf6b7ee975c16.jpg,1080,1920
VID_20230814_090812_mp4-9_jpg.rf.ab442def8f9ebebedd667354c9369649.jpg,640,640
WA001flip_output_jpg.rf.046daadd6264d810e730de83880dd95a.jpg,640,640
WA001flip_output_jpg.rf.0df161aecd730eabcccb2ef59a8042a8.jpg,640,640
WA001flip_output_jpg.rf.124c22e88aa326145b87de0c3b8e7ba5.jpg,640,640
WA001flip_output_jpg.rf.42d873b26e9a058380e5e2137d9bc2f0.jpg,640,640
WA001flip_output_jpg.rf.64d64d1c41e52f145809290369ff7676.jpg,640,640
WA001flip_output_jpg.rf.75f2452788d031c833a6e046a187f901.jpg,640,640
WA001flip_output_jpg.rf.90ee34dfa73b4bf1b5d48d1229d4f32c.jpg,640,640
WA001flip_output_jpg.rf.a4e3d45cc1944fd70a632ee728a21759.jpg,640,640
WA001flip_output_jpg.rf.aa8b990a1d3b2bc05b62355f2b4c1a05.jpg,640,640
WA001flip_output_jpg.rf.b92fe3c91f5703038118b9d62d5ec4b7.jpg,640,640
WA001flip_output_jpg.rf.bd82f54cc7512bcebfbd930b1f12beb5.jpg,640,640
WA001flip_output_jpg.rf.f714ba11ea071800a6cad459e80f2152.jpg,640,640
WA001flip_output_jpg.rf.fbeb2958e25840477b06b5eac8ef335f.jpg,640,640
wall-gcc8f445f1_1280_png_jpg.rf.8911110ec9d9fb5c26f1430e191f7a5f.jpg,416,416
wall-gcc8f445f1_1280_png_jpg.rf.c1b020a95316761b8abb977caa77d876.jpg,416,416
WhatsApp-Image-2023-09-23-at-10-51-51_jpeg_jpg.rf.a8cf0bfca18acc0b230a5d5a2066d524.jpg,640,640
WhatsApp-Image-2023-09-23-at-10-51-52-1-_jpeg_jpg.rf.346f818831bf3667d9ebbe4a33060a10.jpg,640,640
WhatsApp-Image-2023-09-23-at-10-51-52_jpeg_jpg.rf.9695d979b2294f9e3b4ef2d11d8b9e56.jpg,640,640
wood-stair-1315138361flip_output_jpg.rf.3e09d888674e175d85f45ec81051baa4.jpg,640,640
wood-stair-1315138361flip_output_jpg.rf.dafb498ad5ef9e381e70c9feb40e8389.jpg,640,640
wood-stair-1315138361flip_output_jpg.rf.e007b89165810b98c5532052f7354d67.jpg,640,640
wood-stair-1315138361flip_output_jpg.rf.f70913b90e5411c2a30307fd3c2afa9e.jpg,640,640
wood-stair-1315138361_output_jpg.rf.1d152a7619f7834984d9c2cc00955c62.jpg,640,640
wood-stair-1315138361_output_jpg.rf.29a0180434fe44165028dd9d3ca1a692.jpg,640,640
wood-stair-1315138361_output_jpg.rf.35d3f47c3c5be32c4497159ab982fec2.jpg,640,640
wood-stair-1315138361_output_jpg.rf.3a8bb8ab3f3f02b88b6b43853483e82b.jpg,640,640
wood-stair-1315138361_output_jpg.rf.466bb7377a6dbe5862dbdf62f98dcdc9.jpg,640,640
wood-stair-1315138361_output_jpg.rf.4d803c4a09718d492fc3b1ddcd797944.jpg,640,640
wood-stair-1315138361_output_jpg.rf.5f0d61bafddf0b9ceef88dd6a3497367.jpg,640,640
wood-stair-1315138361_output_jpg.rf.65e8de36b9c3b0c217187ae5a242e9d4.jpg,640,640
wood-stair-1315138361_output_jpg.rf.6daffc3ab396db8b32fe7a20a4a7e9ee.jpg,640,640
wood-stair-1315138361_output_jpg.rf.79367d3e5bea3e743f7ef3e744ed52c4.jpg,640,640
wood-stair-1315138361_output_jpg.rf.967b9cd821bd45f5ede06ec1f9816dcd.jpg,640,640
wood-stair-1315138361_output_jpg.rf.9d8eea3aa780f6cb643930f28dc29609.jpg,640,640
wood-stair-1315138361_output_jpg.rf.b70b87f95ad050c14f2c01e700f393e2.jpg,640,640
youtube-0_jpg.rf.0c2db6007b6381232ef3e025b7909076.jpg,640,640
youtube-107_jpg.rf.f796c4036a5da25888290f42acc161a8.jpg,640,640
youtube-108_jpg.rf.e04bcbd50d1a9a4b4b9a41712e2c38a6.jpg,640,640
youtube-110_jpg.rf.6fb521623906e1852c5ad4afa1ea07c4.jpg,640,640
youtube-111_jpg.rf.e073446fc16910619308170b1a030153.jpg,640,640
youtube-113_jpg.rf.19b9371fe21785485d537abd3f600a70.jpg,640,640
youtube-114_jpg.rf.db840a42b5b57e78e867010942afee1f.jpg,640,640
youtube-115_jpg.rf.6038a4a007eeac6521e8515bb58c0ced.jpg,640,640
youtube-117_jpg.rf.6ee5d6dd64d2756feb516356a64901af.jpg,640,640
youtube-118_jpg.rf.c74fd0a3dbbeee0872f4e913a6def2e7.jpg,640,640
youtube-120_jpg.rf.be3de4aae81f4d904415da0bffb743a9.jpg,640,640
youtube-123_jpg.rf.05e0729c27b427f7ea4cf90157a7986d.jpg,640,640
youtube-124_jpg.rf.8d29c79665d28c9373ef4fe07b0dfb70.jpg,640,640
youtube-126_jpg.rf.96e2433aad5b5b4431f944f406f0419a.jpg,640,640
youtube-127_jpg.rf.3dfbd9cae8e04b5284fb209fb692fa82.jpg,640,640
youtube-129_jpg.rf.e564c1d85d35de9dbf874a5f9e3ac448.jpg,640,640
youtube-129_jpg.rf.fbf107ffb9bc4b1ac00cc637252b2bf8.jpg,640,640
youtube-12_jpg.rf.915e54bde541ddc6a84a1b35208bbc5a.jpg,640,640
youtube-135_jpg.rf.fbb840a668dbcdf5bb30702e6c585f9c.jpg,640,640
youtube-138_jpg.rf.49fff3c7105be66873982f15cf34712c.jpg,640,640
youtube-139_jpg.rf.40ad72c55c864310c8f9a70045604076.jpg,640,640
youtube-149_jpg.rf.aa8e4e74ff639ea5367ce22ed0016e26.jpg,640,640
youtube-14_jpg.rf.85f1c5ee7253011b356d6e5bd9a408da.jpg,640,640
youtube-159_jpg.rf.1d1786630d0be1d28116412462417e90.jpg,640,640
youtube-159_jpg.rf.47a1ae30948cf4388638a98decf326b3.jpg,640,640
youtube-15_jpg.rf.9c094156ea1c06b02fefd1e8725a904e.jpg,640,640
youtube-15_jpg.rf.d6bb3820d1e7f582245981505d7b8e61.jpg,640,640
youtube-160_jpg.rf.bf8c498619df697fccb5d1704bd70056.jpg,640,640
youtube-163_jpg.rf.464a90b1af35d2aacce64558aa59e7fd.jpg,640,640
youtube-163_jpg.rf.7afe4eb2a94ebc4c6938acc324e27235.jpg,640,640
youtube-16_jpg.rf.071398b3a2160f5138a5a29555e4ea08.jpg,640,640
youtube-16_jpg.rf.e564add0f91a4e83bb520eba2eaf2fe3.jpg,640,640
youtube-177_jpg.rf.0790fc298eec7467dc2cf45cdabb037d.jpg,640,640
youtube-177_jpg.rf.92de7cea6ad70fbf59ab80282af67e74.jpg,640,640
youtube-179_jpg.rf.8f4afb9c95d9ee608eb3f06282470540.jpg,640,640
youtube-17_jpg.rf.6e773431b60cd53118d19265f8d1774c.jpg,640,640
youtube-180_jpg.rf.a02bd467abf6a8295b78be391e96b810.jpg,640,640
youtube-185_jpg.rf.c82c46463f5397fa441b13467dc3d2ef.jpg,640,640
youtube-186_jpg.rf.4ac3f9e998cf7ac108450a19a654d733.jpg,640,640
youtube-187_jpg.rf.0ee57937096744fed8e652757054040b.jpg,640,640
youtube-187_jpg.rf.bdaa0b442b4754fed323978c5f36af53.jpg,640,640
youtube-188_jpg.rf.41edae7ace385dfcc39e87b2c3a3516a.jpg,640,640
youtube-18_jpg.rf.0021d1775116e525f3e6f9ff34a1c2b1.jpg,640,640
youtube-18_jpg.rf.84d997423ad0fea83ed1c55b78306251.jpg,640,640
youtube-18_jpg.rf.99dfea8bd93becdc4c716199c0b32e46.jpg,640,640
youtube-18_jpg.rf.f6e51b8acca8ddc6b0f8fff0956dc862.jpg,640,640
youtube-198_jpg.rf.93469c5478005765e7bfc5478d5af7ba.jpg,640,640
youtube-198_jpg.rf.b6a7e6221608d8c6477e0b1765e6b384.jpg,640,640
youtube-1_jpg.rf.f1da549c9d4cfac3444129cbccc77c24.jpg,640,640
youtube-1_jpg.rf.ff553648f2bfdb1c2213c4ba6a46c4e7.jpg,640,640
youtube-202_jpg.rf.821e460d7e50982a5fb2bfd0b5090eba.jpg,640,640
youtube-206_jpg.rf.1ecc80f2b4c516526be31e698c98712c.jpg,640,640
youtube-20_jpg.rf.4a5b353dccec3399338e3c9113b3bcce.jpg,640,640
youtube-20_jpg.rf.7a25f1fdae5438ea59080be5979dc9bf.jpg,640,640
youtube-21_jpg.rf.b10a6f3c1ec8b970ce96c3dfc8b9dc4f.jpg,640,640
youtube-22_jpg.rf.28f395f2c63b60433954d98a0cbc56d5.jpg,640,640
youtube-22_jpg.rf.dae1156761407c6bc2ab3953fec2523b.jpg,640,640
youtube-23_jpg.rf.726e9c4fd57388eafa88e106315def5b.jpg,640,640
youtube-24_jpg.rf.47d9a38da525859906e2993fc02c231e.jpg,640,640
youtube-257_jpg.rf.0b41cd0dd879bd9660d8d02bd4d5f3a3.jpg,640,640
youtube-257_jpg.rf.296a0dab7be65487f7c983929318c50b.jpg,640,640
youtube-257_jpg.rf.5d9b523f7a020c0e7209848390ac005e.jpg,640,640
youtube-258_jpg.rf.c485c65fd33a179406d21bed30132477.jpg,640,640
youtube-263_jpg.rf.8820f27ebe84191f19671787343e6813.jpg,640,640
youtube-268_jpg.rf.4876cca31ba2e2fde23d10951582215e.jpg,640,640
youtube-269_jpg.rf.0ebddbeb398359ec5159d5a4de32dbce.jpg,640,640
youtube-270_jpg.rf.8df316a2b06f362adb82728cfdb4d3d2.jpg,640,640
youtube-271_jpg.rf.24479e283175b791e27183df98969ff4.jpg,640,640
youtube-272_jpg.rf.55754841eb0108474467442cafba0f65.jpg,640,640
youtube-272_jpg.rf.9dd0c2eadec8daef735f428c9d7dc420.jpg,640,640
youtube-272_jpg.rf.c200b39b5b0c65b79a53725f68493ba0.jpg,640,640
youtube-273_jpg.rf.430fceef31e825357a89de2afbb5e176.jpg,640,640
youtube-273_jpg.rf.5d596322739966da70a1028be00a3ec1.jpg,640,640
youtube-276_jpg.rf.798736d94a456a658339bd14f2d90fbd.jpg,640,640
youtube-27_jpg.rf.ba50b9cc7ff627c8e60c15712d40bdaf.jpg,640,640
youtube-290_jpg.rf.0e0949276a8d130854e8c80ca9b79b6c.jpg,640,640
youtube-299_jpg.rf.30ccca6cf1e40d801e34d7f767d2a774.jpg,640,640
youtube-2_jpg.rf.740742da3cb2b746b5e83ce29e115fb8.jpg,640,640
youtube-300_jpg.rf.d936fab1fcd5cb48f184aff545fe5e5e.jpg,640,640
youtube-30_jpg.rf.681630f69b86ce1e15b51cd0b2bc468e.jpg,640,640
youtube-311_jpg.rf.55ef928d330378df76c06a2f7f5ba64b.jpg,640,640
youtube-313_jpg.rf.284b52db6cde68ea16c9f612a5a0af39.jpg,640,640
youtube-35_jpg.rf.99ebff0ee9b8aba309359ef49b2aead0.jpg,640,640
youtube-396_jpg.rf.7abb995cfaaef52a33ecc10b3b9dcf58.jpg,640,640
youtube-397_jpg.rf.20cab8f296c8679f5fd0f0762b363240.jpg,640,640
youtube-3_jpg.rf.04af37068fe9634268a2af2018e23d83.jpg,640,640
youtube-42_jpg.rf.5d68bb596ab4165b0e6d44804e1de266.jpg,640,640
youtube-44_jpg.rf.eb70c90de0d617586a06589ae33f9d9e.jpg,640,640
youtube-46_jpg.rf.a109ad31630bf351b89d404fa46ceab7.jpg,640,640
youtube-49_jpg.rf.0b7be445cce7fa0211a5513d65b05eaf.jpg,640,640
youtube-4_jpg.rf.36a9c61eaa1d4c333b08c5083ad9cc16.jpg,640,640
youtube-4_jpg.rf.4ebaddca80b7ae180139254966d784da.jpg,640,640
youtube-4_jpg.rf.8798caa8ce970c92ce816eddccbb9204.jpg,640,640
youtube-50_jpg.rf.80564bb9d6bcf211a5fb97d9034acb6c.jpg,640,640
youtube-51_jpg.rf.576daaff299500e66135d5b87863e7ad.jpg,640,640
youtube-53_jpg.rf.b59d52f812481dd5a89fc40861235739.jpg,640,640
youtube-5_jpg.rf.66e5cee5decf864d0e482a32e1600ca4.jpg,640,640
youtube-5_jpg.rf.a9b1f0750dbab36fa23a600dc4c47b60.jpg,640,640
youtube-66_jpg.rf.87baec20707a3532c25d9bf86ee3ec1a.jpg,640,640
youtube-67_jpg.rf.5c410589765dc0544f945786e749a191.jpg,640,640
youtube-68_jpg.rf.402e83fb2e88423798633d22c908d0f8.jpg,640,640
youtube-68_jpg.rf.de0820ee0cc5972542492e85eb629200.jpg,640,640
youtube-6_jpg.rf.1e49e93f3a53b32d06002db38d35c690.jpg,640,640
youtube-6_jpg.rf.2f2749758eb37cbfae5a84a4ce0c241a.jpg,640,640
youtube-6_jpg.rf.fe5a7d427a5eea3f2b2717717534990f.jpg,640,640
youtube-71_jpg.rf.1fdf84539782d6c6442db431f1be16db.jpg,640,640
youtube-71_jpg.rf.26fce1ccc3eba975a59b75200ac8591f.jpg,640,640
youtube-71_jpg.rf.3aed28f9b3289e5b2bdbff2e2c0aa576.jpg,640,640
youtube-72_jpg.rf.544453c7b34b29b5ee763a60a21697c0.jpg,640,640
youtube-72_jpg.rf.6a593404fe997920070e85bd43438644.jpg,640,640
youtube-74_jpg.rf.3a21c1ac4fb512ebe69c1d330b972390.jpg,640,640
youtube-78_jpg.rf.02bf841e417ecb03aff245e1efd7a1df.jpg,640,640
youtube-87_jpg.rf.1fff99f6b06a685c444c8f14fb90b479.jpg,640,640
youtube-88_jpg.rf.f9cb51bf35dbecf8c2fbc767058e3b1f.jpg,640,640
youtube-94_jpg.rf.62a583477710e78c280188e44748643e.jpg,640,640
youtube-98_jpg.rf.9dc990a10f6e4458e2b9a279a5909476.jpg,640,640
youtube-99_jpg.rf.3d037904ee5ba0489b2ab549a8cbcf8c.jpg,640,640
